tag;Русский;English;中文;Deutsch;Español;Français;Italiano;Português;Polski;Türkçe;Čeština
;;;;;;;;;;;
;dialog_answer;dialog_answer;dialog_answer;dialog_answer;dialog_answer;dialog_answer;dialog_answer;dialog_answer;dialog_answer;dialog_answer;dialog_answer
;;;;;;;;;;;
Verren_return;*Слушать дальше*;*Keep listening*;*相槌を打つ*;*Hör weiter zu*;*Seguir escuchando*;;*Continua ad ascoltare*;*Continuar ouvindo*;*Słuchaj dalej*;*Dinlemeye devam et*;*Poslouchat dál*
Verren_continue;*Продолжить*;*Continue*;*続ける*;*Weiter*;*Continuar*;;*Continua*;*Continuar*;*Kontynuuj*;*Devam*;*Pokračovat*
Verren_back;Что ещё расскажешь?;What else can you tell me?;他に何か話せることはないか？;Was kannst du mir noch erzählen?;¿Qué más puedes contarme?;;Cos'altro puoi dirmi?;O que mais pode me dizer?;Co jeszcze możesz mi powiedzieć?;Başka ne söyleyebilirsin?;Co mi ještě můžeš říct?
;;;;;;;;;;;
custom_return;*Слушать дальше*;*Keep listening*;*相槌を打つ*;*Hör weiter zu*;*Seguir escuchando*;;*Continua ad ascoltare*;*Continuar ouvindo*;*Słuchaj dalej*;*Dinlemeye devam et*;*Poslouchat dál*
custom_reward;Я за наградой.;I'm here about my reward.;報酬の件で来た。;Ich bin wegen meiner Belohnung hier.;Estoy aquí por mi recompensa.;;Sono qui per la mia ricompensa.;Estou aqui pela minha recompensa.;Jestem tu po nagrodę.;Ödülüm için buradayım.;Jsem tu kvůli své odměně.
custom_agree;По рукам.;Deal.;よし、取引しよう。;Abgemacht.;Trato hecho.;;Affare fatto.;Negócio fechado.;Stoi.;Anlaştık.;Platí.
custom_think;Мне надо это обдумать.;I need more time to consider.;もう少し考えたい。;Ich brauche mehr Zeit zum Nachdenken.;Necesito tiempo para pensarlo.;;Ho bisogno di tempo per pensarci.;Eu preciso de mais tempo para pensar.;Potrzebuję czasu, by to rozważyć.;Düşünmek için zamana ihtiyacım var.;Potřebuju více času na rozmyšlenou.
custom_advance;Что насчёт аванса?;How about an advance?;何かアドバイスは？;Wie wäre es mit einem Vorschuss?;¿Y qué tal un anticipo?;;Che ne dici di un piccolo anticipo?;Que tal um adiantamento?;Co powiesz o podwyżce?;Peki ya avans?;A co bude se zálohou?
custom_bounty_complete;Контракт "%contract_name%" выполнен.;%contract_name% has been fulfilled.;"%contract_name%"は達成した。;%contract_name% wurde erfüllt.;He completado "%contract_name%".;;Ho completato un contratto: "%contract_name%".;O contrato "%contract_name%" foi concluído.;%contract_name% został zakończony.;%contract_name% yerine getirildi.;Smlouva "%contract_name%" byla splněna.
custom_dungeon_complete;%dungeon_name% зачищен.;%dungeon_name% is cleared out.;%dungeon_name%を一掃したぞ。;%dungeon_name% ist gesichert.;He liberado aquel sitio, %dungeon_name%.;;Ho liberato un'area: %dungeon_name%.;%dungeon_name% está livre de inimigos.;%dungeon_name% oczyszczono z przeciwników.;%dungeon_name% temizlendi.;%dungeon_name% je vyčištěn.
custom_rent_room;Я хочу снять комнату. [позволяет сохранить игру];I want to rent a room. [allows to save the game];部屋を借りたい。 [ゲームのセーブが可能];Ich möchte einen Raum mieten. [Erlaubt das Speichern des Spiels];Quiero alquilar un aposento. [Permite guardar la partida];;Vorrei affittare una stanza. [permette di salvare la partita];Quero alugar um quarto. [permite salvar o jogo];Chcę wynająć pokój. [pozwala na zapis gry];Bir oda kiralamak istiyorum. [oyunu kaydetmeni sağlar];Chci si pronajmout pokoj. [umožňuje uložit hru]
custom_continue;*Продолжить разговор*;*Continue the conversation*;*会話を続ける*;*Fortfahren*;*Continuar*;;*Continua la conversazione*;*Continuar a conversa*;*Kontynuuj rozmowę*;*Sohbete devam et*;*Pokračovat v rozhovoru*
custom_chat;Чего интересного расскажешь?;Heard anything interesting?;何か面白い話はあるか？;Etwas Interessantes gehört?;¿Has oído algo interesante?;;Che si dice in giro?;Ouviu algo interessante?;Coś ciekawego w okolicy?;İlginç bir şey duydun mu?;Slyšel jsi něco zajímavého?
custom_work;Есть какие-то контракты?;Are there any contracts?;何か契約はないか？;Gibt es irgendwelche Aufträge?;¿Hay algún contrato?;;Hai qualche contratto per me?;Tem algum contrato?;Są jakieś zlecenia?;Herhangi bir sözleşme var mı?;Máš nějakou Smlouvu?
custom_trade;Есть что на продажу?;What are you selling?;売り物を見せて欲しい。;Was verkaufst du?;¿Qué vendes?;;Che cosa vendi?;O que tem pra vender?;Pokażesz mi swoje towary?;Ne satıyorsun?;Co prodáváš?
custom_leave;Прощай.;Farewell.;さようなら。;Lebewohl.;Adiós.;;Addio.;Adeus.;Żegnaj.;Elveda.;Nashledanou.
custom_this_place;Расскажи про вашу деревню.;Tell me about your village.;村のことについて聞きたい。;Erzähl mir von deinem Dorf.;Cuéntame sobre tu pueblo.;;Parlami di questo villaggio.;Me fale sobre sua vila.;Opowiedz mi o wiosce.;Köyün hakkında bilgi ver.;Řekni mi o tvé vesnici.
custom_back;Я хочу кое-что уточнить.;I need to ask something else.;他に聞きたいことがある。;Ich muss noch etwas anderes fragen.;Tengo que preguntarte sobre otra cosa.;;Vorrei chiederti qualcos'altro.;Preciso perguntar outra coisa.;Chcę zapytać o coś innego.;Başka bir şey sormam gerek.;Potřebuji se zeptat na něco jiného.
;;;;;;;;;;;
Jorgrim_return;*Слушать дальше*;*Keep listening*;*相槌を打つ*;*Hör weiter zu*;*Seguir escuchando*;;*Continua ad ascoltare*;*Continuar ouvindo*;*Słuchaj dalej*;*Dinlemeye devam et*;*Poslouchat dál*
Jorgrim_reward;Гони награду.;Hand over my reward.;報酬を寄越せ。;Her mit meiner Belohnung;Dame mi recompensa.;;Dammi la mia ricompensa.;Entregue minha recompensa.;Oczekuję nagrody.;Ödülümü ver.;Předej mi odměnu.
Jorgrim_agree;Ävdaal. Мне подходит.;Ävdaal. This will do.;やってやろう。;Ävdaal. Das wird genügen.;Ävdaal. Entendido.;;Ävdaal. Così può andare.;Ävdaal. Isso é o bastante.;Ävdaal. To załatwi sprawę.;Ävdaal. Bu iş görür.;Ävdaal. Udělám to.
Jorgrim_think;Igg sikker... Надо обдумать.;Igg sikker... I need to think it through.;ちょっと考えるから待て。;Igg sikker... Ich muss es überdenken.;Igg sikker... Debo pensarlo.;;Igg sikker... ci devo pensare.;Igg sikker... Eu preciso pensar sobre isso.;Igg skikker... Muszę to przemyśleć.;Igg sikker... Bunu düşünmem gerek.;Igg sikker... Potřebuji si to promyslet.
Jorgrim_advance;Золото вперёд, venn.;Gold first, venn.;金が先だ。;Zuerst das Gold, venn.;Primero el oro, venn.;;Prima fammi vedere i soldi, venn.;Primeiro o ouro, venn.;Najpierw złoto, wenn.;Önce altın, venn.;Nejdřív zlato, venn.
Jorgrim_bounty_complete;Контракт "%contract_name%"... Я справился.;The contract, "%contract_name%"... It's fulfilled.;契約の、"%contract_name%"……だったか、終わったぞ。;Der Auftrag, "%contract_name%"... Er wurde erfüllt.;El contrato, "%contract_name%"... Fue cumplido.;;Quel contratto, "%contract_name%"... l'ho completato.;O contrato "%contract_name%"... Está concluído.;Kontrakt, "%contract_name%"... jest skończony.;Sözleşme, "%contract_name%"... Tamamlandı.;Smlouva "%contract_name%" ... je splněna.
Jorgrim_dungeon_complete;%dungeon_name% пустует, blöddanar. Я убил всех.;%dungeon_name% is empty now, blöddanar. I killed them all.;%dungeon_name%は綺麗になった。全員殺してやった。;%dungeon_name% ist jetzt leer, blöddanar. Ich habe alle getötet.;Ya nada merodea en %dungeon_name%, blöddanar. Los maté a todos.;;Quel posto, %dungeon_name%, ora è sicuro, blöddanar. Ho ucciso tutti.;%dungeon_name% está limpa agora, blöddanar. Eu matei todos.;%dungeon_name% wyczyszczono, blöddanar. Wszyscy nie żyją.;%dungeon_name% artık boş, blöddanar. Hepsini öldürdüm.;%dungeon_name% je teď prázdný, blöddanar. Všechny jsem je zabil.
Jorgrim_rent_room;Пусти переночевать. [позволяет сохранить игру];I need a bunk. [allows to save the game];ベッドを借りるぞ。[ゲームのセーブが可能];Ich brauche ein Bett. [Erlaubt es, das Spiel zu speichern];Necesito echarme un rato. [Permite guardar la partida];;Mi serve una branda. [permette di salvare la partita];Preciso de uma cama. [permite salvar o jogo];Potrzebne mi łoże. [pozwala na zapis gry];Bir ranzaya ihtiyacım var. [oyunu kaydetmeni sağlar];Potřebuju postel. [umožňuje uložit hru]
Jorgrim_continue;*Продолжить разговор*;*Keep listening*;*相槌を打つ*;*Hör weiter zu*;*Seguir escuchando*;;*Continua ad ascoltare*;*Continuar ouvindo*;*Słuchaj dalej*;*Dinlemeye devam et*;*Poslouchat dál*
Jorgrim_chat;Выкладывай новости.;Tell me the rumors.;噂を教えろ。;Erzähle mir aktuellen Gerüchten.;Cuéntame los rumores.;;Che si dice in giro?;Me conte os rumores.;Opowiedz mi plotki.;Söylentileri anlat.;Řekni mi drby.
Jorgrim_work;Хочу подзаработать, elräd.;I'm looking for work, elräd.;仕事はないか？;Ich suche nach Arbeit, elräd.;Busco trabajo, elräd.;;Sto cercando lavoro, elräd.;Estou procurando trabalho, elräd.;Szukam roboty, elräd.;İş arıyorum, elräd.;Hledám práci, elräd.
Jorgrim_trade;Покажи товар.;Show me your goods.;売り物を見せろ。;Zeige mir deine Waren.;Muéstrame lo que tienes.;;Mostrami la tua merce.;Deixe-me suas mercadorias.;Pokaż mi swoje klamoty.;Bana mallarını göster.;Ukaž mi tvé zboži.
Jorgrim_leave;*Уйти*;*Walk away*;*立ち去る*;*Geh weg*;*Irse*;;*Vattene*;*Ir embora*;*Odejdź*;*Uzaklaş*;*Odejít*
Jorgrim_this_place;Расскажи про деревню.;Tell me about this village.;村について教えろ。;Erzähl mir von diesem Dorf.;Cuéntame sobre este lugar.;;Parlami di questo villaggio.;Me fale sobre esta vila.;Gadaj no, co we wsi.;Köy hakkında bilgi ver.;Pověz mi o této vesnici.
Jorgrim_back;Forstatt. Ясно.;Forstatt. I see.;じゃあまたな。;Forstatt. Ich sehe.;Forstatt. Ya veo.;;Forstatt. Capisco.;Forstatt. Eu entendo.;Forstatt. Rozumiem.;Forstatt. Anlaşıldı.;Forstatt. Chápu.
;;;;;;;;;;;
Arna_return;*Слушать дальше*;*Keep listening*;*相槌を打つ*;*Hör weiter zu*;*Seguir escuchando*;;*Continua ad ascoltare*;*Continuar ouvindo*;*Słuchaj dalej*;*Dinlemeye devam et*;*Poslouchat dál*
Arna_reward;Я пришла за наградой.;I'm here for my reward.;報酬を頂きに上がりました。;Ich bin wegen meiner Belohnung hier.;Estoy aquí por mi recompensa.;;Sono qui per la mia ricompensa.;Estou aqui pela minha recompensa.;Jestem po nagrodę.;Ödülüm için buradayım.;Jsem tu pro svou odměnu.
Arna_agree;Договорились.;Deal.;やりましょう。;Abgemacht.;De acuerdo.;;Affare fatto.;Negócio fechado.;Układ.;Anlaştık.;Beru to.
Arna_think;Нужно поразмыслить.;I need more time to consider.;もう少し考えさせてください。;Ich brauche mehr Zeit zum Nachdenken.;Necesito considerarlo mejor.;;Ho bisogno di più tempo per decidere.;Eu preciso de mais tempo para pensar.;Potrzebuję czasu do namysłu.;Düşünmek için zamana ihtiyacım var.;Potřebuji více času na rozmyšlenou.
Arna_advance;Мне нужен аванс.;I'll need an advance.;前金を頂きます。;Dafür möchte ich einen Vorschuss.;Necesitaré un adelanto en el pago.;;Avrò bisogno di un anticipo.;Vou precisar de um adiantamento.;Potrzebna mi podwyżka.;Avansa ihtiyacım var.;Potřebuji zálohu předem.
Arna_bounty_complete;Я справилась с контрактом "%contract_name%".;I was successful at fulfilling "%contract_name%".;"%contract_name%"を完了しました。;Ich habe den Auftrag "%contract_name%" erfolgreich erfüllt.;Completé "%contract_name%" con éxito.;;Ho completato un contratto: "%contract_name%".;Tive sucesso em concluir "%contract_name%".;Udało mi się ukończyć "%contract_name%".;%contract_name%, başarıyla tamamladım.;Úspěšně jsem splnila "%contract_name%".
Arna_dungeon_complete;%dungeon_name% больше вас не побеспокоит.;%dungeon_name% won't bother you anymore.;%dungeon_name%に悩まされることはなくなるでしょう。;%dungeon_name% wird dich nicht mehr stören.;El lugar conocido como "%dungeon_name%" es cosa del pasado.;;Quel luogo, %dungeon_name%... non vi causerà più alcun problema;%dungeon_name% não vai mais te incomodar.;%dungeon_name% nie stanowi już problemu.;%dungeon_name%, artık seni rahatsız etmeyecek.;%dungeon_name% už vás nebude obtěžovat.
Arna_rent_room;Я хочу остановиться на ночь. [позволяет сохранить игру];I'd like to stay here for the night. [allows to save the game];一晩泊めていただきたいのですが。 [ゲームのセーブが可能];Ich würde gerne hier übernachten. [Erlaubt es, das Spiel zu speichern];Me gustaría pasar la noche aquí. [Permite guardar la partida];;Vorrei alloggiare qui per la notte. [permette di salvare la partita];Eu gostaria de passar a noite. [permite salvar o jogo];Chciałabym zostać tu na noc. [pozwala na zapis gry];Gece burada kalmak istiyorum. [oyunu kaydetmeni sağlar];Chtěla bych tu zůstat přes noc. [umožňuje uložit hru]
Arna_continue;*Продолжить разговор*;*Continue the conversation*;*会話を続ける*;*Fortfahren*;*Seguir conversando*;;*Continua la conversazione*;*Continuar a conversa*;*Kontynuuj rozmowę*;*Sohbete devam et*;*Pokračovat v rozhovoru*
Arna_chat;Что нового в ваших краях?;Anything interesting going on in these lands?;この辺りで何か面白い話はありませんか？;Passiert Interessantes in diesen Landen?;¿Ocurre algo interesante en estas tierras?;;Che succede di interessante da queste parti?;Algo de interessante acontecendo nessas terras?;Coś ciekawego dzieje się na tych ziemiach?;Buralarda ilginç bir şeyler oluyor mu?;Děje se v těchto zemích něco zajímavého?
Arna_work;Не нужна ли вам помощь?;Do you need any help?;お困りですか？;Brauchst du Hilfe?;¿Puedo ayudar en algo?;;Avete bisogno di aiuto?;Você precisa de ajuda?;Potrzebujesz w czymś pomocy?;Yardıma ihtiyacın var mı?;Potřebuješ nějak pomoc?
Arna_trade;Чем торгуешь?;What are you selling?;何を売っていますか？;Was verkaufst du?;¿Podría ver tu mercancía?;;Che cosa vendi?;O que tem pra vender?;Co sprzedajesz?;Ne satıyorsun?;Co prodáváš?
Arna_leave;В добрый час.;Good luck.;幸運を。;Viel Glück.;Buena suerte.;;Buona fortuna.;Boa sorte.;Powodzenia.;İyi şanslar.;Hodně štěstí.
Arna_this_place;Расскажи про вашу деревню.;Tell me about your village.;村のことについて教えてください。;Erzähl mir über dein Dorf.;Descríbeme tu pueblo.;;Parlami del tuo villaggio.;Me fale sobre sua vila.;Opowiedz mi o okolicy.;Köyün hakkında bilgi ver.;Pověz mi o své vesnici.
Arna_back;Занимательно.;Interesting.;興味深い。;Interessant.;Interesante.;;Interessante.;Interessante.;Rozumiem.;İlginç.;Zajímavé.
;;;;;;;;;;;
Dirwin_return;*Слушать дальше*;*Keep listening*;*相槌を打つ*;*Hör weiter zu*;*Seguir escuchando*;;*Continua ad ascoltare*;*Continuar ouvindo*;*Słuchaj dalej*;*Dinlemeye devam et*;*Poslouchat dál*
Dirwin_reward;Я за своей наградой.;I came for my reward.;報酬の件で来た。;Ich komme wegen meiner Belohnung.;Vine a cobrar mi recompensa.;;Sono qui per la mia ricompensa.;Vim pegar minha recompensa.;Przybywam po swój hajs.;Ödülüm için geldim.;Přišel jsem pro svojí odměnu.
Dirwin_agree;Лады, берусь.;All right, I'll do it.;了解した。やってみよう。;In Ordnung, ich mache es.;Bien, lo haré.;;Va bene, farò come chiedi.;Certo, eu farei isso.;Zgoda, zrobię to.;Tamam, yapacağım.;Dobře, udělám to.
Dirwin_think;Я это ещё обдумаю.;Let me think this through.;この件は考えさせてくれ。;Lass mich das mal überdenken.;Déjame pensarlo...;;Ho bisogno di pensarci sopra.;Deixe-me pensar sobre isso.;Trudna sprawa, przemyślę.;Bunu düşünmeme izin ver.;Nech mě si to promyslet.
Dirwin_advance;Без аванса тут никак.;Can't do it without an advance.;アドバイス無しでは無理だ。;Ohne Vorschuss läuft das nicht.;No puedo hacerlo sin un anticipo.;;Temo che avrò bisogno di un anticipo.;Não posso fazer isso sem um adiantamento.;Nie kiwnę palcem bez podwyżki.;Avans almadan yapamam.;Nemůžu to udělat bez zálohy.
Dirwin_bounty_complete;Помнишь контракт "%contract_name%"? Я справился.;Remember that contract, "%contract_name%"? It's done.;"%contract_name%"の契約について覚えているか？あれはもう完了した。;Erinnerst du dich an den Auftrag "%contract_name%"? Er ist erledigt.;¿Recuerdas aquel encargo, "%contract_name%"? Está hecho.;;Ricordi quel contratto, "%contract_name%"? Consideralo chiuso.;Lembra do contrato, "%contract_name%"? Está feito.;Pamiętasz ten kontrakt o nazwie "%contract_name%"? Zaliczony.;%contract_name% sözleşmesini hatırlıyor musun? Bitti.;Pamatuješ na tu smlouvu "%contract_name%"? Je to hotové.
Dirwin_dungeon_complete;Я зачистил %dungeon_name%. Теперь там чисто.;I cleared out %dungeon_name%. It should be safe now.;%dungeon_name%を一掃した。もう安全なはずだ。;Ich habe den Dungeon %dungeon_name% befriedet. Er sollte nun sicher sein.;Ya me encargué de ese lugar, %dungeon_name%. Ya es seguro.;;Ho ripulito una zona pericolosa, %dungeon_name%. Ora quell'area è sicura.;Eu matei todos em %dungeon_name%. Deve estar seguro agora.;%dungeon_name% dałem radę wyczyścić. Jest już tam bezpiecznie.;%dungeon_name%... temizledim. Artık güvenli sayılır.;Byl jsem v %dungeon_name% a vyčistil to tam. Mělo by to už být bezpečné.
Dirwin_rent_room;Мне нужен приют на ночь. [позволяет сохранить игру];I need to stay for the night. [allows to save the game];一晩ここに泊まらなければならないのだが。 [ゲームのセーブが可能];Ich würde gerne hier übernachten. [Erlaubt es, das Spiel zu speichern];Necesito pasar la noche. [Permite guardar la partida];;Ho bisogno di un posto dove trascorrere la notte. [permette di salvare la partita];Preciso passar a noite. [permite salvar o jogo];Potrzebuję kąta na noc. [pozwala na zapis gry];Geceyi burada geçirmem gerek. [oyunu kaydetmeni sağlar];Potřebuji zůstat přes noc. [umožňuje uložit hru]
Dirwin_continue;*Продолжить разговор*;*Continue the conversation*;*会話を続ける*;*Fortfahren*;*Seguir conversando*;;*Continua la conversazione*;*Continuar a conversa*;*Kontynuuj rozmowę*;*Sohbete devam et*;*Pokračovat v rozhovoru*
Dirwin_chat;Потолкуем?;How about a chat?;少し話をしよう。;Wie wäre es mit einem Schwatz?;¿Conversamos?;;Ti va di fare due chiacchiere?;Que tal uma pequena conversa?;Pogadamy?;Sohbete ne dersin?;Co si trochu popovídat?
Dirwin_work;Наёмник не нужен? Берусь за любое дело.;Do you need a mercenary? I'll take any job.;傭兵が必要か？どんな仕事でも受けるが。;Brauchst du einen Söldner? Ich nehme jede Arbeit.;¿Necesitas un mercenario? Acepto cualquier encargo.;;State cercando un mercenario? Accetterò qualsiasi lavoro.;Você precisa de um mercenário? Eu aceito qualquer trabalho.;Potrzeba najemnika? Wezmę każdą robotę.;Paralı askere ihtiyacın var mı? Ne iş olsa yaparım.;Potřebuješ žoldáka? Vezmu jakoukoliv práci.
Dirwin_trade;Покажи-ка товар.;Show me your wares.;売り物を見せてくれ。;Zeig mir deine Waren.;Muéstrame tus mercancías.;;Mostrami la tua merce.;Deixe-me ver seus produtos.;Pokaż mi swoje towary.;Bana sattıklarını göster.;Ukaž mi tvé zboží.
Dirwin_leave;Бывай.;See you.;またな。;Wir sehen uns.;Nos vemos.;;Ci vediamo.;Te vejo depois.;Narazie.;Görüşürüz.;Uvidíme se.
Dirwin_this_place;Чем живёт ваша деревенька?;Anything interesting about your village?;村について何か面白い話はないか？;Gibt es etwas Interessantes über dein Dorf zu erzählen?;¿Algo interesante sobre tu pueblo?;;Cosa puoi dirmi di interessante su questo villaggio?;Algo interessante sobre sua vila?;Coś ciekawego o tej zaplutej dziurze?;Köyün hakkında ilginç bir şey var mı?;Něco zajímavého o tvé vesnici?
Dirwin_back;Давай про другое.;Let's discuss something else.;他のことについて話そう。;Lass uns über etwas anderes reden.;Hablemos de otra cosa.;;Parliamo d'altro.;Quero discutir outra coisa.;Pogadajmy o czymś innym.;Başka bir şey konuşalım.;Pojďme probrat něco jiného.
;;;;;;;;;;;
Jonna_return;*Слушать дальше*;*Keep listening*;*相槌を打つ*;*Hör weiter zu*;*Seguir escuchando*;;*Continua ad ascoltare*;*Continuar ouvindo*;*Słuchaj dalej*;*Dinlemeye devam et*;*Poslouchat dál*
Jonna_reward;Я за наградой.;I'm here for the reward.;報酬の件で来たのだけど。;Ich bin wegen der Belohnung hier.;Estoy aquí por la recompensa.;;Sono qui per la mia ricompensa.;Estou aqui pela recompensa.;Przybyłam tu po nagrodę.;Ödülüm için buradayım.;Jsem tu kvůli odměně.
Jonna_agree;Ладно, так и быть.;So be it.;それでいいわ。;So sei es.;Que así sea.;;Così sia.;Então que seja.;Niech będzie.;Öyle olsun.;Dobře tedy.
Jonna_think;Мне нужно время на решение.;I need more time to make this decision.;決断するには少し時間が要る。;Ich brauche mehr Zeit, um eine Entscheidung zu treffen.;Necesito más tiempo para definir mi decisión.;;Non sono pronta a prendere questa decisione.;Preciso de mais tempo para tomar esta decisão.;Potrzeba mi czasu na decyzję.;Kararımı vermek için zamana ihtiyacım var.;Potřebuji víc času, abych se rozhodla.
Jonna_advance;Часть денег вперёд.;I need some gold in advance.;前金が必要ね。;Ich brauche etwas Gold im Voraus.;Necesito algo de oro por adelantado.;;Avrò bisogno di un anticipo.;Preciso de algum ouro adiantado.;Płać więcej.;Avans olarak biraz altına ihtiyacım var.;Potřebuji nějaké zlato předem.
Jonna_bounty_complete;Я выполнила контракт "%contract_name%".;%contract_name% is fulfilled.;"%contract_name%"は完了したわ。;%contract_name% ist ausgeführt.;He completado "%contract_name%".;;Ho completato un contratto: "%contract_name%".;%contract_name% está concluído.;%contract_name% jest wypełniony.;%contract_name% tamamlandı.;Smlouva "%contract_name%" byal splněna.
Jonna_dungeon_complete;Я очистила %dungeon_name% от врагов.;I cleared out %dungeon_name% from foes.;敵を倒して%dungeon_name%を一掃したわよ。;Ich habe %dungeon_name% von Feinden befreit.;Liquidé a los enemigos de ese lugar, %dungeon_name%.;;Ho ripulito %dungeon_name% da ogni minaccia.;Eu eliminei os inimigos da masmorra %dungeon_name%.;Oczyściłam %dunegon_name% z paskudztw.;%dungeon_name%... düşmanlardan temizledim.;%dungeon_name% jsem vyčistila od nepřátel.
Jonna_rent_room;Я хочу здесь переночевать. [позволяет сохранить игру];I want to stay here for the night. [allows to save the game];一夜をここで過ごしたいのだけど。[ゲームのセーブが可能];Ich würde gerne hier übernachten. [Erlaubt es, das Spiel zu speichern];Quiero pasar la noche aquí. [Permite guardar la partida];;Vorrei alloggiare qui per stanotte. [permette di salvare la partita];Quero passar a noite. [permite salvar o jogo];Potrzebne mi wygodne łóżko. [pozwala na zapis gry];Geceyi burada geçirmek istiyorum. [oyunu kaydetmeni sağlar];Chci tady zůstat přes noc. [umožňuje uložit hru]
Jonna_continue;*Продолжить разговор*;*Continue the conversation*;*会話を続ける*;*Fortfahren*;*Seguir conversando*;;*Continua la conversazione*;*Continuar a conversa*;*Kontynuuj rozmowę*;*Sohbete devam et*;*Pokračovat v rozhovoru*
Jonna_chat;Есть новости и слухи?;Any news or rumors?;何か小話や噂はない？;Irgendwelche Neuigkeiten oder Gerüchte?;¿Alguna noticia o rumor?;;Che si dice in giro?;Alguma notícia ou rumores?;Jakieś wieści lub plotki?;Haber veya söylentiler var mı?;Nějaké novinky nebo drby?
Jonna_work;Я не прочь подзаработать.;I don't mind some work.;仕事があるならやるわよ。;Ich hätte nichts gegen etwas Arbeit.;No vendría nada mal algún trabajito.;;Un po' di lavoro mi farebbe comodo.;Eu não me importo em trabalhar um pouco.;Nie pogardzę jakąś robotą.;Biraz iş sorun olmaz.;Nějaká práce by neuškodila.
Jonna_trade;Что продаёшь?;What are you selling?;何を売ってるの？;Was verkaufst du?;¿Vendes algo?;;Che cosa vendi?;O que tem pra vender?;Co sprzedajesz?;Ne satıyorsun?;Co prodáváš?
Jonna_leave;Ещё свидимся.;See you later.;また会いましょう。;Bis später.;Hasta luego.;;Ci vediamo più tardi.;Te vejo depois.;Do zobaczenia później.;Sonra görüşürüz.;Uvidíme se později.
Jonna_this_place;Расскажи про вашу деревню.;Tell me about your village.;村について聞かせて欲しいのだけど。;Erzähle mir von deinem Dorf.;Descríbeme tu pueblo.;;Parlami del tuo villaggio.;Me fale sobre sua vila.;Opowiedz mi o tym miejscu.;Köyün hakkında bilgi ver.;Řekni mi o tvé vesnici.
Jonna_back;Ладно.;All right.;わかったわ。;In Ordnung.;Bueno.;;Va bene.;Tudo bem.;Dobrze.;Pekala.;Dobře.
;dialog_answer_end;dialog_answer_end;dialog_answer_end;dialog_answer_end;dialog_answer_end;dialog_answer_end;dialog_answer_end;dialog_answer_end;dialog_answer_end;dialog_answer_end;dialog_answer_end