;Русский;English;中文;Deutsch;Español;Français;Italiano;Português;Polski;Türkçe;Čeština
;text;text;text;text;text;text;text;text;text;text;text
healthHover;Небольшое количество ~w~здоровья~/~ восстанавливается раз в ~w~$~/~ ходов.##Получение урона приостанавливает регенерацию.;A small portion of ~w~Health~/~ is restored every ~w~$~/~ turns.##Taking damage temporarily disrupts regeneration.;~w~$~/~ターンごとに少量の~w~体力~/~が回復する。##ダメージを受けると回復が一時的に中断する。;Ein kleiner Teil der ~w~Gesundheit~/~ wird alle ~w~$~/~ Runden regeneriert.##Wird Schaden erlitten, unterbricht das die Regeneration zeitweise.;Una pequeña porción de tu ~w~vida~/~ se regenera cada ~w~$~/~ turnos.##Recibir daño interrumpe esta regeneración temporalmente.;;Una piccola quantità di ~w~Salute~/~ viene ripristinata ogni ~w~$~/~ turni.##Subire danni interrompe momentaneamente la rigenerazione.;Uma pequena porção de ~w~Vida~/~ é recuperada a cada ~w~$~/~ turnos.##Receber dano interrompe temporariamente a regeneração.;Mała ilość ~w~Zdrowia~/~ jest odnowiona, co ~w~$~/~ tur.##Otrzymanie obrażeń tymczasowo zakłóca odnawianie.;Her ~w~$~/~ turda bir, az miktarda ~w~Can~/~ yenilenir.##Hasar almak, iyileşmeyi geçici olarak durdurur.;Malé množství ~w~zdraví~/~ ije obnoveno každých ~w~$~/~ tahů.##Obdržení poškození dočasně přeruší regeneraci.
healthThresholdHover;##Ваш ~w~порог здоровья~/~ понижен на ~r~$%~/~. Подлечите части тела, чтобы восстановить его.;##Your ~w~Max Health Threshold~/~ is reduced by ~r~$%~/~. Treat damaged body parts to restore it.;##~w~体力限界~/~が~r~$%~/~減少している。体の部位に受けたダメージを処置することでこの状態は回復する。;##Deine ~w~max. Gesundheitsschwelle~/~ ist um ~r~$%~/~ reduziert. Behandle verletzte Körperteile, um sie wiederherzustellen.;##Tu ~w~límite de vida máxima~/~ se redujo ~r~$%~/~. Para recuperarlo, deberás tratar tus partes del cuerpo heridas.;;##La tua ~w~Salute Massima~/~ è ridotta del ~r~$%~/~. Cura le parti del corpo ferite per aumentarla.;##Seu ~w~Limite Máx. de Vida~/~ é reduzido em ~r~$%~/~. Trate as partes do corpo feridas para restaurá-lo.;##Część ~w~Maksymalnego Zdrowia~/~ jest zmniejszona o ~r~$%~/~. Wylecz zranione lub uszkodzone części ciała, by zwiększyć Maksymalne Zdrowie.;##~w~Maks. Can Eşiği~/~ oranı ~r~$%~/~ azaldı. Geri kazanmak için yaralı uzuvları tedavi edin.;##Tvá ~w~hranice max. zdraví~/~ je snížena o ~r~$%~/~. Ošetři si zraněné části těla, aby jsi jí obnovil.
energyHover;Небольшое количество ~w~энергии~/~ восстанавливается раз в ~w~$~/~ ходов.##~w~Энергия~/~ необходима для использования умений и заклинаний.;A small portion of ~w~Energy~/~ is restored every ~w~$~/~ turns.##~w~Energy~/~ is required to use skills and cast spells.;~w~$~/~ターンごとに少量の~w~エネルギー~/~が回復する。##~w~エネルギー~/~はスキルの使用や魔術の詠唱に要求される。;Ein kleiner Teil der ~w~Energie~/~ wird alle ~w~$~/~ Runden regeneriert.##~w~Energie~/~ wird für den Einsatz von Fertigkeiten und für das Wirken von Zaubersprüchen benötigt.;Una pequeña porción de tu ~w~energía~/~ se regenera cada ~w~$~/~ turnos.##La ~w~energía~/~ es necesaria para usar habilidades y lanzar hechizos.;;Una piccola quantità di ~w~Energia~/~ viene ripristinata ogni ~w~$~/~ turni.##L'~w~Energia~/~ viene usata per attivare abilità ed incantesimi.;Uma pequena porção de ~w~Energia~/~ é recuperada a cada ~w~$~/~ turnos.##~w~Energia~/~ é necessária para usar habilidades e lançar feitiços.;Mała część ~w~Energii~/~ jest odnowiona, co ~w~$~/~ tur.##~w~Energia~/~ jest wymagana do używania Zdolności i Czarów.;Her ~w~$~/~ turda bir, az miktarda ~w~Enerji~/~ yenilenir.##Beceri ve büyüleri kullanmak için ~w~Enerji~/~ gerekir.;Malé množství ~w~rnergie~/~ je obnoveno každých ~w~$~/~ kol.##~w~Energie~/~ je potřeba pro používání dovedností a vyvolávání kouzel.
bodyPartNormalHover;Эта часть тела функционирует нормально.;This body part is functioning normally.;この部位は正常に機能している。;Dieser Körperteil funktioniert normal.;Esta parte del cuerpo está funcionando normalmente.;;Questa parte del corpo funziona normalmente.;Esta parte do corpo está saudável.;Ta część wygląda na zdrową.;Bu uzuv normal durumda.;Tato část těla je v pořádku.
bodyPartWoundedHover;Эта часть тела;This body part is;この部位は;Dieser Körperteil ist;Esta parte del cuerpo está;;Questa parte del corpo;Esta parte do corpo está;Ta część ciała;Bu uzuv;Tato část těla je
bodyPartThresholdHover;Её текущее состояние уменьшает ваш ~w~порог здоровья~/~ на ~r~$%~/~.;Its current condition reduces your ~w~Max Health Threshold~/~ by ~r~$%~/~.;現在の体調によって~w~体力限界~/~が~r~$%~/~減少している。;Sein aktueller Zustand reduziert deine ~w~max. Gesundheitsschwelle~/~ um ~r~$%~/~.;El estado actual de esta parte reduce tu ~w~límite de vida máxima~/~ un ~r~$%~/~.;;La sua attuale condizione riduce la tua ~w~Salute Massima~/~ del ~r~$%~/~.;A condição atual reduz seu ~w~Limite Máx. de Vida~/~ em ~r~$%~/~.;Aktualny stan części ciała wpływa na ~w~Maksymalne Zdrowie~/~ o ~r~$%~/~.;Mevcut kondisyonundan dolayı ~w~Maks. Can Eşiği~/~ oranı ~r~$%~/~ azaldı.;Její současný stav snižuje tvojí ~w~hranici max. zdraví~/~ o ~r~$%~/~.
;;;;;;;;;;;
healthHeader;Здоровье;Health;体力;Gesundheit;Vida;;Salute;Saúde;Zdrowie;Can;Zdraví
energyHeader;Энергия;Energy;エネルギー;Energie;Energía;;Energia;Energia;Energia;Enerji;Energie
conditionHeader;Состояние;Condition;状態;Zustand;Estado;;Integrità;Condição;Kondycja;Kondisyon;Stav
;;;;;;;;;;;
andWord;и;and;および;und;y;;e;e;I;ve;a
orWord;или;or;または;oder;o;;o;ou;lub;veya;nebo
stabilizedWord;~w~стабилизирована~/~;~w~stabilized~/~;~w~安定化した~/~;~w~stabilisiert~/~;~w~estabilizada~/~;;~w~è stabile~/~;~w~estabilizado~/~;~w~jest ustabilizowana~/~;~w~stabilize edilmiş~/~;~w~stabilizovaná~/~
woundedWord;~r~ранена~/~;~r~wounded~/~;~r~軽傷~/~;~r~verwundet~/~;~r~lastimada~/~;;~r~è ferita~/~;~r~ferido~/~;~r~jest uszkodzona~/~;~r~yaralanmış~/~;~r~zraněná~/~
injuredWord;~r~травмирована~/~;~r~injured~/~;~r~負傷~/~;~r~verletzt~/~;~r~herida~/~;;~r~è lesa~/~;~r~lesionado~/~;~r~jest zraniona~/~;~r~sakatlanmış~/~;~r~poškozená~/~
maimedWord;~r~изувечена~/~;~r~maimed~/~;~r~重傷~/~;~r~verstümmelt~/~;~r~mutilada~/~;;~r~è menomata~/~;~r~mutilado~/~;~r~jest rozszarpana~/~;~r~yırtılmış~/~;~r~zmrzačená~/~
;;;;;;;;;;;
bleedingAction;~r~кровоточит~/~;~r~bleeding~/~;~r~出血~/~;~r~blutend~/~;~r~sangrando~/~;;~r~è sanguinante~/~;~r~sangrando~/~;~r~krwawi~/~;~r~kanıyor~/~;~r~krvácí~/~
hirudoterapiaAction;лечится ~lg~гирудотерапией~/~;being treated with ~lg~hirudoterapia~/~;~lg~ヒル~/~による治療中;wird behandelt mit ~lg~Hirudotherapie~/~;siendo tratada con ~lg~hirudoterapia~/~;;è sottoposta ad ~lg~hirudoterapia~/~;sendo tratado com ~lg~hirudoterapia~/~;regeneruje się ~lg~hydroterapią~/~;~lg~hidroterapi~/~ ile tedavi edildi;ošetřována ~lg~hirudoterapií~/~
;;;;;;;;;;;
;text_end;text_end;text_end;text_end;text_end;text_end;text_end;text_end;text_end;text_end;text_end