Номера по спискам;Русский;English;中文;Deutsch;Español;Français;Italiano;Português;Polski;Türkçe;Čeština
специальные теги, не удалять, не изменять, при добавлении переносить вниз;curse_name;curse_name;curse_name;curse_name;curse_name;curse_name;curse_name;curse_name;curse_name;curse_name;curse_name
Curse_of_Gorelust;Проклятие кровожадности;Curse of Gorelust;殺害欲の呪い;Fluch der Blutgier;Maldición Hemodeseo;;Maledizione del Sangue Nero;Maldição da Luxúria Sangrenta;Klątwa Krwawego Porządania;Kanasusamış'ın Laneti;Prokletí krvechtíče
Curse_of_Soulstealer;Проклятие изнеможения;Curse of Soulstealer;魂吸収の呪い;Fluch des Seenlendiebs;Maldición Robaalmas;;Maledizione del Ladro d'Anime;Maldição do Ladrão de Almas;Klątwa Złodzieja Duszy;Ruhçalan'ın Laneti;Prokletí dušikradu
Curse_of_Mindwrecker;Проклятие гниющего разума;Curse of Mindwrecker;精神破壊の呪い;Fluch des Geistesverfalls;Maldición Aplastamentes;;Maledizione dello Strizzacervelli;Maldição do Destruidor de Mentes;Klątwa Szalonego Umysłu;Zihinbozan'ın Laneti;Prokletí choromysli
Curse_of_Everfear;Проклятие вечного ужаса;Curse of Everfear;永遠の恐怖の呪い;Fluch der Urangst;Maldición Sempretemor;;Maledizione dell'Eterno Timore;Maldição do Medo Eterno;Klątwa Wiecznego Strachu;Ebedikorku'nun Laneti;Prokletí strašpytla
Curse_of_Gnawmaw;Проклятие жадной пасти;Curse of Gnawmaw;貪食の呪い;Fluch des Gierschlunds;Maldición Satisfagia;;Maledizione delle Fauci Insaziabili;Maldição da Boca Insaciável;Klątwa Pijanego Objadacza;Oburmide'nin Laneti;Prokletí nenažrance
Curse_of_Sufferjoy;Проклятие истязания;Curse of Sufferjoy;苦しみに喜ぶ者の呪い;Fluch der Schmerzessucht;Maldición Placefobia;;Maledizione del Tristo Viandante;Maldição do Prazer pela Dor;Klątwa Bolących Stawów;Izdıraphazzı'nın Laneti;Prokletí sebemrskačství
Curse_of_Loudmouth;Проклятие криков;Curse of Loudmouth;大口の呪い;Fluch des Großmauls;Maldición Ruidofilia;;Maledizione del Piede Sbilenco;Maldição do Gritador;Klątwa Krzykliwego Gardła;Çığlıkatan'ın Laneti;Prokletí tlučhuby
Curse_of_Goldhoarder;Проклятие стяжания;Curse of Goldhoarder;守銭奴の呪い;Fluch des Goldhorters;Maldición Ultravaricia;;Maledizione dell'Avido Accumulatore;Maldição do Acumulador de Ouro;Klątwa Dziurawych Kieszeni;Altıngömücü'nün Laneti;Prokletí skrblíka
;curse_name_end;curse_name_end;curse_name_end;curse_name_end;curse_name_end;curse_name_end;curse_name_end;curse_name_end;curse_name_end;curse_name_end;curse_name_end
;;;;;;;;;;;
;curse_desc;curse_desc;curse_desc;curse_desc;curse_desc;curse_desc;curse_desc;curse_desc;curse_desc;curse_desc;curse_desc
Curse_of_Gorelust;5% шанс потерять 3% здоровья каждый ход.#Убивайте врагов, чтобы снизить шанс.;5% chance to lose 3% Max Health each turn.#Kill enemies to reduce the chance.;毎ターン5%の確率で最大体力を3%失う。#敵を殺すことで確率を下げられる。;5 % Chance, in jeder Runde 3 % max. Gesundheit zu verlieren#Töte Gegner, um die Chance zu verringern.;5% de probabilidades de perder 3% de vida máxima cada turno.#Mata enemigos para reducir esta probabilidad.;;Prob. del 5% di perdere il 3% della Salute Massima al termine del tuo turno.#Uccidi nemici per abbassare la probabilità.;5% de chance de perder 3% de Vida Máx. a cada turno.#Mate inimigos para diminuir a chance.;5% szansy na utratę 3% Maksymalnego Zdrowia w każdej turze.#Zabijaj przeciwników, by zmniejszyć szansę.;Her tur, 5% şansla 3% Maks. Can azalır.#Şansı azaltmak için düşmanları öldürün.;5% šance na ztrátu 3% max. zdraví každé kolo.#Zabíjej nepřátele, aby jsi tuto šanci snížil.
Curse_of_Soulstealer;5% шанс потерять 4% энергии каждый ход.#Убивайте, чтобы снизить шанс.;5% chance to lose 4% Max Energy each turn.#Kill enemies to reduce the chance.;毎ターン5%の確率で最大エネルギーを4%失う。#敵を殺すことで確率を下げられる。;5 % Chance, in jeder Runde 4 % max. Energie zu verlieren.#Töte Gegner, um die Chance zu verringern.;5% de probabilidades de perder 4% de energía máxima cada turno.#Mata enemigos para reducir esta probabilidad.;;Prob. del 5% di perdere il 4% della Salute Massima al termine del tuo turno.#Uccidi nemici per abbassare la probabilità.;5% de chance de perder 4% de Energia Máx. a cada turno.#Mate inimigos para diminuir a chance.;5% szansy na utratę 4% Maksymalnej Energii w każdej turze.#Zabijaj przeciwników, by zmniejszyć szansę.;Her tur, 5% şansla 4% Maks. Enerji azalır.#Şansı azaltmak için düşmanları öldürün.;5% šance na ztrátů 4% max. energie každé kolo.#Zabíjej nepřátele, aby jsi tuto šanci snížil.
Curse_of_Mindwrecker;5% шанс снизить рассудок каждый ход.#Убивайте, чтобы снизить шанс;5% chance to lose Sanity each turn.#Kill enemies to reduce the chance.;毎ターン5%の確率で正気度が減少する。#敵を殺すことで確率を下げられる。;5 % Chance, in jeder Runde geistige Gesundheit zu verlieren.#Töte Gegner, um die Chance zu verringern.;5% de probabilidades de perder cordura cada turno.#Mata enemigos para reducir esta probabilidad.;;Prob. del 5% di perdere Sanità al termine del tuo turno.#Uccidi nemici per abbassare la probabilità.;5% de chance de perder Sanidade a cada turno.#Mate inimigos para diminuir a chance.;5% szansy na utratę Zdrowia Psychicznego w każdej turze.#Zabijaj przeciwników, by zmniejszyć szansę.;Her tur, 5% şansla Akıl Sağlığı azalır.#Şansı azaltmak için düşmanları öldürün.;5% šance na ztrátu zdravého rozumu každé kolo.#Zabíjej nepřátele, aby jsi tuto šanci snížil.
Curse_of_Everfear;5% шанс снизить мораль каждый ход.#Убивайте, чтобы снизить шанс.;5% chance to lose Morale each turn.#Kill enemies to reduce the chance.;毎ターン5%の確率で士気が減少する。#敵を殺すことで確率を下げられる。;5% Chance, Moral in jeder Runde zu verlieren.#Töte Gegner, um die Chance zu verringern.;5% de probabilidades de perder moral cada turno.#Mata enemigos para reducir esta probabilidad.;;Prob. del 5% di perdere Morale al termine del tuo turno.#Uccidi nemici per abbassare la probabilità.;5% de chance de perder Moral a cada turno.#Mate inimigos para diminuir a chance.;5% szansy na utratę Morale w każdej turze.#Zabijaj przeciwników, by zmniejszyć szansę.;Her tur, 5% şansla Moral azalır.#Şansı azaltmak için düşmanları öldürün.;5% šance na ztrátu morálky každé kolo.#Zabíjej nepřátele, aby jsi tuto šanci snížil.
Curse_of_Gnawmaw;5% шанс увеличить голод или жажду каждый ход.#Убивайте, чтобы снизить шанс.;5% chance to increase Hunger and Thirst each turn.#Kill enemies to reduce the chance.;毎ターン5%の確率で飢餓と渇水が上昇する。#敵を殺すことで確率を下げられる。;5% Chance, Hunger und Durst in jeder Runde zu erhöhen.#Töte Gegner, um die Chance zu verringern.;5% de probabilidades de aumentar el hambre y la sed cada turno.#Mata enemigos para reducir esta probabilidad.;;Prob. del 5% di accumulare Fame e Sete al termine del tuo turno.#Uccidi nemici per abbassare la probabilità.;5% de chance de aumentar Fome e Sede a cada turno.#Mate inimigos para diminuir a chance.;5% szansy na zwiększenie Głodu i Pragnienia w każdej turze.#Zabijaj przeciwników, by zmniejszyć szansę.;Her tur, 5% şansla Açlık ve Susuzluk artar.#Şansı azaltmak için düşmanları öldürün.;5% šance na zvýšení hladu každé kolo.#Zabíjej nepřátele, aby jsi tuto šanci snížil.
Curse_of_Sufferjoy;5% шанс увеличить боль каждый ход.#Убивайте, чтобы снизить шанс.;5% chance to increase Pain each turn.#Kill enemies to reduce the chance.;毎ターン5%の確率で苦痛が上昇する。#敵を殺すことで確率を下げられる。;5% Chance, den Schmerz in jeder Runde zu erhöhen.#Töte Gegner, um die Chance zu verringern.;5% de probabilidades de aumentar el dolor cada turno.#Mata enemigos para reducir esta probabilidad.;;Prob. del 5% di accumulare Dolore al termine del tuo turno.#Uccidi nemici per abbassare la probabilità.;5% de chance de aumentar Dor a cada turno.#Mate inimigos para diminuir a chance.;5% szansy na zwiększenie Bólu w każdej turze.#Zabijaj przeciwników, by zmniejszyć szansę.;Her tur, 5% şansla Ağrı artar.#Şansı azaltmak için düşmanları öldürün.;5% šance na zvýšení bolesti každý tah.#Zabíjej nepřátele, aby jsi tuto šanci snížil.
Curse_of_Loudmouth;5% шанс произвести шум каждый ход.#Убивайте, чтобы снизить шанс.;5% chance to make noise each turn.#Kill enemies to reduce the chance.;毎ターン5%の確率で大きな音を立てる。#敵を殺すことで確率を下げられる。;5% Chance, in jeder Runde Lärm zu machen.#Töte Gegner, um die Chance zu verringern.;5% de probabilidades de hacer ruido cada turno.#Mata enemigos para reducir esta probabilidad.;;Prob. del 5% di provocare rumore al termine del tuo turno.#Uccidi nemici per abbassare la probabilità.;5% de chance de fazer barulho a cada turno.#Mate inimigos para diminuir a chance.;5% szansy na wygenerowanie Hałasu w każdej turze.#Zabijaj przeciwników, by zmniejszyć szansę.;Her tur, 5% şansla parazit yapar.#Şansı azaltmak için düşmanları öldürün.;5% šance na vydání hluku každý tah.#Zabíjej nepřátele, aby jsi tuto šanci snížil.
Curse_of_Goldhoarder;5% шанс потерять немного монет каждый ход.#Убивайте, чтобы снизить шанс.;5% chance to lose gold each turn.#Kill enemies to reduce the chance.;毎ターン5%の確率で金を失う。#敵を殺すことで確率を下げられる。;5% Chance, in jeder Runde Gold zu verlieren.#Töte Gegner, um die Chance zu verringern.;5% de probabilidades de perder oro cada turno.#Mata enemigos para reducir esta probabilidad.;;Prob. del 5% di perdere oro al termine del tuo turno.#Uccidi nemici per abbassare la probabilità.;5% de chance de perder ouro a cada turno.#Mate inimigos para diminuir a chance.;5% szansy na utratę złota w każdej turze.#Zabijaj przeciwników, by zmniejszyć szansę.;Her tur, 5% şansla altın kaybedilir.#Şansı azaltmak için düşmanları öldürün.;5% šance na ztrátu zlata každý tah.#Zabíjej nepřátele, aby jsi tuto šanci snížil.
;curse_desc_end;curse_desc_end;curse_desc_end;curse_desc_end;curse_desc_end;curse_desc_end;curse_desc_end;curse_desc_end;curse_desc_end;curse_desc_end;curse_desc_end