Номера по спискам;Русский;English;中文;Deutsch;Español;Français;Italiano;Português;Polski;Türkçe;Čeština;\;Voice-Over;\
;prologue_text;prologue_text;prologue_text;prologue_text;prologue_text;prologue_text;prologue_text;prologue_text;prologue_text;prologue_text;prologue_text;\;prologue_text;\
1;Веррен;Verren;ヴェレン;Verren;Verren;;Verren;Verren;Varren;Verren;Verren;\;;\
2;Архонт;Archon;アルコン;Archont;Arconte;;Arconte;Archon;Archon;Arkhon;Archon;\;;\
3;Даррел;Darrel;ダレル;Darrel;Darrel;;Darrel;Darrel;Darrel;Darrel;Darrel;\;;\
4;Ринвард;Rynward;リンヴァルド;Rynward;Rynward;;Rynward;Rynward;Rynward;Rynward;Rynward;\;;\
5;Ахруз;Ahruz;アルーズ;Ahruz;Ahruz;;Ahruz;Ahruz;Ahruz;Ahruz;Ahruz;\;;\
6;Чёрт побери... Где это я?..;Damn it... Where am I?;クソ……ここはどこだ？;Was... Wo bin ich?;Maldición... ¿Dónde estoy?;;Dannazione... dove mi trovo?;Droga... Onde estou?;Cholera... gdzie ja jestem?;Kahretsin... Neredeyim?;Sakra... Kde to jsem?;\;snd_prologue_verren_damn_it;\
7;Вовремя ты продрал глаза - ритуал начался! Совсем скоро ты нам понадобишься...;You are awake - just in time for the ritual! We'll have a use for you so very soon...;気が付いたか……ちょうど儀式の時間だ！お前の番もすぐに来るさ……;Du bist wach - gerade rechtzeitig für das Ritual! Wir werden schon bald Verwendung für dich haben...;Has despertado. ¡Justo a tiempo para el ritual! Nos serás de utilidad... muy, muy pronto...;;Sei sveglio, giusto in tempo per il rituale! Avrai modo di assistere molto presto...;Finalmente acordou! Bem a tempo para o ritual! Você será útil muito em breve...;Obudziłeś się. Rychło w czas na rytuał! Będziemy mieli z ciebie pożytek, już wkrótce...;Uyanmışsın, tam da ritüel zamanında! Çok yakında işimize yarayacaksın...;Vzbudil ses - právě teď začíná rituál! Brzy pro tebe budeme mít využití...;\;snd_prologue_proselyte_guard_you_are_awake;\
8;И не вздумай чудить, а не то закончишь, как один из твоих дружков. Надо бы ещё раз его проведать - там наверняка натекло свежей крови...;Don't try anything funny or you'll end up like one of your friends. Perhaps I should check on him again... All that fresh blood that must have drained by now...;おかしな真似はするんじゃないぞ。さもないとお友達のようになってしまうからな。そうだ、彼をもう一度調べなければ。今までに抜き取った新鮮な血を全て……;Versuch nicht, irgendwas Dummes anzustellen, sonst endest du wie einer deiner Freunde. Vielleicht sollte ich noch mal nach ihm sehen... All das frische Blut sollte inzwischen schon abgeflossen sein...;No hagas ninguna estupidez o acabarás como uno de tus amigos. Quizás debería volver a ver a aquel otro... Toda esa sangre fresca... ya habrá drenado...;;Non provare a fare il furbo, o farai la stessa fine di uno dei tuoi amichetti. Forse dovrei andare a vedere come sta... ormai non gli sarà rimasto molto sangue...;Não tente nenhuma gracinha ou vai acabar igual a um dos seus amigos. Talvez eu deva verificar novamente... Todo aquele sangue fresco já deve ter drenado agora...;Nie próbuj niczego śmiesznego albo skończysz jak twój kolega. Może powinienem sprawdzić, co u niego... Cała ta świeża krew pewnie już wsiąkła...;Aptalca bir şey yapmaya kalkma yoksa sonun arkadaşın gibi olur. Belki de onu tekrar kontrol etmeliyim... Şimdiye kadar tüm taze kan boşalmış olmalı...;Nezkoušej nic směšného nebo skončíš jako jeden z tvých přátel. Možná bych ho měl znovu zkontrolovat... Všechna ta čerstvá krev už určitě uschla...;\;snd_prologue_proselyte_guard_dont_try_anything;\
9;Проклятье, похоже, отбиться нам не удалось...;Curses. Doesn't look like we won that fight...;畜生。どうやらあの戦いには勝てなかったようだな……;Verdammt. Sieht nicht so aus, als hätten wir den Kampf gewonnen...;Rayos. Parece que no ganamos la pelea...;;Maledizione. Pare che la battaglia non si sia conclusa in nostro favore...;Maldições. Nem parece que vencemos aquela luta...;Przeklęci. Nie wygląda na to, że wygrał tę walkę...;Lanet olsun. Savaşı kazanamamışız anlaşılan...;Hrome. Nevypadá to, jako by ten boj vyhrál...;\;snd_prologue_verren_curses;\
10;Нужно выбираться, пока этот хмырь не вернулся. Хм, а кандалы-то совсем ржавые...;I need to get out of here before this bastard returns. Hmm, looks like my shackles are rusted to the core...;アイツが戻ってくる前にここを抜け出さなければ。ふむ……どうやらこの足枷は芯まで錆び付いているようだ……;Ich muss hier raus, bevor dieser Bastard zurückkommt. Hmm, sieht aus, als wären meine Fesseln schon stark angerostet...;Necesito salir de aquí antes de que vuelva ese bastardo. Mmm, parece que mis cadenas están bastante oxidadas...;;Devo uscire di qui prima che quel bastardo faccia ritorno. Hmm, le mie manette sembrano molto indebolite dalla ruggine...;Eu preciso sair daqui antes que esse bastardo retorne. Hmm, parece que meus grilhões estão totalmente enferrujados...;Muszę się stąd wydostać nim wróci ten drań. Wygląda na to, że moje kajdany są przerdzewiałe...;Bu piç kurusu geri gelmeden önce buradan çıkmalıyım. Hımm, prangalarım köküne kadar paslanmış gibi duruyor...;Potřebuji se odsud dostat, než se ten parchant vrátí zpátky. Hmm, vypadá to, že má pouta jsou úplně prorezlá...;\;snd_prologue_verren_i_need_to_get_out;\
11;Бедняга Лок... В этот раз предчувствия тебя не обманули.;Poor Locke... Your bad feeling was spot-on this time.;ロック、哀れな姿になってしまったな……お前の悪い予感は今回は正しかったよ。;Armer Locke... Dein ungutes Gefühl hat dich dieses Mal nicht getrogen.;Pobre Locke... Tu presentimiento fue correcto esta vez.;;Povero Locke... stavolta i tuoi cattivi presentimenti erano fondati.;Pobre Locke... Seu mal pressentimento foi na mosca dessa vez.;Biedny Locke... Twoje złe przeczucia były tym razem słuszne.;Zavallı Locke... Kötü hislerin bu sefer doğru çıktı.;Ubohý Locku... Tvůj špatný pocit byl tentokrát na místě.;\;snd_prologue_verren_poor_locke;\
12;Его не стали обыскивать, опрометчиво. Без обид, дружище, тебе всё равно это уже ни к чему.;They didn't search him, bad move. No offence, buddy, but you won't need all these things anymore.;ヤツら、お前を調べなかったのは失敗だったな。悪く思うなよ相棒。お前にはもう必要のない物ばかりだ。;Sie haben ihn nicht durchsucht, eine schlechte Idee. Nichts für ungut, Kumpel, aber du wirst all diese Dinge nicht mehr brauchen.;No lo revisaron, grave error. Lo siento, amigo, pero ya no necesitarás estas cosas.;;Non l'hanno nemmeno perquisito, che razza di dilettanti... non prendertela, amico, ma tutte queste cose non ti serviranno più.;Não vasculharam o corpo dele, péssima decisão. Sem ofensa amigão, mas você não precisa mais dessas coisas.;Nie przeszukali go. Kiepska decyzja. Bez obrazy, kolego, ale już nie będziesz tych rzeczy potrzebować.;Üzerini aramamışlar, neyse... Kusura bakma dostum ama bu şeylere artık ihtiyacın kalmadı.;Neprohledali ho, špatný tah. Neber si to tak kámo, ale tyhle věci už nebudeš potřebovat.;\;snd_prologue_verren_they_didnt;\
13;Надеюсь, выжил не только я: нужно вооружиться и найти остальных.;I hope I'm not a lone survivor. Got to arm myself and find the rest.;生き延びたのが俺一人だけでなければよいが。武器を装備して休める場所を見つけないと。;Ich hoffe, ich bin nicht der einzige Überlebende. Ich muss mich bewaffnen und den Rest finden.;Espero no ser el último sobreviviente. Debo conseguir un arma y encontrar a los demás.;;Spero di non essere l'unico sopravvissuto. Devo trovare un'arma e cercare gli altri.;Espero não ser o único sobrevivente. Tenho que me armar e encontrar o resto deles.;Mam nadzieję, że nie jestem tu jedyny. Pora się uzbroić i znaleźć resztę.;Son sağ kalan ben değilimdir umarım. Silahlanıp, sağ kalanları bulmalıyım.;Doufám, že nejsem jediný přeživší. Musím se ozbrojit a najít zbytek.;\;snd_prologue_verren_i_hope;\
14;Клетки открыты, а следы крови совсем свежие... Похоже, совсем недавно всех наших куда-то увели.;The cages are unlocked and the blood trails are fresh... Looks like everyone was taken away somewhere.;牢獄の鍵が外されていて、血の跡が新しい……どうやらみんなどこかへ連れていかれたようだな。;Die Zellen sind entriegelt und die Blutspuren sind frisch... Sieht aus, als wären alle irgendwohin gebracht worden.;Las celdas están abiertas y la sangre es fresca... Parece que se llevaron a todo el mundo.;;Le gabbie sono aperte e le tracce di sangue sono ancora fresche... mi chiedo dove abbiano portato i miei amici.;As celas estão destrancadas e o rastro de sangue é fresco... Parece que todos foram levados para algum outro lugar.;Cele są otwarte, a ślady krwi bardzo świeże... Wygląda na to, że wszystkich gdzieś zabrali.;Hücreler kilitli değil ve kan izleri taze... Görünüşe bakılırsa herkesi başka bir yere götürmüşler.;Cely jsou odemčené a stopy krve jsou čerstvé... Vypadá to, že všichni byli někam odvlečeni.;\;snd_prologue_verren_the_cages;\
15;В темнице оставили только меня... Странно, очень странно.;It seems I was the only one to be left in the dungeon. That's strange...;牢獄に残されたのは俺一人だけか。何かがおかしい……;Es scheint, dass ich der einzige bin, der im Kerker geblieben ist. Das ist seltsam...;Al parecer, era el último en el calabozo. Qué extraño...;;Pare che io sia l'unico ad essere stato lasciato quaggiù. Molto strano...;Aparentemente eu fui o único deixado na masmorra. Que estranho...;Wygląda na to, że jestem w tych podziemiach sam. To dziwne...;Zindanda tek kalan benmişim gibi görünüyor. Tuhaf...;Vypadá to, že v téhle kobce mě nechali jako jediného. To je divné...;\;snd_prologue_verren_seems_like;\
16;Как ты выбрался наружу?! Тебе конец!;How did you get out?! You are dead!;どうやって脱出した？！まあいい、死ね！;Wie bist du raus gekommen?! Stirb!;¿Cómo has escapado? ¡Estás muerto!;;Come hai fatto ad uscire?! Preparati a morire!;Como você saiu?! Agora vai morrer!;Jak się wydostałeś?! Jesteś trupem!;Nasıl çıkmayı başardın?! Şimdi bittin!;Jak ses dostal ven?! Jsi mrtvý!;\;snd_prologue_proselyte_guard_how_did_you;\
17;Берн... Истёк кровью. Нелепая смерть...;Bern... Bled to death. Such a foolish way to go...;ベルン……失血死か。こんな馬鹿げた結末とはな……;Bern... Verblutet. So eine törichte Art zu sterben...;Bern... Te has desangrado. No merecías morir así...;;Bern... morto dissanguato. Che fine orrenda...;Bern... Sangrou até a morte. Que jeito besta de partir...;Bern... Wykrawił się. Poprzebijane nogi. Co za głupia śmierć...;Bern... Kan kaybından ölmüş. Bok yoluna gitmiş...;Bern... vykrvácel k smrti. Takový hloupý způsob jak odejít...;\;snd_prologue_verren_bern_bled;\
18;Похоже, тут ловушка. Надо осмотреться, а не то меня ждёт та же участь...;Looks like there is a trap. I have to take a look around unless I want to share his fate.;見たところ罠があるようだな。彼のようになりたいので無ければ、周囲をよく観察するべきだ。;Es sieht aus, als gäbe es hier eine Falle. Ich muss mich umsehen, es sei denn, ich will sein Schicksal teilen.;Parece que hay una trampa. Tengo que ser cuidadoso, no quiero acabar como Bern.;;Sento che qui si nasconde una trappola. Farei bene a guardarmi attorno, se non voglio fare la stessa fine di quel poveraccio.;Aquilo ali me parece uma armadilha. Preciso dar uma olhada em volta se não quiser compartilhar do mesmo destino.;Wygląda to na pułapkę. Muszę się rozejrzeć, by nie podzielić jego losu.;Tuzak kurulmuş gibi. Aynı kaderi paylaşmamak için etrafı kontrol etsem iyi olur.;Zdá se, že je tam past. Jestli nechci dopadnout jak on, musím se rozhlížet kolem.;\;snd_prologue_verren_looks_like;\
19;Чёрт, я и забыл про ногу... Болит всё сильней и сильней...;Damn, I forgot about my leg... Hurts more and more...;クソっ、脚のことを忘れていた……痛みがどんどん増してくる……;Verdammt, habe mein Bein doch glatt vergessen... Es schmerzt immer stärker...;Diablos, me había olvidado de mi pierna... Duele cada vez más...;;Dannazione, quasi dimenticavo... la gamba mi fa sempre più male...;Droga, esqueci da minha perna... Dói cada vez mais...;Cholera, zapomniałem o ranie mojej nogi... Boli coraz bardziej...;Kahretsin, bacağım... Giderek daha fazla ağrıyor...;Sakra, zapomněl jsem na mojí nohu... Bolí to pořád víc...;\;snd_prologue_verren_damn_i_forgot;\
20;Надо бы чем-то обработать рану, пока не загноилось.;I need to find something to treat the wound before it festers.;化膿する前に傷を手当てする方法を探さないと。;Ich muss etwas finden, um die Wunde zu behandeln, bevor sie anfängt zu schwären.;Necesito encontrar algo para tratar la herida antes de que se infecte.;;Devo trovare qualcosa per curare la ferita prima che faccia infezione...;Tenho que achar algo para tratar o ferimento antes que infeccione.;Muszę znaleźć coś, co zaleczy ranę nim stan się pogorszy.;İltihaplanmadan önce yarayı tedavi edecek bir şey bulmalıyım.;Potřebuji najít něco, abych si ošetřil ránu, než se zanítí.;\;snd_prologue_verren_i_need_to_find_something;\
21;Ящики, ящики, ящики... Здесь точно что-то найдётся.;All these boxes... Will surely find something in them.;箱がたくさんあるな……使えるものが何かあるはずだ。;So viele Kisten... ich werde sicher etwas darin finden.;Tantas cajas... Seguro que encuentro algo.;;Quante casse... troverò sicuramente qualcosa di utile al loro interno.;Todas essas caixas... Com certeza vou achar algo útil nelas.;Wszystkie te skrzynie... W nich na pewno coś musi być.;Tüm bu kutular... Mutlaka içlerinde işe yarar bir şeyler olmalı.;Všechny ty krabice... Určitě v nich něco najdu.;\;snd_prologue_verren_all_these_boxes;\
22;Ага, вот этим как раз и подлатаю ногу.;Aha, can use this to patch up my leg.;よし、これで脚を継ぎ当てられるぞ。;Aha, damit kann ich mein Bein behandeln.;¡Ajá! Con esto podré arreglarme un poco.;;Aha, proprio quello che cercavo.;Aha, posso usar isso na minha perna.;Aha! Mogę użyć tego, by ustabilizować swoją nogę.;Hah, bacağımı iyileştirmek için bunu kullanabilirim.;A hele, tohle se dá použít na obvázání mé nohy.;\;snd_prologue_verren_aha_can_use;\
23;Так-то лучше - жить буду. Пора идти дальше.;That's better, at least I'll live. Time to move.;だいぶ良くなったな。少なくとも死にはしないだろう。行動する時間だ。;Das ist besser, zumindest werde ich weiter leben. Zeit, weiter zu gehen.;Mucho mejor. Al menos no moriré. A moverse.;;Così va meglio, dovrei sopravvivere. Forza, è ora di muoversi.;Melhorou, pelo menos vou sobreviver. Hora de prosseguir.;Tak lepiej, przynajmniej przeżyję. Czas ruszać.;Daha iyi, en azından ölmeyeceğim. O zaman hareket vakti geldi.;To je lepší, aspoň budu žít. Je čas se pohnout.;\;snd_prologue_verren_thats_better;\
24;Ба, пиромантический трактат! Прямо как в старые добрые времена в Академии. Придётся вспомнить парочку заклинаний.;Bah, a pyromantic treatise! Just like good old times in the Academy. Got to recall a spell or two.;おっ、炎術論じゃないか！アカデミーにいた頃は良かったな。魔術を一つか二つ、思い出せそうだ。;Pah, eine pyromantische Abhandlung! Wie in der guten alten Zeit an der Akademie. Ich müsste mich an ein oder zwei Zaubersprüche erinnern können.;¡Ah, un libro de piromancia! Como en los viejos tiempos en la Academia. A ver si me acuerdo de algún hechizo.;;Ah, un trattato sulla piromanzia! Proprio come ai vecchi tempi dell'Accademia. Dovrei ricordare ancora un paio di incantesimi...;Bah, um manual piromântico! Como nos velhos tempos de Academia. Vamos lembrar de um ou dois feitiços.;Bah, podręcznik Piromancji! Jak za starych czasów w Akademii. Przypomnę sobie czar albo dwa.;Hah, ateş büyüleri tezi! Akademi'deki eski güzel zamanlar gibi. Bir iki büyüyü hatırlayabilirim.;Co, pyromantické pojednání! Tak jako za starých dobrých časů na Akademii. Musím si pár kouzel oprášit.;\;snd_prologue_verren_bah_a_pyromantic;\
25;Толчки доносятся сверху - наши наверняка там. Нужно прорваться туда любой ценой.;The tremors are coming from upstairs. I bet everyone was taken there. I have to find my way up, whatever it takes.;上の方で何かが揺れている。きっと皆そこへ連れていかれたんだろう。上へと向かう方法を探さなければ、例え何が起きようともな。;Die Beben kommen von oben. Ich wette, dass alle wurden dorthin gebracht wurden. Ich muss den Weg nach oben finden, koste es was es wolle.;Los temblores provienen de arriba. Seguro que allí se llevaron a todo el mundo. Debo subir, cueste lo que cueste.;;Le scosse sembrano provenire dai piani superiori... scommetto che gli altri si trovano lì. Devo farmi strada fino a loro, costi quel che costi.;Os tremores estão vindo lá de cima. Aposto que todos foram levados pra lá. Preciso achar um caminho, custe o que custar.;Wstrząsy dochodzą z schodów na wyższe piętro. Założę się, że wszystkich tam zabrali. Muszę odnaleźć drogę na górę, nie ważne ile to zajmie.;Sarsıntılar yukarıdaki kattan geliyor. Bahse varım herkesi oraya götürdüler. Ne olursa olsun, oraya giden yolu bulmalıyım.;Zvrchu se ozývají otřesy. Vsadím se, že tam byli všichni odvlečeni. Musím najít cestu nahoru, ať to stojí, co to stojí.;\;snd_prologue_verren_the_tremors_are_coming;\
26;Толчки всё сильней... Что бы это ни было, я близок.;The tremors are growing stronger... Whatever it is, I'm getting close.;揺れが大きくなっている……それが何であれ、近づいているのは確かだ。;Die Beben werden immer stärker... Was auch immer es ist, ich bin nah dran.;Los temblores se vuelven más intensos... No sé qué será, pero me estoy acercando.;;Le scosse si stanno facendo più forti... non so di cosa si tratti, ma ormai devo essere vicino.;Os tremores estão ficando mais fortes... Seja lá o que for, estou chegando perto.;Wstrząsy stają się silniejsze. Cokolwiek to jest, zblizam się.;Sarsıntılar güçleniyor... Her neyse, zaten yaklaşıyorum.;Ten rachot se zesiluje... Ať je to cokoliv, blíží se to.;\;snd_prologue_verren_the_tremors_are_growing;\
27;Веррен? Ты жив?! Беги, пока не поздно!;Verren? You are alive?! Run while you can!;ヴェレン？生きていたのか？！できる限り早く逃げろ！;Verren? Du lebst?! Lauf, solange du noch kannst!;¿Verren? ¡¿Sigues vivo?! ¡Escapa mientras puedas!;;Verren? Sei ancora vivo? Corri, scappa finché puoi!;Verren? Você está vivo?! Fuja enquanto pode!;Varren? Ty żyjesz?! Uciekaj póki możesz!;Verren? Hayatta mısın?! Şansın varken kaç!;Verrene? Ty jsi naživu?! Utíkej, dokud můžeš!;\;snd_prologue_darrel_verren_you_are;\
28;Нет! Не бросай нас тут!;No! Don't leave us here!;ダメだ！俺たちを置いて逃げるんじゃない！;Nein! Lass uns nicht hier!;¡No! ¡No nos abandones aquí!;;No! Non lasciarci qui!;Não! Não nos deixe aqui!;Nie! Nie zostawiaj nas tu!;Hayır! Bizi burada bırakma!;Ne! Nenechávej nás tady!;\;snd_prologue_rynward_no_dont_leave;\
29;П-пусть это п-поскорей з-закончится...;P-please m-make it s-stop...;た、たのむ。そ、そいつを止めてくれ……;B-bitte m-mach das es a-aufhört...;P-por favor, detén e-esto...;;P-per favore... f-fallo s-smettere...;P-por favor faça isso p-parar...;P-proszę, z-zakończ t-to...;L-lütfen du-durdur o onu...;P-prosím, za-zastav t-to...;\;snd_prologue_ahruz_please_make;\
30;О, я гляжу, у нас незваные гости! Мы было хотели оставить тебя напоследок, но раз уж ты явился сам...;Ah, an uninvited guest! We were hoping to save you for last, but since you came here willingly...;これはこれは、招かれざる客が来たようだ。殺すのは最後にしてやろうと思っていたが、自らここに来たからにはな……;Ah, ein ungebetener Gast! Wir hofften, dich bis zum Schluss aufheben zu können, aber da du freiwillig hergekommen bist...;¡Ah! ¡Un invitado inesperado! Pensábamos dejarte para lo último, pero ya que vienes por voluntad propia...;;Ah, un ospite non invitato! Avevamo deciso di lasciarti per ultimo, ma visto che ti sei preso la briga di venire fin qui di tua spontanea volontà...;Ah, um intruso! Esperávamos guardar você para o final, mas já que veio por conta própria...;Ah, niezapowiedziany gość! Mieliśmy nadzieję zatrzymać cię na koniec, ale skoro przybyłeś tu z własnej woli...;Ah, davetsiz bir misafir! Seni sona saklamayı düşünüyorduk ama buraya kadar gönüllü geldiğine göre...;Ah, nevítaný host! Chtěli jsme si tě nechat jako posledního, ale když už jsi tak ochotně přišel...;\;snd_prologue_proselyte_archon_ah_an_uninvited;\
31;Так вот кто стоит за всем этим безумием... Сейчас ты отплатишь за всё.;So, you are the one behind all this madness... You'll pay for everything.;つまり、お前がこの狂気全ての黒幕という訳だな……代償は支払って貰うぞ。;Du bist also derjenige, der hinter all dem Wahnsinn steckt... Du wirst für alles bezahlen.;Así que tú estás detrás de toda esta locura... Pagarás por esto.;;Dunque sei tu il responsabile di questa follia... pagherai per tutto ciò che hai fatto.;Então é você que está por trás dessa loucura toda... Vou fazer você pagar por tudo.;Więc, to ty stoisz za tym całym szaleństwem... Zapłacisz za wszystko.;Demek bütün bu deliliğin ardındaki kişi sensin... Hepsini ödeyeceksin.;Tak to ty jsi za celým tím šílenstvím... Za všechno zaplatíš.;\;snd_prologue_verren_so_you_are;\
32;Ты так самонадеян... Оглянись - всё кончено! Скоро и Осколок, и ваши души послужат высшей цели!;How arrogant... Look around you, it's over! Soon both the Stoneshard and your souls will serve the higher purpose!;思い上がるなよ……周りを見てみるがいい。お前はもう終わりだ！ストーンシャードとお前の魂はすぐに高貴なる意思に捧げられるのだよ！;Wie arrogant... Sieh dich um, es ist vorbei! Bald werden sowohl der Steinsplitter als auch eure Seelen dem höheren Zweck dienen!;Qué arrogancia... ¡Mira a tu alrededor, se acabó! Sus almas y el Fragmento de la Piedra servirán a un propósito mayor pronto.;;Quanta arroganza... guardati attorno, è finita! Presto l'Incantopietra e le vostre anime serviranno un fine superiore!;Quanta arrogância... Olhe em volta, acabou! Logo tanto o Stoneshard quanto as almas de vocês irão servir à um propósito maior!;Jakże aroganckie... Rozejrzyj się, to koniec! Wkrótce zarówno Stoneshard, jak i twoja dusza będzie służyć wyższym celom!;Ne kadar küstahça... Etrafına bir bak, bitti! Çok yakında Stoneshard ve ruhlarınız daha yüce bir amaca hizmet edecek!;Jak drzé... Podívej se kolem sebe, je konec! Brzy budou Stoneshard i vaše duše sloužit vyššímu účelu!;\;snd_prologue_proselyte_archon_how_arrogant;\
33;Но Престолу по душе твоя храбрость - ты мог бы неплохо нам послужить... Сложи оружие и, быть может, мы сохраним тебе жизнь...;Still, the Court appreciates your courage. You could serve us well... Put down your weapons and perhaps we'll spare your life...;待て、宮廷はお前の勇気を讃えている。お前なら我々によく仕えられるだろう……武器を下ろせば命を助けてやってもいい……;Dennoch schätzt der HOF deinen Mut. Du könntest uns gut dienen... Steck deine Waffen weg, vielleicht verschonen wir dich dann...;Aun así, la Corte agradece tu coraje. Podrías servirnos tan bien... Baja tus armas y, quizás, te perdonemos la vida...;;Tuttavia, la Corte apprezza il tuo coraggio. Potresti servirci bene... getta le armi e forse ti risparmieremo la vita...;Mesmo assim, a Corte aprecia sua coragem. Você poderia ser um bom servo para nós... Abaixe suas armas e talvez poupemos sua vida...;Wciąż jednak, Sąd docenia twoją odwagę. Mógłbyś się nam przysłużyć... Odłóż broń, a może darujemy ci życie...;Meclis yine de cesaretini takdir ediyor. Bize hizmet edebilirsin... Silahlarını yere bırakırsan belki hayatını bağışlarız...;Tak jako tak si Dvůr cení tvé odbahy. Mohl jsi nám dobře posloužit... Odlož zbraně a možná ušetříme tvůj život...;\;snd_prologue_proselyte_archon_still_the_court;\
34;Не в этот раз, чудовище.;Not this time, abomination.;お断りだ、怪物め。;Dieses Mal nicht, Scheusal.;Olvídalo, abominación.;;Non ci contare, abominio.;Não desta vez, sua abominação.;Nie tym razem, paskudo!;Bu sefer değil, seni iğrenç şey.;Tentokrát ne, zrůdo.;\;snd_prologue_verren_not_this_time;\
35;Что ж, мы были милосердны - но ты отверг наши дары... Да начнётся ритуал! Kaya'noth Nirrukh!;Well then, we show you mercy and yet you reject our gifts... Let the ritual begin! Kaya'noth Nirrukh!;では、我々の慈悲を拒否するというのだな……儀式を始めよ！カヤノス・ニルーフ！;Nun denn, wir erbarmen uns und doch lehnst du unsere Gaben ab... Lasst das Ritual beginnen! Kaya'noth Nirrukh !;Está bien. Mostramos piedad y rechazas nuestros obsequios... ¡Que comience el ritual! ¡Kaya'noth Nirrukh!;;Molto bene, noi ti mostriamo pietà e tu sputi sui nostri doni... allora diamo pure inizio al rituale! Kaya'noth Nirrukh!;Ora ora, nós mostramos misericórdia e ainda assim você rejeita nossos presentes... Que o ritual comece! Kaya'noth Nirrukh!;Dobrze więc, my oferujemy ci łaskę, a ty odrzucasz nasz dar... Niech rozpocznie się rytuał! Kaya'noth Nirrukh!;Pekala, sana merhamet gösterdik ama sen bu lütfu reddediyorsun... Öyleyse ritüel başlasın! Kaya'noth Nirrukh!;Tak my ti projevíme milost a ty stejně odmítáš naše nabídky... Ať tedy rituál začne! Kaya'noth Nirrukh!;\;snd_prologue_proselyte_archon_well_then;\
36;Думаешь, что сможешь мне этим помешать?!;You think you can stop me?!;私を止められると思っているのか！？;Du glaubst, du kannst mich aufhalten?!;¡¿Crees que puedes detenerme?!;;Credi forse di potermi fermare?!;Você acha que pode me impedir?;Myślisz, że mnie powstrzymasz?!;Beni durdurabileceğini mi düşünüyorsun?!;Myslíš, že mě dokážeš zastavit?;\;snd_prologue_proselyte_archon_you_think_you;\
37;Поздно... Твоя... борьба... напрасна!.. Я... ВОЗНОШУСЬ!;Late... Your... fight... is futile!.. I... ASCEND!;遅かったな……お前の……戦いは……無駄に終わる！……私は……高みへと昇る！;Zu spät... Dein... Kampf... ist sinnlos! Ich... STEIGE AUF!;Muy tarde... Tu lucha... es... ¡inútil! Yo... ¡EVOLUCIONO!;;Troppo tardi... è... tutto... inutile!... Io... ASCENDO!;Tarde... Sua... luta... é fútil!.. Eu... ELEVAREI!;Za późno... Twoja... Walka... Jest daremna... Ja... Ja jestem WYWYŻSZONY!;Geciktin... Senin... savaşın... boşa!.. Ben... YÜKSELİYORUM!;Pozdě... Tvůj... Boj... je k ničemu! ... Já ... POVSTÁVÁM!;\;snd_prologue_proselyte_archon_late_your_fight;\
38;Сонм милостивый... Ну и тварь!;The Host have mercy... What a foul beast!;何と哀れな……汚らわしい獣め！;Der GASTGEBER habe Erbarmen... Was für ein widerwärtiges Biest!;Que las Huestes se apiaden de nosotros... ¡Qué bestia tan infame!;;Che l'Ospite abbi pietà di me... che bestia immonda!;Que o Anfitrião tenha misericórdia... Besta imunda!;Gospodarzu miej łaskę... Co za podła bestia!;Panteon merhamet göster... Ne iğrenç bir canavar!;Hostiteli, měj slitování... Taková odporná příšera!;\;snd_prologue_verren_the_host_have;\
39;Р-А-А-А-А-А-А-ГХ!!!;R-A-A-A-A-A-A-RGH!!!;ラアアアアアッ！！！;R-A-A-A-A-A-A-RGH!!!;¡¡¡RAAAAAAGH!!!;;R-A-A-A-A-A-A-RGH!!!;R-A-A-A-A-A-A-RGH!!!;R-A-A-A-A-A-A-RGH!!!;R-A-A-A-A-A-A-A-RGH!!!;R-A-A-A-A-A-A-RGH!!!;\;noone;\
40;В-вот э-э-это п-приход...;T-that's a h-h-hell of a t-trip...;な、なんて、じ、地獄のような、た、旅なんだ……;D-das ist ein h-h-höllischer T-Trip...;E-eso fue... e-extraño...;;È s-stato a d-dir p-poco r-raccappriciante...;I-isso é uma p-p-puta loucura...;T-t-to była cholernie c-c-ciekawa wy-wy-wycieczka...;B-bu l-la-lanet bir ş-şaka...;T-tak t-to je t-teda ú-úlet...;\;snd_prologue_ahruz_thats_a_hell;\
41;Веррен... У меня много вопросов.;Verren... I have many questions.;ヴェレン……聞きたいことが山ほどある。;Verren... Ich habe viele Fragen.;Verren... Tengo muchas preguntas.;;Verren... ho molte domande.;Verren... Eu tenho muitas perguntas.;Varren... Mam wiele pytań.;Verren... Sorulacak çok sorum var.;Verrene... Mám mnoho otázek.;\;snd_prologue_darrel_verren_i_have;\
42;Сейчас не до этого. Осколок у нас, пора убираться отсюда.;Now is not the time. We have the Stoneshard, let's get out of here.;今はその時じゃない。ストーンシャードは手に入れた。ここを脱出するぞ。;Jetzt ist keine Zeit. Wir haben den Steinsplitter, lasst uns verschwinden.;Este no es el momento. Tenemos el Fragmento, vayámonos de aquí.;;Non ora. Abbiamo l'Incantopietra, andiamocene da qui.;Agora não. Nós temos o Stoneshard, vamos cair fora daqui.;Teraz nie czas na to. Mamy Stoneshard, zabierajmy się stąd.;Şimdi sırası değil. Stoneshard bizde, hadi buradan çıkalım.;Teď není ten pravý čas. Máme Stoneshard, vypadněme odstud.;\;snd_prologue_verren_now_Is_not;\
43;Все мои пожитки, целое состояние... Я пущен по ветру...;All my belongings, my entire fortune... I'm ruined...;家族も、財産も全て……俺はもう終わりだ……;Mein ganzes Hab und Gut, mein ganzes Vermögen... Ich bin ruiniert...;Todas mis pertenencias, mi fortuna entera... Estoy en la ruina...;;Tutti i miei averi, la mia fortuna... sono rovinato...;Todos os meus pertences, minha fortuna inteira... Eu estou arruinado...;Wszystkie moje własności, moja cała fortuna... Jestem zrujnowany...;Bütün eşyalarım, tüm servetim... Mahvoldum...;Všechen můj majetek, celé mé bohatství... Je v troskách...;\;snd_prologue_rynward_all_my_belongings;\
44;Ринвард, заткнись Сонма ради! Берн мёртв, Лок мёртв, Йорген мёртв, а ты плачешь по своему барахлу!;For the love of the Host, Rynward, shut your mouth! Bern is dead, Locke is dead, so is Jorgen, and you cry over some old junk!;いい加減にしろ、リンヴァルド、少し黙れ！ベルンは死んだ、ロックも死んだ、ヨルゲンもだ。いつまでも死んじまった奴のことで泣いてるんじゃねぇ！;Um des GASTGEBERS willen, Rynward, halte den Mund! Bern ist tot, Locke ist tot, Jorgen auch, und du heulst wegen irgendeinem alten Kram!;¡Por el amor de las Huestes, Rynward, cierra la boca! ¡Bern está muerto, Locke está muerto, también Jorgen... y te lamentas por unos trastos viejos!;;In nome dell'Ospite, Rynward, chiudi quella bocca! Bern è morto, Locke è morto, e pure Jorgen, e tu ti metti a frignare per delle vecchie cianfrusaglie!;Pelo amor do Anfitrião, Rynward, cale a boca! Bern está morto, Locke está morto, Jorgen também, e você chorando por lixo velho!;Na miłość Gospodarza, Rynward, stul pysk! Bern nie żyje, Locke nie żyje, tak samo Jorgen, a ty płaczesz nad starym złomem!;Panteon aşkına Rynward, kapa çeneni! Bern öldü, Locke öldü, Jorgen de öyle, sen ise burada çer çöp için ağlıyorsun!;Pro lásku Hostitele, Rynwarde, drž hubu! Bern je mrtvý, Locke je mrtvý a Jorgen taky tak. A ty bulíš nad nějakým starým bordelem!;\;snd_prologue_darrel_for_the_love;\
45;И всё это из-за тебя, Веррен. Что, боялся, что остальные струсят? Так мог бы предупредить хотя бы меня!;And it's all because of you, Verren. Did you think our lads would chicken out? You could have at least told me!;全てはお前が原因だ、ヴェレン。若造が怖気づくとでも考えたのか？少なくとも俺に伝えることはできたはずだ！;Und das alles nur wegen dir, Verren. Hast du gedacht, unsere Jungs würden kneifen? Du hättest es mir wenigstens sagen können!;Y es todo por tu culpa, Verren. ¿Pensabas que nuestros hombres se acobardarían? ¡Al menos pudiste haberme advertido!;;Ed è tutta colpa tua, Verren. Pensavi forse che gli altri se la sarebbero data a gambe? Avresti potuto almeno parlarne con me!;E é tudo sua culpa, Verren. Você achou que nossos camaradas se acovardariam? Você poderia ao menos ter me contado!;A to wszystko przez ciebie, Varren. Myślałeś, że nasi kumple wystraszą się jak kurczaki? Mogłeś przynajmniej mi powiedzieć!;Hepsi senin yüzünden, Verren. Adamlarımızın korkup vazgeçeceğini mi düşündün? En azından bana söyleyebilirdin!;Věechno je to kvůli tobě, Verrene. Myslel jsi, že by naši chlapi ustoupili? Mohl jsi mi to aspoň říct!;\;snd_prologue_darrel_and_its_all;\
46;Непыльная работёнка, возможно раскопки. Орава каких-то людоедов - это "непыльная работёнка"?!;An easy job, maybe some digging. You call a horde of cannibals "an easy job"?!;「穴掘りが少しあるかもしれないが、簡単な仕事だ」お前はあの人喰いの群れを見ても「簡単な仕事」だとでも言うのか！？;Ein leichter Job, vielleicht etwas graben. Du nennst eine Horde Kannibalen "einen leichten Job"?!;Un encargo fácil, quizás debamos cavar un poco. ¡¿Una horda de caníbales te parece "un encargo fácil"?!;;Un lavoretto facile, forse qualche scavo. Un'orda di cannibali ti sembra "un lavoretto facile"?!;Um trabalho fácil, talvez escavar um pouco. Você chama uma horda de canibais de "trabalho fácil"?!;„Łatwa robota, może trochę kopania". Nazywasz hordę kanibali „łatwą robotą"?!;Kolay iş, belki biraz fazlası. Yamyam sürüsüne "kolay iş" mi diyorsun?!;Snadná práce, možná nějaké kopání. Ty říkáš hordě kanibalů "snadná práce"?!;\;snd_prologue_darrel_an_easy_job;\
47;Ты в своём уме? Думаешь, я всем вам лгал? Гвиннел божился, что монастырь давно пустует!;Are you out of your mind? Do you think I was lying to you? Gwynnel swore that the monastery had been deserted for decades!;気でも狂ったのか？俺がお前に嘘をついていたと？グウィネルは修道院が何十年も放置されていたと断言したんだ！;Bist du verrückt? Glaubst du, ich habe dich angelogen? Gwynnel hat geschworen, die Abtei sei seit Jahrzehnten verlassen!;¿Estás loco? ¿Crees que te mentí? ¡Gwynnel juró que el monasterio estaba abandonado desde hace décadas!;;Sei uscito di senno? Pensi davvero che vi stessi mentendo? Gwynnel mi aveva giurato che quel monastero era abbandonato da decenni!;Você está louco? Acha que eu estava mentindo? Gwynnel jurou que o monastério estava deserto há décadas!;Straciłeś swój rozum? Myślałeś, że cię okłamywałem? Gwynnel przysiągł, że monastyr był opuszczony od dekad!;Aklını mı kaçırdın? Sana yalan söylediğimi mi düşünüyorsun? Gwynnel manastırın onlarca yıldır terkedilmiş olduğuna yemin etti!;Zešílel jsi? Myslíš si, že jsem vám lhal? Gwynnele přísahal, že klášter byl opuštěný po desetiletí!;\;snd_prologue_verren_are_you_out_of;\
48;То есть это твой Гвиннел отправил всех нас на верную смерть?;So you are saying that your Gwynnel set us up for certain death?;つまりグウィネルが絶体絶命のお膳立てをしたっていうのか？;Du behauptest also, dass dein Gwynnel uns in den sicheren Tod geschickt hat?;¿Entonces fue tu querido Gwynnel quien nos envió a una muerte segura?;;Quindi ci stai dicendo che il tuo caro Gwynnel voleva farci ammazzare tutti?;Então está dizendo que o seu Gwynnel armou para nós?;Więc mówisz, że ten twój Gwynnel wysłał nas na pewną śmierć?;Yani Gwynnel'ın bizi ölüme yolladığını mı söylüyorsun?;Takže ty tvrdíš, že nás tvůj Gwynnel poslal na jistou smrt?;\;snd_prologue_darrel_so_you_are_saying;\
49;Не знаю. Не хотелось бы в это верить. Это всё какая-то ошибка.;I don't know. I hope not. It's some kind of mistake.;わからんが、違うと思いたい。これは一種の失敗だ。;Ich weiß es nicht. Ich hoffe nicht. Es muss ein Irrtum sein.;No lo sé. Espero que no. Debe ser un error.;;Io... non lo so. Spero di no. Dev'esserci stato un errore.;Eu não sei. Espero que não. Espero que seja algum engano.;Nie wiem. Mam nadzieję, że nie. To jakaś pomyłka.;Bilmiyorum. Umarım öyle değildir. Bir hata olmalı.;Nevím. Doufám, že ne. Je to nějaký omyl.;\;snd_prologue_verren_i_dont_know;\
50;Половине наших эта "ошибка" стоила жизней.;This "mistake" cost half our men their lives.;その「失敗」のせいで俺達の半数が死んだ。;Dieser "Irrtum" hat die Hälfte unserer Männer das Leben gekostet.;Este "error" mató a la mitad de nuestros hombres.;;Questo "errore" è costato la vita a metà dei nostri uomini.;Esse "engano" custou a vida de metade dos nossos homens.;Ta „pomyłka" kosztowała życie połowy naszych ludzi.;Bu "hata" adamlarımızın yarısının hayatına mal oldu.;Tenhle "omyl" stál život půlku našich chlapů.;\;snd_prologue_darrel_this_mistake;\
51;Знаю. У меня тоже много вопросов. И уж поверь, как мы закончим с контрактом - Гвиннел ответит на каждый.;I know. I have many questions too. And believe me, once we are done with the contract, Gwynnel will answer each and every one of them.;分かっている。俺だって疑問はたくさんあるんだ。だが信じてくれ。契約を果たせば、グウィネルはその全ての疑問に答えてくれるはずだ。;Ich weiß. Ich habe auch viele Fragen. Und glaube mir, sobald wir mit dem Auftrag fertig sind, wird Gwynnel jede einzelne davon beantworten.;Lo sé. Yo también tengo muchas preguntas. Y créeme: cuando terminemos este contrato, haré que Gwynnel me responda cada una de ellas.;;Lo so. Anch'io ho molte domande. E credimi, quando avremo chiuso con questo contratto, Gwynnel risponderà per ognuna di quelle morti.;Eu sei. Também tenho muitas perguntas. E acredite, quando concluirmos o contrato, Gwynnel vai responder cada uma delas.;Wiem. Również mam masę pytań. I uwierz mi, jak tylko ukończymy kontrakt, Gwynnel odpowie na każde pytanie bardzo dokładnie.;Biliyorum. Benim de sorularım var. İnan bana, sözleşme bittikten sonra Gwynnel her birine tek tek cevap verecek.;Já vím. Mám taky hromadu otázek. A věř mi, že jakmile jsme s touhle smlouvou hotoví, Gwynnel mi každou pěkně zodpoví.;\;snd_prologue_verren_i_know_i_have;\
52;Нет, Веррен, сегодня наши дороги расходятся. Каравана больше нет. Мы с Ринвардом и Ахрузом возвращаемся в Бринн.;No, Verren, this is where we part. The caravan is no more. Rynward, Ahruz and I are going back to Brynn.;すまないな、ヴェレン。俺たちはここでお別れだ。キャラバンはもう懲り懲りだ。リンヴァルドとアルーズ、そして俺はブリンに戻る。;Nein, Verren, hier trennen wir uns. Die Karawane gibt es nicht mehr. Rynward, Ahruz und ich gehen zurück nach Brynn.;No, Verren, aquí nos separamos. La caravana es cosa del pasado. Rynward, Ahruz y yo volveremos a Brynn.;;No, Verren, tra noi è finita. La carovana non esiste più. Io, Rynward e Ahruz ce ne torneremo subito a Brynn.;Não, Verren. Nos separamos aqui. A caravana não existe mais. Rynward, Ahruz e eu vamos voltar para Brynn.;Nie, Varren, to miejce gdzie się podzielimy. Karawana już nie istnieje. Rynward, Ahruz oraz ja wracamy do Brynn.;Hayır, Verren, burası ayrıldığımız nokta. Karavan artık yok. Rynward ve Ahruz ile birlikte Brinn'e geri dönüyoruz.;Ne, Verrene, tady se rozdělíme. Už nění žádná karavana. Rynward, Ahruz a já jdeme zpátky do Brynnu.;\;snd_prologue_darrel_no_verren;\
53;И это после стольких лет? Я только что спас ваши шкуры.;After all these years? I've just saved your hides.;何年もかけた後でそれか？助けてやったばかりじゃないか。;Nach all den Jahren? Ich habe gerade eure Haut gerettet.;¿Después de todos estos años? Acabo de salvar sus pellejos.;;...dopo tutti questi anni? Vi ho appena salvato la pelle!;Depois de todos esses anos? Eu acabei de salvar suas vidas.;Po tych wszystkich latach? Właśnie uratowałem wam skóry.;Bunca yıl sonra? Kıçınızı daha yeni kurtarmışken.;Po všech těch letech? Právě jsem vám zachránil kůži.;\;snd_prologue_verren_after_all;\
54;Спас из западни, в которую сам же нас и завёл. Все эти годы мы все знали, где и как мы будем работать.;All you did was save us from the trap you'd led us into. We always used to know where and what our jobs were.;お前は、自ら誘い込んだ罠から俺たちを救い出しただけだ。昔の俺達にはどこにどんな仕事があるかなんて分かってたんだ。;Alles, was du getan hast, war, uns aus der Falle zu retten, in die du uns geführt hast. Früher wussten wir immer, wo und was unsere Aufgaben waren.;Todo lo que has hecho fue sacarnos de la trampa a la que nos llevaste. Antes, siempre sabíamos cómo y dónde serían nuestros trabajos.;;Non hai fatto altro che salvarci dalla trappola in cui tu stesso ci hai condotti. In passato sapevamo sempre cosa aspettarci dai nostri contratti.;Tudo que fez foi nos salvar da armadilha para qual você mesmo nos conduziu. Nós sempre sabíamos onde e quais eram nossos trabalhos.;Wszystko, co zrobiłeś to wyciągnąłeś nas z pułapki, w którą sam nas wsadziłeś. Zawsze mieliśmy w zwyczaju wiedzieć, jak będzie wyglądać nasza praca.;Tek yaptığın bizi sürüklediğin tuzaktan kurtarmak oldu. Bu zamana kadar nerede ve nasıl çalışacağımızı bilirdik.;Všechno, co jsi udělal, je, že jsi nás zachránil z pasti, do které jsi nás sám zatáhl. Vždycky jsme věděli, kde a jaká byla naše práce.;\;snd_prologue_darrel_all_you_did;\
55;Как только ты начал якшаться с Гвиннелом, беды валятся на нас одна за другой. Я хочу знать, почему Гвиннел темнит, зачем ему нужны Осколки, что вообще такое эти Осколки, чёрт побери!;But once you started rubbing elbows with Gwynnel, there was no end to our misfortune. I want to know what Gwynnel is hiding, why he needs Stoneshards and what these damn Stoneshards are to begin with!;だが、グウィネルと行動を共にするようになってから際限なく不幸に見舞われた。グウィネルが何を隠しているのか、なぜストーンシャードが必要なのか、そしてこの忌々しいストーンシャードがそもそも何なのかを知りたいだけなんだ！;Aber als du anfingst, mit Gwynnel zu verkehren, nahm unser Unglück kein Ende mehr. Ich möchte wissen, was Gwynnel verbirgt, warum er den Steinsplitter braucht, und was diese verdammten Steinsplitter überhaupt sind!;Pero desde que te codeas con Gwynnel, nuestra desgracia no parece tener fin. ¡Me gustaría saber qué está escondiendo Gwynnel, por qué necesita los Fragmentos y qué diablos son estas malditas rocas!;;Ma da quando hai iniziato a fare comunella con Gwynell, la malasorte non ci ha più dato tregua. Voglio sapere cosa Gwynell ci nasconde, perché ha bisogno delle Incantopietre... e anche cosa diavolo sono, queste Incantopietre!;Mas desde que começou a confabular com Gwynnel, nosso azar não teve fim. Eu quero saber o que Gwynnel está escondendo, porque ele precisa dos Stoneshards e o que são esses malditos Stoneshards, pra começar!;Ale od kiedy zacząłeś ściskać dłonie z Gwynnelem, pech prześladował nas bez końca. Chcę wiedzieć, co Gwynnel ukrywa. Dlaczego potrzebuje Stoneshardów oraz do czego zbieranie tych Stoneshardów prowadzi!;Sen Gwynnel ile takılmaya başlar başlamaz, başımız beladan kurtulmadı. Gwynnel'ın ne sakladığını, neden Stoneshard'lara ihtiyaç duyduğunu ve bu lanet taşların ne halt olduğunu bilmek istiyorum!;Ale jakmile ses začal bratříčkovat s Gwynnelem, naše problémy nebraly konce. Chci vědět, co Gwynnel skrývá, proč potřebuje Stoneshardy a pro začátek co jsou vlastně ty Stoneshardy zač!;\;snd_prologue_darrel_but_once_you;\
56;Но мы ничего не знаем, а тебе кроме денег ничего и не нужно. Но золотом никого с того света уже не вернёшь. Я своё слово сказал.;And yet we don't have the slightest idea about anything, while you only care about money. But there is no paying death off. I'm done.;お前が金の事ばかり考えている間、俺達はあらゆることについて僅かな知識すらも得られなかった。だが死を代償に何を得た？もはやこれまでだ。;Und doch haben wir nicht die geringste Ahnung von allem, während du dich nur um Geld kümmerst. Aber man kann den Tod nicht ausbezahlen. Ich bin fertig hiermit.;Y aun así no tenemos la más pálida idea de nada, y a ti solo te interesa el dinero. Pero la muerte no se evita con dinero. Se acabó.;;E invece non abbiamo idea di un bel niente, mentre a te sembra importare soltanto del denaro. Ma nessun prezzo può ripagare la morte. Me ne vado.;E ainda não temos a menor ideia sobre nada, enquanto você só se preocupa com dinheiro. Mas não tem como subornar a morte para não te levar. Pra mim chega.;I nie mamy nawet najmniejszego pojęcia o tym wszystkim, kiedy ty tylko dbasz o pieniądze. Za śmierć nie da się dać wypłaty. Ja z tym kończę.;Sen sadece parayla ilgilenirken, bizim bir boktan haberimiz yok. Şunu bil ki ölümü rüşvetle kandıramazsın. Benden bu kadar.;A zatímco my nemáme o ničem nejmenší ponětí, jediné, co tebe zajímá, jsou peníze.;\;snd_prologue_darrel_and_yet_we_dont;\
57;Вы люди свободные, а я связан контрактом. Дальше справлюсь и сам. Проваливайте.;You are free to go, but I am bound by the contract. I'll manage without you. Get lost.;勝手にしろ。俺は契約に縛られているからな。お前らなしでもやり遂げてやる。失せやがれ。;Es steht dir frei zu gehen, aber ich bin an den Auftrag gebunden. Ich komme ohne dich zurecht. Verschwinde.;Se pueden ir, pero yo aún tengo que cumplir el contrato. Me las arreglaré sin ustedes. Piérdanse.;;Tu sei libero di farlo, ma io rimango vincolato dal contratto. Me la caverò anche senza di te. Sparisci.;Você é livre para ir, mas eu estou preso com o contrato. Vou me virar sem você. Suma.;Możesz odejść, ale ja jestem dalej związany kontraktem. Dam radę bez ciebie. Spadaj.;Gitmekte özgürsünüz ama ben sözleşmeye bağlı kalacağım. Siz olmadan idare ederim. Hadi kaybolun.;Můžete klidně odejít, ale já jsem vázán smlouvou. Zvládnu to bez vás. Zmizte.;\;snd_prologue_verren_you_are_free;\
58;Стражник;Guard;番人;Wache;Guardia;;Guardia;Guarda;Strażnik;Gardiyan;Strážce;\;noone;\
59;...и вот я здесь. Каравана нет, нога искалечена, половина моих ребят мертва, а половина - дезертиры и предатели. Слава Сонму, что хоть Осколок всё же у меня.;...so here I am. The caravan is gone, my leg is crippled, half my men are dead and the other half are deserters and traitors. The Host be praised, at least I've got the Stoneshard.;……そして今俺はここにいる。キャラバンは消滅し、俺の足は不自由になり、部下の半分は死に、残りの半分は脱走者と裏切者だ。聖体の加護のおかげで、少なくともストーンシャードを手に入れることはできた。;...hier bin ich nun also. Die Karawane ist Geschichte, mein Bein ist verkrüppelt, die Hälfte meiner Männer ist tot und die andere Hälfte sind Deserteure und Verräter. Der GASTGEBER sei gepriesen, zumindest habe ich den Steinsplitter.;...y así fue todo. La caravana se disolvió, mi pierna quedó paralizada, la mitad de mis hombres son historia y la otra mitad, desertores y traidores. Gracias a las Huestes, al menos tengo el Fragmento.;;...dunque eccomi qui. Della carovana non rimane che il ricordo, la mia gamba è menomata, metà dei miei uomini sono morti e l'altra metà è una marmaglia di disertori. Se non altro, sia lode all'Ospite, ho ancora l'Incantopietra.;...e aqui estou eu. A caravana já era, estou aleijado de uma perna, metade dos meus homens estão mortos e a outra metade são desertores e traidores. Louvado seja o Anfitrião, pelo menos tenho o Stoneshard.;... no tak się tu znalazłem. Karawana nie istnieje, moja noga jest zmiażdżona, połowa moich ludzi nie żyje, a druga połowa to dezerterzy i zdrajcy. Chwalmy Gospodarza! Przynajmniej zdobyłem ten Stoneshard.;...işte buradayım. Karavan gitti, bacağım sakatlandı, adamlarımın yarısı öldü, yarısı da kaçak veya hain oldu. Panteon'a şükür ki en azından Stoneshard elimde.;... no a tak jsem tady. Karavana je pryč, má noha je zmrzačená, polovina mých lidí mrtvá a ta druhá jsou dezertéři a zrádci. Hostitel buď požehnán, alespoň mám Stoneshard.;\;snd_verren_so_here_i_am;\
60;Если б знал, что придётся иметь дело с целым культом хрен пойми кого, я бы трижды подумал, прежде чем ввязываться в эту историю. Староват я уже для таких приключений.;If I knew I had to deal with an entire cult of... devil knows what, I'd think thrice before getting into the whole mess. I'm too old for an adventure like this.;もし俺が……悪魔のカルト集団を相手にしなければならないことを知っていたら、混乱に陥る前に三度考えただろう。こんな冒険をするには俺は歳をとり過ぎたからな。;Wenn ich gewusst hätte, dass ich es mit einem ganzen Kult von... weiß der Teufel was, zu tun bekomme, hätte ich dreimal nachgedacht, bevor ich mich auf den ganzen Schlamassel einlasse. Ich bin zu alt für solche Abenteuer.;Si hubiese sabido que deberíamos lidiar con todo un culto de... eso, lo habría pensado tres veces antes de involucrarme. Estoy muy viejo para aventuras como esta.;;Se avessi saputo che mi sarei trovato ad affrontare un'intera setta di... creature diaboliche, ci avrei pensato tre volte prima di addentrarmi in tutta questa faccenda. Sono troppo vecchio per questo genere di avventure.;Se eu soubesse que teria de lidar com um culto inteiro de... sei lá o quê, teria pensado três vezes antes de me meter nessa bagunça. Estou velho demais para aventuras assim.;Gdybym tylko wiedział, że muszę użerać się z całym kultem... diabeł wie czego, przemyślałbym to trzy razy przed władowaniem się w cały ten syf. Jestem za stary na przygody tego typu.;Eğer bu ne olduğu belirsiz tarikatlarla uğraşacağımı bilseydim... bu pisliğe bulaşmadan önce üç kez düşünürdüm. Bu tarz bir macera için çok yaşlıyım.;Kdybych věděl, že se budu muset vypořádat s celým kultem... čert ví čeho, dvakrát bych si to rozmyslel, než bych se do celého toho svinstva navezl. Na takové dobrodružství jsem moc starý.;\;snd_verren_if_i_knew_i_had;\
61;Ох, сейчас бы хорошенько расспросить Гвиннела, что это, чёрт подери, за дела. Тридцать лет всем этим занимаюсь, а в настолько паршивый переплёт ещё не попадал.;Argh, if only I could have a good talk with Gwynnell right now, I'd ask him what the hell is going on. I've been doing this for thirty years, but I've never found myself in such a tough spot.;ああ、今グウィネルと話をすることができたら、一体全体どうなってるのか聞きたいもんだ。この仕事を３０年間続けてきたが、自分がこんなに苦しい立場に置かれるなんて思ってもみなかったよ。;Argh, wenn ich jetzt nur ein ernsthaftes Gespräch mit Gwynnel führen könnte, würde ich ihn fragen, was zum Teufel hier los ist. Ich mache das hier seit dreißig Jahren, aber ich habe mich noch nie in einer so schwierigen Lage befunden.;Ahh, si tan solo pudiera tener una charla con Gwynnel en este instante... Le preguntaría qué demonios sucedió. He trabajado en esto treinta años, y nunca me encontré en una situación tan difícil como esa.;;Ah, se solo potessi parlare con Gwynell, vorrei proprio chiedergli che diavolo sta succedendo. Faccio questo mestiere da trent'anni, e in tutto questo tempo non mi sono mai ritrovato in una situazione del genere.;Ah, se pelo menos eu pudesse ter uma boa conversa com Gwynnel agora, eu perguntaria o que diabos está acontecendo. Faço isso há trinta anos, e nunca fiquei numa situação dessas.;Argh, gdybym tylko mógł dobrze pogadać z Gwynnellem właśnie teraz. Zapytałbym z chęcią, co tu się odpierdala. Robiłem to przez ostatnie trzydzieści lat, jednak nigdy nie znalazłem się w tak trudnym położeniu.;Ahh, şu anda Gwynnel ile güzelce bir konuşabilsem, neler olduğunu sorardım. Bu şeyi otuz yıldır yapıyorum ama kendimi hiç böylesine zor bir durumda bulmamıştım.;Ah, kdybych si tak teď mohl pořádně promluvit s Gwynnellem, zeptal bych se ho, co se to k sakru děje. Už to dělám třicet let, ale nikdy jsem se nedostal do takového srabu.;\;snd_verren_argh_if_only;\
62;Нужно возвращаться в Бринн. Дорогу обратно я сам не осилил бы, вот и послал за тобой. Помнишь, как я тебя тогда выручил? Теперь время отдать должок. Чёрт, и много же воды с тех пор утекло... Расскажи-ка пока про себя.;I need to get back to Brynn. I'm not up to going there by myself, so that's why I sent for you. Do you remember how I helped you out back then? Well, time to return the favour. Damn, it's been so long... Tell me, what have you been up to?;俺はブリンに戻る必要がある。一人で行けそうにはないからお前を呼びに行かせた。あの時、俺がどうやってお前を助けたか覚えてるか？そうだ、恩に報いる時だ。だが、本当に久しぶりだな……お前は一体何をしてたんだ。教えてくれ。;Ich muss zurück nach Brynn. Ich habe keine Lust, allein dorthin zu gehen, deshalb habe ich nach dir geschickt. Weißt du noch, wie ich dir damals geholfen habe? Nun, Zeit, sich zu revanchieren. Verdammt, es ist so lange her... Sag mir, was hast du so gemacht?;Debo volver a Brynn. Pero no iré solo, por eso te mandé a buscar. ¿Recuerdas cómo te ayudé aquella vez? Pues, hora de devolver el favor. Diablos, fue hace tanto... Dime, ¿qué has estado haciendo?;;Devo tornare subito a Brynn. Non posso farlo da solo, ed è per questo che ho mandato qualcuno a chiamarti. Ricordi ancora quel favore che ti feci tempo addietro, vero? Bene, è arrivata l'ora di far pareggiare i conti. Eh, è passato davvero un sacco di tempo da allora... dimmi, che ne è stato di te?;Preciso voltar para Brynn. Eu não ir consigo sozinho, por isso mandei te chamar. Lembra de como eu te ajudei antes? Bom, é hora de retribuir o favor. Droga, já faz tanto tempo... Me diga, o que tem feito?;Muszę wrócić do Brynn. Nie jestem w stanie dotrzeć tam samemu, to właśnie dlatego posłałem po ciebie. Wciąż pamiętasz jak pomogłem ci kiedyś? Cóż, pora spłacić dług. Cholera, to było tak dawno... Powiedz mi, jak mijał ci czas przez ten długi czas?;Brinn'e geri dönmem gerekiyor. Oraya tek başıma gidemem, bu yüzden seni çağırdım. Bir zamanlar sana nasıl yardım ettiğimi hatırlıyor musun? Şimdi bu iyiliğime karşılık verme zamanı. Kahretsin, çok uzun zaman oldu... Söyle bana, neler yapıyordun?;Potřebuji se dostat zpátky do Brynnu. Nemám v úmyslu tam jít sám, a tak jsem nechal poslat pro tebe. Pamatuješ, jak jsem ti tenkrát pomohl? Tak teď je chvíle mi tu laskavost oplatit. Sakra, už je to tak dávno... Řekni mi, kde jsi celou tu dobu byl?;\;snd_verren_i_need_to_get_back;\
63;...вот как? Занятно. Ну да ладно, хватит языком молоть. Пора приниматься за работу.;...is that so? Interesting. Anyway, enough pleasantries. It's time to get to work.;……それは本当か？おもしろい。ともかく、おしゃべりはここまでだ。仕事に取り掛かるんだ。;...ist das so? Interessant. Wie auch immer, genug der Höflichkeiten. Es ist Zeit, an die Arbeit zu gehen.;¿Ah sí? Interesante. Bueno, basta de preámbulos. Es hora de trabajar.;;...ah, è così? Interessante. Ma bando ai convenevoli, dobbiamo metterci subito al lavoro.;... é mesmo? Interessante. Bom, chega de conversa. Está na hora de trabalhar.;... i to wszystko? Interesujące. Jednak, dość już uprzejmości. Pora wracać do pracy.;...öyle mi? İlginç. Her neyse, sadede gelelim. Şimdi işe koyulma zamanı.;... fakt jo? Zajímavé. Tak jako tak, dost zdvořilůstek. Je čas, dát se do práce.;\;snd_verren_is_that_so;\
64;Расклад такой: с моей ногой до Бринна я пешком не доберусь, разве что если ты меня на своём горбу потащишь. Нужна повозка. Нужны лошади.;So here is the deal: I can't walk to Brynn with my leg like this, so unless you plan to carry me, we need a cart. We need horses.;これは取引だ。こんな脚じゃブリンまで歩いていくことはできない。だから、俺を背負うつもりじゃなければ、荷車が要る。馬も必要だ。;Hier ist also der Deal: Ich kann mit meinem Bein nicht einfach so nach Brynn laufen, wenn du also nicht vorhast, mich zu tragen, brauchen wir einen Karren, und wir brauchen Pferde.;Este es el trato: No puedo caminar a Brynn con mi pierna en este estado, así que, a menos que quieras cargarme, necesitamos una carreta. Necesitaremos caballos.;;Le cose stanno così: non posso camminare fino a Brynn con una gamba ridotta in questo stato... quindi, a meno che tu non proponga di portarmi in spalla, ci servirà un carro. E dei cavalli.;O negócio é esse: Eu não posso andar até Brynn com a minha perna desse jeito, então se não planeja me carregar, precisaremos de uma carroça. E cavalos.;Więc układ jest taki: Nie mogę iść do Brynn z nogą w takim stanie, więc jeżeli nie masz planów na niesienie mnie - musimy znaleźć wóz. Potrzebujemy koni.;Olay şu ki: bu bacakla Brinn'e kadar yürüyemem yani beni sırtında taşımayı planlamıyorsan, bir araba ve atlara ihtiyacımız var.;Takže tady je tohoda: když mám nohu v tomhle stavu, do Brynnu jít nemůžu. Takže pokud mě neplánuješ nést, potřebujeme vůz. Potřebujeme koně.;\;snd_verren_so_here_Is;\
65;И тут нам повезло. Пока тебя не было, я с местным старостой обговорил это дело. Вот на чём сошлись: с нас - выполнить три контракта. С деревни - телега и пара лошадей.;We're in luck though. While you were away, I had a talk with the village elder. We came to an agreement: we'll fulfill three contracts for them and they'll give us a cart and two horses.;だが、俺たちはツイてる。お前がいない間に、俺は村の長老と話をつけた。三つの契約を履行すれば、彼らは荷車一台と馬二頭をくれるそうだ。;Aber wir haben Glück. Während du hierher auf dem Weg warst, habe ich mich mit dem Dorfältesten unterhalten. Wir sind zu einer Vereinbarung gekommen: Wir werden drei Aufträge für sie erfüllen, und sie werden uns einen Karren und zwei Pferde geben.;Pero estamos de suerte. Mientras venías, hablé con el anciano del pueblo. Llegamos a un acuerdo: cumpliremos tres contratos en el pueblo y, a cambio, nos darán una carreta y dos caballos.;;Ma siamo fortunati. Mentre non c'eri, ho fatto visita all'anziano del villaggio... e abbiamo trovato un accordo: se completeremo tre contratti per lui, ci farà procurare subito un carro e due cavalli.;Mas estamos com sorte. Enquanto você estava fora, eu conversei com o ancião da vila. E chegamos a um acordo: nós completaremos três contratos para eles, em troca de uma carroça e dois cavalos.;Mamy jednak sporo szczęścia. Kiedy ciebie nie było, miałem okazję pogadać ze starcami z wioski. Doszliśmy do porozumienia: wypełnimy dla nich trzy kontrakty, a oni dadzą nam wóz i dwa konie.;Yine de şanslıyız. Sen yokken, köyün ihtiyarıyla konuştum. Bir anlaşmaya vardık: onlar için üç sözleşme tamamlayacağız ve bize bir arabayla iki at verecekler.;Máme ale štěstí. Zatímco jsi byl pryč, promluvil jsem si se stařešinou vesnice. Došli jsme k dohodě: splníme pro ně tři smlouvy a oni nám dají vůz a dva koně.;\;snd_verren_were_in_luck;\
66;Насчёт контрактов не переживай - мелочёвка. Не мне тебя учить, как с нежитью и разбойниками себя вести. Староста тебе подробней расскажет, так что давай к нему, чтоб зря время не терять.;Don't worry about the contracts, it's nothing special. I don't think you need my advice on how to deal with the undead and brigands. The elder will give you the details. You should go to him right away, no time to waste.;契約について心配する必要はない。何も特別なもんじゃない。不死の者や盗賊にどう対処すればいいか、お前にアドバイスが必要だとも思わん。詳しくは長老に聞いてくれ。すぐに会いに行けよ。ぐずぐずするんじゃないぞ。;Machen dir keine Sorgen wegen der Aufträge, es ist nichts Besonderes. Ich glaube nicht, dass du meinen Rat brauchst, wie man mit den Untoten und Banditen umgeht. Der Älteste wird dir die Einzelheiten mitteilen. Du solltest sofort zu ihm gehen, und keine Zeit verlieren.;No te preocupes por los contratos. No son nada extraño. No creo que necesites mi ayuda para lidiar con bandidos y no muertos. El anciano te dará los detalles. Deberías ir a verlo ya mismo. No perdamos tiempo.;;Non preoccuparti dei contratti, non sono niente di speciale. Credo che tu non abbia bisogno di me per cavartela contro qualche banda di briganti e non-morti. L'anziano ti fornirà tutti i dettagli. Dovresti andare subito da lui, non abbiamo tempo da perdere.;Não se preocupe com os contratos, não é nada de mais. Não acho que você precise dos meus conselhos sobre como lidar com mortos-vivos e bandidos. O ancião vai te passar os detalhes. Você deve ir agora mesmo, não há tempo a perder.;Nie przejmuj się kontraktami - to nic specjalnego. Nie sądzę byś potrzebował mojej rady jak radzić sobie z nieumarłymi i bandytami. Starzec da ci wszystkie detale. Powinieneś natychmiast siędo niego udać, nie ma czasu do stracenia.;Sözleşmeler için endişelenme, mühim bir şey yok. Hortlaklar ve eşkıyalarla nasıl başa çıkacağın konusunda tavsiyeme ihtiyacın olduğunu düşünmüyorum. Köyün ihtiyarı sana detayları anlatacak. Hemen gitmelisin, kaybedecek zaman yok.;Těch smluv se neboj, není to nic zvláštního. Myslím, že na to, jak se vypořádat s nemrtvými a zbojníky, moje rady nepotřebuješ. Stařešina ti dá detaily. Měl by jsi k němu rovnou zajít. Času není nazbyt.;\;snd_verren_dont_worry;\
67;Ах да, чуть не забыл. Вот карта округи, тебе она пока нужней.;Ah, I almost forgot. Here's a map of the area, you need it more than I do.;そうだ、忘れていた。これはこの地域の地図だ。俺よりお前に必要な物だろう。;Ah, fast hätte ich es vergessen. Hier ist eine Karte der Gegend, du brauchst sie mehr als ich.;Ah, casi lo olvido. Aquí hay un mapa de la zona... Lo necesitarás más que yo.;;Ah, quasi dimenticavo. Eccoti una mappa dei dintorni, servirà più a te che a me.;Ah, eu quase esqueci. Aqui está um mapa da região, você vai precisar mais do que eu.;Ah, prawie zapomniałem. Tu masz mapę okolic, przyda ci się bardziej niż mnie.;Ah, az daha unutuyordum. İşte bölgenin haritası. Buna benden daha çok ihtiyacın olacak.;Ah, skoro jsem zapomněl. Tady je mapa oblasti. Potřebuješ jí víc než já.;\;snd_verren_ahh_i_almost_forgot;\
68;Можешь ещё у трактирщика поспрашивать за местные дела - он мужик болтливый, с радостью тебе поможет. Ну, с богом. Удачи.;You can also ask the innkeeper about local events. He is a talkative kind, I'm sure he'll answer any of your questions. Off you go then. Good luck.;この地域の出来事については宿屋の主人に聞け。おしゃべりな奴だから質問には何でも答えてくれるだろう。分かったらさっさと行け。うまくやれよ。;Du kannst den Gastwirt auch über örtliche Ereignisse befragen. Er ist ein gesprächiger Mensch, und wird dir sicher alle Fragen beantworten. Dann geh jetzt. Viel Glück.;También puedes preguntarle cosas al posadero. Es un... hablador, así que te responderá lo que quieras saber. Ve. Buena suerte.;;Puoi anche parlare con il locandiere per saperne di più sugli eventi locali. È un tipo assai loquace, sicuramente saprà rispondere a tutte le tue domande. Ora vai. E buona fortuna.;Você também pode perguntar ao estalajadeiro sobre os acontecimentos locais. Ele é do tipo conversador, tenho certeza que vai responder qualquer pergunta. Agora vá. Boa sorte.;Możesz również zapytać karczmarza o lokalne wydarzenia. Jest straszną gadułą. Pewien jestem, że odpowie na wszystkie twoje pytania. Zapytaj gdzie spotkać starszego wioski. Żegnaj więc. Powodzenia.;Hancıya bölgedeki havadisleri sorabilirsin. Konuşkan bir tip. Sorularına cevap vereceğine eminim. Şimdi git. Bol şans.;Můžeš se také zeptat hospodského na místní dění. Je to upovídaný typ. Jsem si jistý, že ti odpoví na všechny otázky. Tak vyraž. Hodně štěstí.;\;snd_verren_you_can_also_ask;\
69;Эй, глядите-ка, братцы - а что это за хмырь там у нас ошивается?! Ату его, ребят! / Эвона, глядите-ка, братцы - а что это за шаболда там у нас ошивается?! Ату её, ребят!;There, lads, look! Who the hell is this schmuck?! Get him, boys! / There, lads, look! Who the hell is this wench?! Get her, boys!;おい野郎ども、見ろ！このマヌケは一体どこのどいつだ！？捕まえろ！ / おい野郎ども、見ろ！このアバズレは一体どこのどいつだ！？捕まえろ！;Da, Jungs, seht mal! Wer zum Teufel ist dieser Schwachkopf?! Schnappt ihn euch, Jungs! / Da, Jungs, seht mal! Wer zum Teufel ist dieses Weib?! Schnappt sie euch, Jungs!;¡Ahí, chicos, miren! ¿¡Quién demonios es ese!? ¡Atrápenlo! / ¡Ahí, chicos, miren! ¿¡Quién demonios es esa!? ¡Atrápenla!;N/A;Laggiù, ragazzi, guardate! Chi diavolo è quello?! Diamogli addosso! / Laggiù, ragazzi, guardate! Chi diavolo è quella?! Diamogli addosso!;Ali, caras,olhem! Quem diabos é esse imbecil?! Pega ele, pessoal! / Ali, caras, olhem! Quem diabos é essa cadela?! pega ela, pessoal!;Tam chłopaki, patrzcie! Kim do diabła jest ten dupek?! Brać go, chłopcy! / Tam chłopaki, patrzcie! Kim do diabła jest ta dziewka?! Brać ją, chłopcy!;İşte beyler, bakın! Bu enayi de kim?! Yakalayın onu çocuklar! / İşte beyler, bakın! Bu orospu da kim?! Yakalayın onu çocuklar!;Hele, chlapi, podívejte! Kdo je sakra tenhle šmrdla?! Sundejte ho, hoši! / Hele, chlapi, podívejte! Kdo je sakra tahle frnda?! Sundejte jí, hoši!;\;;\
;prologue_text_end;prologue_text_end;prologue_text_end;prologue_text_end;prologue_text_end;prologue_text_end;prologue_text_end;prologue_text_end;prologue_text_end;prologue_text_end;prologue_text_end;\;prologue_text_end;\