;Русский;English;中文;Deutsch;Español;Français;Italiano;Português;Polski;Türkçe;Čeština;Magyar
специальные теги, не удалять, не изменять, при добавлении переносить вниз;crypt_prefix;crypt_prefix;crypt_prefix;crypt_prefix;crypt_prefix;crypt_prefix;crypt_prefix;crypt_prefix;crypt_prefix;crypt_prefix;crypt_prefix;crypt_prefix
;Безлюдный / Безлюдная / Безлюдное / Безлюдные;Deserted;見捨てられた;Verlassener / Verlassene / Verlassenes / Verlassene;Desértico / Desértica;;Pericolante / Pericolante / Pericolanti / Pericolanti;Deserta;Pustynny / Pustynna / Pustynne / Pustynne;Tenha;Pustý / Pustá / Pusté / Pusté;
;Безмолвный / Безмолвная / Безмолвное / Безмолвные;Silent;静かなる;Schweigender / Schweigende / Schweigendes / Schweigende;Silencioso / Silenciosa;;Silenzioso / Silenziosa / Silenziosi / Silenziosi;Silenciosa;Cichy / Cicha / Ciche / Ciche;Sessiz;Tichý / Tichá / Tiché / Tiché;
;Безымянный / Безымянная / Безымянное / Безымянные;Nameless;名もなき;Namenloser / Namenlose / Namenloses / Namenlose;Indescriptible / Indescriptible;;Anonimo / Anonima / Anonimi / Anonimi;Sem nome;Bezimienny / Bezimienna / Bezimienne / Bezimienne;İsimsiz;Bezejmenný / Bezejmenná / Bezejmenné / Bezejmenné;
;Брошенный / Брошенная / Брошенное / Брошенные;Abandoned;放棄された;Aufgegebener / Aufgegebene / Aufgegebenes / Aufgegebene;Abandonado / Abandonada;;Fatiscente / Fatiscente / Fatiscenti / Fatiscenti;Abandonada;Opuszczony / Opuszczona / Opuszczone / Opuszczone;Terk Edilmiş;Opuštěný/ Opuštěná / Opuštěné / Opuštěné;
;Бурый / Бурая / Бурое / Бурые;Brown;褐色の;Brauner / Braune / Braunes / Braune;Marrón / Marrón;;Buio / Buia / Bui /Bui;Marrom;Brunatny / Brunatna / Brunatne / Brunatne;Kahverengi;Hnědý / Hnědá / Hnědé / Hnědé;
;Воющий / Воющая / Воющее / Воющие;Howling;荒涼とした;Heulender / Heulende / Heulendes / Heulende;de los Aullidos / de los Aullidos;;Gemente / Gemente / Gementi / Gementi;Uivante;Wyjący / Wyjąca / Wyjące / Wyjące;Uğultulu;Vyjící / Vyjící / Vyjící / Vyjící;
;Гибельный / Гибельная / Гибельное / Гибельные;Disastrous;破滅的な;Verheerender / Verheerende / Verheerendes / Verheerende;Desastroso / Desastrosa;;Rovinoso / Rovinosa / Rovinosi / Rovinosi;Desastrosa;Zgubny / Zgubna / Zgubne / Zgubne;Belalı;Zhoubný / Zhoubná / Zhoubné / Zhoubné;
;Глухой / Глухая / Глухое / Глухие;Deaf;ろう者の;Tauber / Taube / Taubes / Taube;Sordo / Sorda;;Sordo / Sorda / Sordi / Sordi;Surda;Głuchy / Głucha / Głuche / Głuche;Sağır;Hluchý / Hluchá / Hluché / Hluché;
;Гнилой / Гнилая / Гнилое / Гнилые;Rotten;腐敗した;Verfaulter / Verfaulte / Verfaultes / Verfaulte;Putrefacto / Putrefacta;;Putrido / Putrida / Putridi / Putridi;Podre;Gnijący / Gnijąca / Gnijące / Gnijące;Çürümüş;Prohnilý / Prohnilá / Prohnilé / Prohnilé;
;Грозный / Грозная / Грозное / Грозные;Fearsome;恐るべき;Furchteinflößender / Furchteinflößende / Furchteinflößendes / Furchteinflößende;Aterrador / Aterradora;;Spaventoso / Spaventosa / Spaventosi / Spaventosi;Temível;Straszny / Straszna / Straszne / Straszne;Korkunç;Strašný / Strašná / Strašné / Strašné;
;Грязный / Грязная / Грязное / Грязные;Dirty;汚れた;Dreckiger / Dreckige / Dreckiges / Dreckige;Estomagante / Estomagante;;Sudicio / Sudicia / Sudici / Sudici;Suja;Brudny / Brudna / Brudne / Brudne;Kirli;Špinavý / Špinavá / Špinavé / Špinavé;
;Дымный / Дымная / Дымное / Дымные;Smoky;くすんだ;Verrauchter / Verrauchte / Verrauchtes / Verrauchte;Humeante / Humeante;;Fumante / Fumante / Fumanti / Fumanti;Enfumaçada;Dymny / Dymna / Dymne / Dymne;Dumanlı;Kouřový / Kouřová / Kouřové / Kouřové;
;Жуткий / Жуткая / Жуткое / Жуткие;Creepy;おぞましい;Unheimlicher / Unheimliche / Unheimliches / Unheimliche;Inquietante / Inquietante;;Inquietante / Inquietante / Inquietanti / Inquietanti;Arrepiante;Przerażający / Przerażająca / Przerażające / Przerażające;Ürpertici;Děsivý / Děsivá / Děsivé / Děsivé;
;Забытый / Забытая / Забытое / Забытые;Forgotten;禁じられた;Vergessener / Vergessene / Vergessenes / Vergessene;Olvidado / Olvidada;;Immemore / Immerore / Immemori / Immemori;Esquecida;Zapomniany / Zapomniana / Zapomniane / Zapomniane;Unutulmuş;Zapomenutý / Zapomenutá / Zapomenuté / Zapomenuté;
;Замшелый / Замшелая / Замшелое / Замшелые;Mossy;苔むした;Bemooster / Bemooste / Bemoostes / Bemooste;Musgoso / Musgosa;;Muscoso / Muscosa / Muscosi / Muscosi;Musgosa;Zmurszały / Zmurszała / Zmurszałe / Zmurszałe;Likenli;Mechový / Mechová / Mechové / Mechové;
;Затерянный / Затерянная / Затерянное / Затерянные;Lost;失われた;Verlorener / Verlorene / Verlorenes / Verlorene;Perdido / Perdida;;Sperduto / Sperduta / Sperduti / Sperduti;Perdida;Utracony / Utracona / Utracone / Utracone;Kayıp;Ztracný / Ztracená / Ztracené / Ztracené;
;Затхлый / Затхлая / Затхлое / Затхлые;Musty;かび臭い;Muffiger / Muffige / Muffiges / Muffige;Mohoso / Mohosa;;Stridente / Stridente / Stridenti / Stridenti;Bolorenta;Stęchły / Stęchła / Stęchłe / Stęchłe;Küflenmiş;Plesnivý / Plesnivá / Plesnivé / Plesnivé;
;Зачахший / Зачахшая / Зачахшее / Зачахшие;Withered;干からびた;Verdorrter / Verdorrte / Verdorrtes / Verdorrte;Vetusto / Vetusta;;Vetusto / Vetusta / Vetusti / Vetusti;Murcha;Zatęchły / Zatęchła / Zatęchłe / Zatęchłe;Solmuş;Svcrklý / Scvrklá / Scvrklé / Scvrklé;
;Звенящий / Звенящая / Звенящее / Звенящие;Tinkling;鳴り響く;Klingelnder / Klingelnde / Klingelndes / Klingelnde;Angustioso / Angustiosa;;Tintinnante / Tintinnante / Tintinnante / Tintinnante;Tilintante;Brzęczący / Brzęcząca / Brzęczące / Brzęczące;Çınlayan;Zvonivý / Zvonivá / Zvonivé / Zvonivé;
;Зловещий / Зловещая / Зловещее / Зловещие;Sinister;邪悪な;Finsterer / Finstere / Finsteres / Finstere;Siniestro / Siniestra;;Sinistro / Sinistra / Sinistri / Sinistri;Sinistra;Złowrogi / Złowroga / Złowrogie / Złowrogie;Uğursuz;Zlověstný / Zlověstná / Zlověstné / Zlověstné;
;Зябкий / Зябкая / Зябкое / Зябкие;Chilly;不気味な;Kühler / Kühle / Kühles / Kühle;Frío / Fría;;Gelido / Gelida / Gelidi / Gelidi;Gélida;Chłodzący / Chłodząca / Chłodzące / Chłodzące;Serin;Chladný / Chladná / Chladné / Chladné;
;Каменный / Каменная / Каменное / Каменные;Stone;石の;Steinerner / Steinerne / Steinernes / Steinerne;de Piedra;;Pietroso / Pietrosa / Pietrosi / Pietrosi;de Pedra;Kamienny / Kamienna / Kamienne / Kamienne;Taşlı;Kamenný / Kamenná / Kamenné / Kamenné;
;Мертвенный / Мертвенная / Мертвенное / Мертвенные;Deathly;死の;Tödlicher / Tödliche / Tödliches / Tödliche;Mortal / Mortal;;Funereo / Funerea / Funerei / Funerei;Mortal;Śmiertelny / Śmiertelna / Śmiertelne / Śmiertelne;Ölümcül;Smrtící / Smrtící / Smrtící / Smrtící;
;Молчаливый / Молчаливая / Молчаливое / Молчаливые;Silent;沈黙の;Stummer / Stumme / Stummes / Stumme;Silencioso / Silenciosa;;Silente / Silente / Silenti / Silenti;Silenciosa;Bezgłośny / Bezgłośna / Bezgłośne / Bezgłośne;Suskun;Němý / Němá / Němé / Němé;
;Мрачный / Мрачная / Мрачное / Мрачные;Gloomy;仄暗い;Düsterer / Düstere / Düsteres / Düstere;Sombrío / Sombría;;Cupo / Cupa / Cupi / Cupi;Lúgubre;Ponury / Ponura / Ponure / Ponure;Kasvetli;Temný / Temná / Temné / Temné;
;Мшистый / Мшистая / Мшистое / Мшистые;Mossy;苔むした;Moosiger / Moosige / Moosiges / Moosige;Musgoso / Musgosa;;Muscoso / Muscosa / Muscosi / Muscosi;Musgosa;Omszony / Omszona / Omszone / Omszone;Yosunlu;Zarostlý / Zarostlá / Zarostlé / Zarostlé;
;Неприметный / Неприметная / Неприметное / Неприметные;Hidden;隠された;Verborgener / Verborgene / Verborgenes / Verborgene;Oculto / Oculta;;Occulto / Occulta / Occulti / Occulti;Escondida;Ukryty / Ukryta / Ukryte / Ukryte;Gizli;Nenápadný / Nenápadná / Nenápadné / Nenápadné;
;Одинокий / Одинокая / Одинокое / Одинокие;Lonely;孤独の;Einsamer / Einsame / Einsames / Einsame;Solitario / Solitaria;;Isolato / Isolata / Isolati / Isolati;Solitária;Samotny / Samotna / Samotne / Samotne;Issız;Osamělý / Osamělá / Osamělé / Osamělé;
;Омрачённый / Омрачённая / Омрачённое / Омрачённые;Darkened;闇に包まれた;Verdunkelter / Verdunkelte / Verdunkeltes / Verdunkelte;Ofuscado / Ofuscada;;Oscuro / Oscura / Oscuri / Oscuri;Escurecida;Ściemnony / Ściemniona / Ściemnione / Ściemnione;Karanlık;Potemnělý / Potemnělá / Potemnělé / Potemnělé;
;Покинутый / Покинутая / Покинутое / Покинутые;Forlorn;寂れた;Verzweifelter / Verzweifelte / Verzweifeltes / Verzweifelte;Desolado / Desolada;;Triste / Triste / Tristi / Tristi;Desamparada;Zostawiony / Zostawiona / Zostawione / Zostawione;Terkedilmiş;Zoufalý / Zoufalá / Zoufalé / Zoufalé;
;Промозглый / Промозглая / Промозглое / Промозглые;Dank;湿った;Klammer / Klamme / Klammes / Klamme;Fangoso / Fangosa;;Umido / Umida / Umidi / Umidi;Úmida;Wilgotny / Wilgotna / Wilgotne / Wilgotne;Rutubetli;Vlhký / Vlhká / Vlhké / Vlhké;
;Пыльный / Пыльная / Пыльное / Пыльные;Dusty;埃まみれの;Staubiger / Staubige / Staubiges / Staubige;Polvoriento / Polvorienta;;Polveroso / Polverosa / Polverosi / Polverosi;Empoeirada;Zakurzony / Zakurzona / Zakurzone / Zakurzone;Tozlu;Prašný / Prašná / Prašné / Prašné;
;Разрушенный / Разрушенная / Разрушенное / Разрушенные;Ruined;廃墟の;Zerstörter / Zerstörte / Zerstörtes / Zerstörte;Arruinado / Arruinada;;Rovinoso / Rovinosa / Rovinosi / Rovinosi;Arruinada;Zrujnowany / Zrujnowana / Zrujnowane / Zrujnowane;Harap;Zbořený / Zbořená / Zbořené / Zbořené;
;Ржавый / Ржавая / Ржавое / Ржавые;Rusty;錆び付いた;Rostig / Rostige / Rostiges / Rostige;Herrumbroso / Herrumbrosa;;Rugginoso / Rugginosa / Rugginosi / Rugginosi;Enferrujada;Zardzewiały / Zardzewiała / Zardzewiałe / Zardzewiały;Paslı;Rezavý / Rezavá / Rezavé / Rezavé;
;Свистящий / Свистящая / Свистящее / Свистящие;Whistling;吹きすさぶ;Pfeifender / Pfeifende / Pfeifendes / Pfeifende;de los Silbidos;;Sibilante / Sibilante / Sibilanti / Sibilanti;Assoviante;Gwizdający / Gwizdająca / Gwizdające / Gwizdające;Uğuldayan;Hvízdavý / Hvízdavá / Hvízdavé / Hvízdavé;
;Осквернённый / Осквернённая / Осквернённое / Осквернённые;Corrupted;堕落した;Verdorbener / Verdorbene / Verdorbenes / Verdorbene;Corrupto / Corrupta;;Corrotto / Corrotta / Corrotti / Corrotti;Corrompida;Przeklęty / Przeklęta / Przeklęte / Przeklęte;Yozlaşmış;Zkažený / Zkažená / Zkažené / Zkažené;
;Старый / Старая / Старое / Старые;Old;古の;Alter / Alte / Altes / Alte;Viejo / Vieja;;Vecchio / Vecchia / Vecchi / Vecchi;Velha;Stary / Stara / Stare / Stare;Eski;Starý / Stará / Staré / Staré;
;Сырой / Сырая / Сырое / Сырые;Damp;霧がかった;Feuchter / Feuchte / Feuchtes / Feuchte;Húmedo / Húmeda;;Umido / Umida / Umidi / Umidi;Úmida;Zgniły / Zgniła / Zgniłe / Zgniłe;Nemli;Mokrý / Mokrá / Mokré / Mokré;
;Тихий / Тихая / Тихое / Тихие;Quiet;静寂の;Stiller / Stille / Stilles / Stille;Hermético / Hermética;;Quieto / Quieta / Quieti / Quieti;Quieta;Spokojny / Spokojna / Spokojne / Spokojne;Sakin;Klidný / Klidná / Klidné / Klidné;
;Тусклый / Тусклая / Тусклое / Тусклые;Dim;薄暗い;Trüber / Trübe / Trübes / Trübe;Deslucido / Deslucida;;Opaco / Opaca / Opachi / Opachi;Opaca;Ciemny / Ciemna / Ciemne / Ciemne;Loş;Mdlý / Mdlá / Mdlé / Mdlé;
;Угрюмый / Угрюмая / Угрюмое / Угрюмые;Sullen;怒れる;;Tétrico / Tétrica;;Tetro / Tetra / Tetri / Tetri;Taciturna;Posępny / Posępna / Posępne / Posępne;Huysuz;Mrzutý / Mrzutá / Mrzuté / Mrzuté;
;Хладный / Хладная / Хладное / Хладные;Wintry;極寒の;Winterlicher / Winterliche / Winterlichers / Winterliche;Gélido / Gélida;;Lugubre / Lugubre / Lugubri / Lugubri;Invernal;Zimowy / Zimowa / Zimowe / Zimowe;Buz Gibi;Zimní / Zimní / Zimní / Zimní;
;Хмурый / Хмурая / Хмурое / Хмурые;Frowning;不快なる;Stirnrunzelnder / Stirnrunzelnde / Stirnrunzelndes / Stirnrunzelnde;Lúgubre / Lúgubre;;Fosco / Fosca / Foschi / Foschi;Carrancuda;Zmarszczony / Zmarszczona / Zmarszczone / Zmarszczone;İç Karartan;Zamračený / Zamračená / Zamračené / Zamračené;
;Холодный / Холодная / Холодное / Холодные;Cold;凍える;Kalter / Kalte / Kaltes / Kalte;Helado / Helada;;Freddo / Fredda / Freddi / Freddi;Fria;Zimny / Zimna / Zimne / Zimne;Soğuk;Studený / Studená / Studené / Studené;
;Чахлый / Чахлая / Чахлое / Чахлые;Sickly;瘴気に包まれた;Kränklicher / Kränkliche / Kränkliches / Kränkliche;Enfermizo / Enfermiza;;Malsano / Malsana / Malsani / Malsani;Débil;Chorowity / Chorowita / Chorowite / Chorowite;Hastalıklı;Odporný / Odporná / Odporné / Odporné;
;Чёрный / Чёрная / Чёрное / Чёрные;Black;暗黒の;Schwarzer / Schwarze / Schwarzes / Schwarze;Negro / Negra;;Nero / Nera / Neri / Neri;Negra;Czarny / Czarna / Czarne / Czarne;Siyah;Černý / Černá / Černé / Černé;
;crypt_prefix_end;crypt_prefix_end;crypt_prefix_end;crypt_prefix_end;crypt_prefix_end;crypt_prefix_end;crypt_prefix_end;crypt_prefix_end;crypt_prefix_end;crypt_prefix_end;crypt_prefix_end;crypt_prefix_end
;;;;;;;;;;;;
;bastion_prefix;bastion_prefix;bastion_prefix;bastion_prefix;bastion_prefix;bastion_prefix;bastion_prefix;bastion_prefix;bastion_prefix;bastion_prefix;bastion_prefix;bastion_prefix
;Форт;Fort;砦;Fort;Fuerte;;Forte;Forte;Fort;Hisar;Tvrz;
;Крепость;Fortress;要塞;Festung;Fortaleza;;Fortezza;Fortaleza;Forteca;Kale;Pevnost;
;Замок;Castle;城塞;Burg;Castillo;;Castello;Castelo;Zamek;Şato;Hrad;
;Башня;Tower;塔;Turm;Torreón;;Torre;Torre;Wieża;Kule;Věž;
;Бастион;Bastion;陣地;Bastion;Bastión;;Bastione;Bastião;Bastion;Tabya;Bašta;
;Застава;Outpost;前哨地;Außenposten;Puesto avanzado;;Avamposto;Posto avançado;Posterunek;Karakol;Výspa;
;bastion_prefix_end;bastion_prefix_end;bastion_prefix_end;bastion_prefix_end;bastion_prefix_end;bastion_prefix_end;bastion_prefix_end;bastion_prefix_end;bastion_prefix_end;bastion_prefix_end;bastion_prefix_end;bastion_prefix_end
;;;;;;;;;;;;
;//;//;//;//;//;//;//;//;//;//;//;//
;bastion_name;bastion_name;bastion_name;bastion_name;bastion_name;bastion_name;bastion_name;bastion_name;bastion_name;bastion_name;bastion_name;bastion_name
;Иннвер{1};Innver{1};インヴェール{1};Innver{1};Innver{1};;Innver{1};Innver{1};Innver{1};Innver{1};Innver{1};
;Раветворт{1};Ravetwort{1};ラヴェトウォルト{1};Ravetwort{1};Ravetwort{1};;Ravetwort{1};Ravetwort{1};Ravetwort{1};Ravetwort{1};Ravetwort{1};
;Данбейн{1};Danbayne{1};ダンベイン{1};Danbayne{1};Danbayne{1};;Danbayne{1};Danbayne{1};Danbayne{1};Danbayne{1};Danbayne{1};
;Ривстейн{1};Reevstayne{1};レーヴシュタイン{1};Reevstayne{1};Reevstayne{1};;Reevstayne{1};Reevstayne{1};Reevstayne{1};Reevstayne{1};Reevstayne{1};
;Нирвуст{1};Neervust{1};ネールヴスト{1};Neervust{1};Neervust{1};;Neervust{1};Neervust{1};Neervust{1};Neervust{1};Neervust{1};
;Йормас{1};Jormas{1};ヨールマス{1};Jormas{1};Jormas{1};;Jormas{1};Jormas{1};Jormas{1};Jormas{1};Jormas{1};
;Рунфост{1};Runfost {1};ランフォスト{1};Rumfost{1};Runfost{1};;Runfost {1};Runfost {1};Runfost {1};Runfost {1};Runfost{1};
;Иствер{1};Eestver{1};エーストヴェール{1};Eestver{1};Eestver{1};;Eestver{1};Eestver{1};Eestver{1};Eestver{1};Eestver{1};
;bastion_name_end;bastion_name_end;bastion_name_end;bastion_name_end;bastion_name_end;bastion_name_end;bastion_name_end;bastion_name_end;bastion_name_end;bastion_name_end;bastion_name_end;bastion_name_end
;;;;;;;;;;;;
;//;;//;;;;;;;;;
;crypt_name;crypt_name;crypt_name;crypt_name;crypt_name;crypt_name;crypt_name;crypt_name;crypt_name;crypt_name;crypt_name;crypt_name
;Склеп{1};Crypt{1};納骨堂{1};Krypta{2};Cripta{2};;Cripta{2};Cripta{1};Krypta{2};Türbe{1};Krypta{2};
;Усыпальница{2};Tomb{2};霊廟{2};Schrein{1};Tumba{2};;Tomba{2};Tumba{2};Kaplica{2};Kabir{2};Hrobka{2};
;Могильник{1};Burial{1};墓所{1};Grabstätte{2};Entierro{1};;Sepoltura{2};Sepultura{1};Pole Grobów{3};Mezarlık{1};Pohřebiště{3};
;Погост{1};Grave{1};墓地{1};Grab{3};Sepulcro{1};;Sepolcro{1};Cova{1};Grób{1};Mezar{1};Hrob{1};
;Захоронение{3};Mound{3};墳墓{3};Hügel{1};Túmulo{1};;Tumulo{1};Colina{3};Kopiec{1};Höyük{3};Mohyla{2};
;Крипта {2};Vault{2};地下墓地{2};Gewölbe{3};Mausoleo{1};;Mausoleo{1};Abóbada{2};Skarbiec{1};Mezar Odası{2};Hrobka{2};
;crypt_name_end;crypt_name_end;crypt_name_end;crypt_name_end;crypt_name_end;crypt_name_end;crypt_name_end;crypt_name_end;crypt_name_end;crypt_name_end;crypt_name_end;crypt_name_end
;;;;;;;;;;;;
;;;;;;;;;;;;
;//;//;//;//;//;//;//;//;//;//;//;//
;crypt_preset;crypt_preset;crypt_preset;crypt_preset;crypt_preset;crypt_preset;crypt_preset;crypt_preset;crypt_preset;crypt_preset;crypt_preset;crypt_preset
;Последний Вздох;Last Breath;最期;Letzter Atem;Último Aliento;;Ultimo Sospiro;Último Suspiro;Ostatni Oddech;Son Nefes;Poslední Dech;
;Вечный Сон;Eternal Sleep;永遠なる眠り;Ewiger Schlaf;Sueño Eterno;;Riposo Eterno;Sono Eterno;Wieczny Sen;Ebedi Uyku;Věčný Spánek;
;Чёрный Приют;Black Retreat;黒き避難所;Schwarze Zuflucht;Retiro Negro;;Nero Ritiro;Retiro Sombrio;Czarny Odwrót;Kara Sığınak;Černé Útočiště;
;Враний Холм;Raven Hill;カラスの丘;Rabenhügel;Colina del Cuervo;;Colle dei Corvi;Colina do Corvo;Wzgórze Kruków;Kuzgun Tepesi;Havraní Kopec;
;Смех Мертвеца;Deadman's Grin;死者の笑み;Totengrinsen;Mueca del Muerto;;Ghigno del Morto;Sorriso do Morto;Uśmiech Wisielca;Ölü Adamın Sırıtışı;Katův Škleb;
;Старая Могила;Old Grave;古の墓所;Altes Grab;Tumba antigua;;Antico Sepolcro;Sepultura Antiga;Stary Grobowiec;Eski Mezar;Starý Hrob;
;Костяной Курган;Bone Mound;骨塚;Knochenhügel;Montículo de Huesos;;Tumulo d'Ossa;Monte Ósseo;Kopiec Kości;Kemik Höyüğü;Kostěná Mohyla;
;crypt_preset_end;crypt_preset_end;crypt_preset_end;crypt_preset_end;crypt_preset_end;crypt_preset_end;crypt_preset_end;crypt_preset_end;crypt_preset_end;crypt_preset_end;crypt_preset_end;crypt_preset_end
;;;;;;;;;;;;
;bastion_preset;bastion_preset;bastion_preset;bastion_preset;bastion_preset;bastion_preset;bastion_preset;bastion_preset;bastion_preset;bastion_preset;bastion_preset;bastion_preset
;Форт Волчий Клык;Fort Wolf Fang;ウルフファング要塞;Fort Wolfszahn;Fuerte Colmillo de Lobo;;Forte della Zanna di Lupo;Forte Presa do Lobo;Fort Wilczego Kła;Kurt Dişi Hisarı;Tvrz Vlčí Tesák;
;Форт Сломанный Клинок;Fort Broken Blade;ブロークンブレイド要塞;Fort Abgebrochene Klinge;Fuerte Espada Rota;;Forte della Lama Spezzata;Forte Lâmina Quebrada;Fort Złamanego Ostrza;Kırık Bıçak Hisarı;Tvrz Zlomená Čepel;
;Форт Старая Башня;Fort Old Tower;オールドタワー要塞;Fort Alter Turm;Fuerte Torreón Viejo;;Forte della Vecchia Torre;Forte Torre Velha;Fort Starej Wieży;Eski Kule Hisarı;Tvrz Stará Věž;
;Форт Серый Сокол;Fort Gray Falcon;グレイファルコン要塞;Fort Grauer Falke;Fuerte Halcón Gris;;Forte del Grigio Falcone;Forte Falcão Cinza;Fort Szarego Sokoła;Gri Şahin Hisarı;Tvrz Šedý Sokol;
;Этбертов форт;Fort Etbert;エトベルト要塞;Etbert's Fort;Fuerte Etbert;;Forte di Etbert;Forte de Etbert;Fort Etberta;Etbert'ın Hisarı;Etbertova Tvrz;
;bastion_preset_end;bastion_preset_end;bastion_preset_end;bastion_preset_end;bastion_preset_end;bastion_preset_end;bastion_preset_end;bastion_preset_end;bastion_preset_end;bastion_preset_end;bastion_preset_end;bastion_preset_end
;;;;;;;;;;;;
;catacombs_preset;catacombs_preset;catacombs_preset;catacombs_preset;catacombs_preset;catacombs_preset;catacombs_preset;catacombs_preset;catacombs_preset;catacombs_preset;catacombs_preset;catacombs_preset
;Монастырь Сонма Негасимого;Monastery of the Host Inextinguishable;不滅なる聖体の修道院;Kloster des Unauslöschlichen GASTGEBERS;Monasterio de las Huestes Inextinguibles;;Monastero dell'Ospite Inestinguibile;Monastério do Anfitrião Inextinguível;Monastyr Gospodarza Nieugaszalnego;Söndürülemez Panteon Manastırı;Klášter Hostitele neuhasitelného;
;Старое аббатство;Old Abbey;古の修道院;Alte Abtei;Antigua Abadía;;Vecchia Abbazia;Abadia Antiga;Stare Opactwo;Eski Manastır;Staré opatství;
;Часовня Путеводной Звезды;Chapel of the Guiding Star;導き星の教会;Kapelle des Wegweisenden Sterns;Capilla de la Estrella Guía;;Cappella della Stella Guida;Capela da Estrela Guia;Kaplica Gwiazdy Przewodniej;Rehberlik Yıldızı Şapeli;Kaple vodící hvězdy;
;Монастырские руины;Monastery Ruins;修道院の廃墟;Klosterruinen;Ruinas del Monasterio;;Rovine del Monastero;Ruínas do Monastério;Ruiny Monastyru;Manastır Harabeleri;Ruiny kláštera;
;catacombs_preset_end;catacombs_preset_end;catacombs_preset_end;catacombs_preset_end;catacombs_preset_end;catacombs_preset_end;catacombs_preset_end;catacombs_preset_end;catacombs_preset_end;catacombs_preset_end;catacombs_preset_end;catacombs_preset_end
;;;;;;;;;;;;
;location_name;location_name;location_name;location_name;location_name;location_name;location_name;location_name;location_name;location_name;location_name;location_name
;Архивы;Archives;記録保管所;Archive;Archivos;;Archivi;Arquivos;Archiwa;Arşiv;Archivy;
;Старые катакомбы;Old Catacombs;古いカタコンベ;Alte Katakomben;Catacumbas Vetustas;;Antiche Catacombe;Catacumbas Antigas;Stare Katakumby;Eski Yeraltı Mezarları;Staré katakomby;
;Монастырские подвалы;Abbey Cellars;修道院地下室;Abteikeller;Sótanos de la Abadía;;Sotterranei della Cappella;Porão do Mosteiro;Piwnice Opactwa;Manastır Mahzenleri;Sklepy opatství;
;Осквернённая часовня;Corrupted Chapel;堕落した教会;Verderbte Kapelle;Capilla Corrompida;;Cappella Corrotta;Capela Corrompida;Splugawiona Kaplica;Yozlaşmış Şapel;Zkažená kaple;
;location_name_end;location_name_end;location_name_end;location_name_end;location_name_end;location_name_end;location_name_end;location_name_end;location_name_end;location_name_end;location_name_end;location_name_end