;Русский;English;中文;Deutsch;Español;Français;Italiano;Português;Polski;Türkçe;Čeština
;text;text;text;text;text;text;text;text;text;text;text
;;;;;;;;;;;
shacklesTitle;Инвентарь;Inventory;所持品;Inventar;Inventario;;Inventario;Inventário;Ekwipunek;Envanter;Inventář
;;;;;;;;;;;
shackles1;Откройте ~y~инвентарь~/~ с помощью [/*INVENTORY*/].;Open your ~y~Inventory~/~ by pressing [/*INVENTORY*/].;[/*INVENTORY*/]を押して~y~所持品~/~を開け;Öffne dein ~y~Inventar~/~ durch Drücken von [/*INVENTORY*/].;Puedes abrir tu ~y~inventario~/~ con la tecla [/*INVENTORY*/].;;Apri il tuo ~y~Inventario~/~ premendo [/*INVENTORY*/].;Abra seu ~y~Inventário~/~ pressionando [/*INVENTORY*/].;Otwórz swój ~y~Ekwipunek~/~ używając klawisza [/*INVENTORY*/].;~y~Envanter~/~ panelini açmak için [/*INVENTORY*/] tuşuna basın.;Otevři svůj ~y~Inventář~/~ stisknutím [/*INVENTORY*/].
shackles2;Здесь вы можете управлять вашей экипировкой и перемещать предметы.##Это можно сделать несколькими способами: ~lg~перетаскиванием~/~ мышкой, выбрав соответствующую опцию в контекстном меню на [~lg~ПКМ~/~] или сочетанием [~lg~Alt + ЛКМ~/~].;Here you can manage your equipment and move items.##It can be done in a number of ways: by using your mouse to ~lg~drag~/~ an item, by choosing the corresponding option in the context menu summoned by [~lg~RMB~/~] or by pressing [~lg~Alt + LMB~/~].;ここでは装備やアイテムの移動ができる。##これにはいくつかの方法がある：マウスを~lg~ドラッグ~/~してアイテムを移動するか、[~lg~RMB~/~]または[~lg~Alt + LMB~/~]を押してメニューを呼び出し、行動を選択する。;Hier kannst du deine Ausrüstung verwalten und Gegenstände verschieben.##Das kann auf verschiedene Weise geschehen: du ~lg~ziehst~/~ den Gegenstand mit der Maus, oder du wählst die entsprechende Option im Kontextmenü, das mit [~lg~RE. MAUSTASTE~/~] aufgerufen wird, oder du drückst [~lg~Alt + LI. MAUSTASTE~/~].;En esta ventana podrás gestionar tu equipo y mover objetos.##Puedes hacerlo de muchas maneras: ~lg~arrastrando~/~ un objeto con el mouse, eligiendo la opción correspondiente en el menú de [~lg~Clic derecho~/~], o tocando la combinación: [~lg~Alt + clic izquierdo~/~].;;Qui puoi gestire, equipaggiare e spostare gli oggetti in tuo possesso.##Ci sono vari modi per farlo: puoi usare il mouse per ~lg~trascinarli~/~ o aprire il menu contestuale di un oggetto spostando il cursore sopra di esso e cliccando [~lg~MOUSE DX~/~]. Altrimenti, premi [~lg~Alt + MOUSE SX~/~].;Aqui você gerencia seus itens e equipamentos.##Pode ser feito de várias maneiras: usando o mouse para ~lg~arrastar~/~ um item, escolhendo a opção correspondente no menu de contexto aberto com [~lg~Botão Direito do Mouse~/~] ou pressionando [~lg~Alt + Botão Esquerdo do Mouse~/~].;Tutaj możesz zarządzać swoim wyposażeniem oraz przenosić przedmioty.##Można to zrobić na wiele sposobów: używając ~lg~przenosząc~/~ przedmiot myszą, otwierając menu związane z przedmiotem [~lg~RMB~/~] myszy albo wciskając [~lg~Alt + LMB~/~].;Buradan ekipmanları yönetebilir ve eşyaları taşıyabilirsin.##Birden fazla yolla yapılabilir:#bir eşyayı ~lg~sürüklemek~/~ için imleci kullanabilir, [~lg~Sağ Fare Tuşu~/~] ile açılan menüden uygun seçeneği seçebilir veya [~lg~Alt + Sol Fare Tuşu~/~] ile hızlıca uygulayabilirsin.;Zde můžeš spravovat svojí výbavu a hýbat s předměty.##Lze to provést více způsoby: použitím myši k ~lg~přetažení~/~ předmětu, výběrem odpovídající volby v kontextovém menu, které vyvoláš [~lg~PTM~/~] nebo stiskem [~lg~Alt + LTM~/~].
shackles3;Снимите ~y~кандалы~/~, чтобы освободиться.;Remove the ~y~shackles~/~ to free yourself.;~y~足枷~/~を取り除き、行動の自由を確保せよ;Entferne die ~y~Fesseln~/~, um dich zu befreien.;Quítate las ~y~cadenas~/~ para liberarte.;;Rimuovi le ~y~catene~/~ per liberarti.;Remova os ~y~grilhões~/~ para se libertar.;Zdejmij ~y~kajdany~/~ i uwolnij się.;Özgür kalmak için ~y~Paslı Prangalar~/~ eşyasını çıkarın.;Odstraň ~y~pouta~/~, aby ses osvobodil.
;;;;;;;;;;;
searchTitle;Обыск;Searching;探索;Suchen;Revisar;;Perquisizioni;Vasculhando;Przeszukiwanie;Aramak;Prohledávání
;;;;;;;;;;;
search1;Интерактивные объекты окружения можно обыскивать.#Чтобы обыскать труп, наведите на него и нажмите [~lg~ЛКМ~/~].;Surrounding interactive objects can be searched.#To search the corpse, hover over it and press [~lg~LMB~/~].;周囲には調べることができる対象がある。#亡骸を調べるには、マウスを対象に合わせて[~lg~LMB~/~]を押す。;Umgebende interaktive Objekte können durchsucht werden.#Um die Leiche zu durchsuchen, fahre mit der Maus darüber und drücke [~lg~LI. MAUSTASTE~/~].;Puedes revisar los objetos interactivos de tu entorno.#Para revisar el cuerpo, mueve el cursor sobre él y haz [~lg~clic izquierdo~/~].;;Spesso gli oggetti interagibili possono essere perquisiti.#Per perquisire il cadavere, sposta il cursore sopra di esso e premi [~lg~MOUSE SX~/~].;Objetos interativos no cenário podem ser vasculhados.#Para vasculhar o cadáver, coloque o cursor sobre ele e pressione o [~lg~Botão Esquerdo do Mouse~/~].;Otaczające cię interaktywne przedmioty mogą być przeszukane.#By przeszukać ciało najedź na nie myszą i wciśnij [~lg~LMB~/~];Çevredeki interaktif nesneler aranabilir.#Cesedi aramak için imleç cesedin üzerindeyken [~lg~Sol Fare Tuşu~/~] ile paneli açın.;Okolní interaktivní objekty mohou lze prohledat.#Aby jsi prohledal mrtvolu, najeď na ní myší a stiskni [~lg~LTM~/~].
search2;Теперь заберите предметы.##Чтобы одновременно забрать всё сразу, нажмите на кнопку со стрелкой в окне контейнера или [/*GET_ALL*/].;Now pick up the items.##To take everything at once, press the button with an arrow in the container window or press [/*GET_ALL*/].;アイテムを拾うことができるようになった##一度にすべてのアイテムを取得するには、戦利品画面の矢印が付いたボタンを押すか、[/*GET_ALL*/]を押す。;Hebe jetzt die Gegenstände auf.##Um alles auf einmal aufzunehmen, drücke die Schaltfläche mit dem Pfeil im Container-Fenster oder drücke [/*GET_ALL*/].;Ahora, toma los objetos.##Para tomar todo de una vez, presiona el botón con una flecha en la ventana emergente o presiona [/*GET_ALL*/].;;Ora raccogli gli oggetti trovati.##Per prendere tutto simultaneamente, puoi cliccare sul pulsante con la freccia rivolta verso destra o premere [/*GET_ALL*/].;Agora pegue os itens.##Para pegar tudo de uma vez, aperte o botão com uma seta na janela do conteúdo ou pressione [/*GET_ALL*/].;Teraz podnieś przedmioty.##By podnieść wszystko na raz, wciśnij klawisz ze strzałką obok okna lub wciśnij [/*GET_ALL*/].;Şimdi eşyaları toplayın.##Hepsini tek seferde almak için panel kenarındaki ok simgeli butonu kullanın#veya [/*GET_ALL*/] tuşuna basın.;Teď posbírej předměty.##K tomu, aby jsi vzal všechno najednou, stiskni tlačítko s šipkou nebo zmáčkni [/*GET_ALL*/].
;;;;;;;;;;;
hungerTitle;Потребности;Needs;欲求;Bedürfnisse;Necesidades;;Bisogni;Necessidades;Potrzeby;İhtiyaçlar;Potřeby
;;;;;;;;;;;
hunger1;Вас мучают голод и жажда. Чем они выше, тем хуже вы себя чувствуете.;You are suffering from hunger and thirst. The stronger they are, the worse your overall condition is.;飢餓と渇水に苦しんでいる。それらが大きくなるほど、全身の状態も悪化する。;Du leidest an Hunger und Durst. Je stärker sie sind, desto schlechter ist dein Gesamtzustand.;Estás padeciendo hambre y sed. Cuanto más intensas sean estas necesidades, peor será tu estado general.;;Stai soffrendo la fame e la sete. Quanto più urgenti sono questi bisogni, tanto più gravi sono i loro effetti sul tuo benestare.;Você está sofrendo de fome e sede. Quanto mais fortes, pior será sua condição geral.;Trawi cię głód oraz pragnienie. Im bardziej jesteś głodny lub spragniony, tym twoja ogólna kondycja jest gorsza.;Açlık ve Susuzluk çekiyorsun. Bu durum ne kadar artarsa, genel kondisyonun da o kadar kötüleşir.;Trpíš hladem a žízní. Čím silnější jsou, tím horší je tvůh celkový stav.
hunger2;Чтобы утолить их, наведите на еду и питьё и вызовите контекстное меню [~lg~ПКМ~/~]. Выберите опцию ~y~"Съесть"~/~ и ~y~"Выпить"~/~ соответственно.##Вы также можете быстро применять предметы горячей клавишей [~lg~Alt + ЛКМ~/~].;To sate them, hover your mouse over food and water and summon the context menu [~lg~RMB~/~]. Choose ~y~"Eat"~/~ and ~y~"Drink"~/~ options accordingly.##It's also possible to quickly use items by pressing [~lg~Alt + LMB~/~].;これらを解消するには、マウスを食料や水に合わせてからメニューを開く[~lg~RMB~/~]。アイテムに応じた選択肢の~y~"食べる"~/~や~y~"飲む"~/~を選択する。##[~lg~Alt + LMB~/~]を押すことで素早くアイテムを使用することもできる。;Um sie zu stillen, bewege die Maus über Essen und Wasser und rufe das Kontextmenü auf [~lg~RE. MAUSTASTE~/~]. Wähle die Optionen ~y~"Essen"~/~ und ~y~"Trinken"~/~ entsprechend aus.##Es ist auch möglich, Gegenstände schnell zu verwenden, indem du [~lg~Alt + LI. MAUSTASTE~/~] drückst.;Para saciarte, ubica el cursor sobre tu agua y tus alimentos y abre el menú con [~lg~clic derecho~/~]. Luego, elige ~y~"Comer"~/~ o ~y~"Beber"~/~ según corresponda.##También puedes usar objetos rápidamente, presionando la combinación: [~lg~Alt + clic izquierdo~/~].;;Per saziarli, sposta il mouse su del cibo e dell'acqua e apri il menu contestuale [~lg~MOUSE DX~/~]. Clicca sulle opzioni ~y~"Mangia"~/~ e ~y~"Bevi"~/~ per consumare gli oggetti selezionati.##È inoltre possibile usare velocemente gli oggetti premendo [~lg~Alt + MOUSE SX~/~].;Para saciá-las, passe o cursor sobre a comida e água, então abra o menu de contexto [~lg~Botão Direito do Mouse~/~]. Escolha as opções ~y~"Comer"~/~ e ~y~"Beber"~/~ adequadamente.##Também é possível usar itens rapidamente pressionando [~lg~Alt + Botão Esquerdo do Mouse~/~].;By zaspokoić potrzeby, najedź myszą na jedzenie oraz bukłak i wywołaj menu poboczne [~lg~RMB~/~]. Wybierz opcje ~y~"Zjedz"~/~ oraz ~y~"Wypij"~/~ .##Możesz również szybko skorzystać z tych przedmiotów poprzez [~lg~Alt + LMB~/~].;Beslenmek için imleç yiyecek veya içeceğin üzerindeyken [~lg~Sağ Fare Tuşu~/~] ile menüyü açın, ~y~"Ye"~/~ ve ~y~"İç"~/~ seçeneklerinden uygun olanı seçin.##Eşyaları [~lg~Alt + Sol Fare Tuşu~/~] ile hızlıca kullanabilirsin.;Aby jsi je zahnal, najeď myší na jídlo a vodu a vyvolej kontextovou nabídku [~lg~RMB~/~]. Vyber možnosti ~y~"Jíst"~/~ a ~y~"Pít"~/~ podle potřeby.##Je také možné rychle použít předměty stisknutím [~lg~Alt + PTM~/~].
;;;;;;;;;;;
lockpickTitle;Взлом;Picking Locks;開錠;Schlösser knacken;Abrir cerraduras;;Scassinamento;Arrombando fechaduras;Otwieranie zamków;Kilitleri Açmak;Otevírání zámků
;;;;;;;;;;;
lockpick1;Иногда вам будут встречаться запертые замки. Для их открытия требуются особые предметы - отмычки, ломики или подходящие ключи.;Occasionally you'll encounter locked doors. To open them you can use special items - lockpicks, crowbars or fitting keys.;時折、鍵がかかった扉に出くわすだろう。これらを開けるには、ロックピック、バール、合い鍵といった特別なアイテムが必要になる。;Gelegentlich wirst du auf verschlossene Türen stoßen. Um sie zu öffnen, kannst du spezielle Gegenstände verwenden - Dietriche, Brecheisen oder passende Schlüssel.;En ocasiones, te encontrarás con puertas cerradas con llave. Para abrirlas, podrás utilizar cualquiera de los siguientes objetos especiales: ganzúas, palancas o la llave adecuada.;;Occasionalmente ti capiterà di imbatterti in porte bloccate. Per aprirle, dovrai ricorrere a determinati oggetti: grimaldelli, piedi di porco o chiavi.;Ocasionalmente você encontrará portas trancadas. É possível usar itens especiais para abri-las: gazuas, pés-de-cabra ou chaves apropriadas.;Czasami napotkasz zamknięte drzwi i inne obiekty. By je otworzyć możesz wykorzystać różne przedmioty - wytrychy, łomy albo po prostu pasujące klucze.;Bazen kilitli kapılarla karşılaşacaksın.#Açmak için maymuncuk, levye veya anahtar gibi özel eşyalar kullanabilirsin.;Občas narazíš na zamčené dveře. Aby jsi je otevřel, můžeš použít speciální předměty - šperháky, páčidla nebo hodící se klíč.
lockpick2;Взломайте дверь с помощью отмычек.##Для этого вызовите контекстное меню решётки с помощью [~lg~ПКМ~/~] и выберите опцию ~y~"Взломать"~/~.;Pick the lock with a lockpick.##To do so, summon the door's context menu with [~lg~RMB~/~] and choose the ~y~"Pick Lock"~/~ option.;ロックピックで開錠せよ。##扉のメニューを[~lg~RMB~/~]で呼び出し、~y~"開錠"~/~を選べば開錠することができる。;Öffne das Schloss mit einem Dietrich##Rufe dazu das Kontextmenü der Tür mit [~lg~Re. MAUSTASTE~/~] auf und wähle die Option ~y~"Schlossknacken"~/~.;Abre la cerradura con una ganzúa.##Para hacerlo, abre el menú sobre la puerta, con [~lg~clic derecho~/~], y selecciona la opción ~y~"Abrir cerradura"~/~.;;Forza la serratura con un grimaldello.##Per farlo, apri il menu contestuale della porta con [~lg~MOUSE DX~/~] e scegli l'opzione ~y~"Scassina"~/~.;Arrombe a fechadura usando uma gazua.##Para fazer isso, abra o menu de contexto da porta com [~lg~Botão Direito do Mouse~/~] e escolha a opção ~y~"Arrombar fechadura"~/~ .;Otwórz drzwi wytrychem.##By to uczynić, wywołaj menu klikając na drzwi [~lg~RMB~/~] i wybierając opcję ~y~"Użyj Wytrychu"~/~.;Maymuncuk ile kilidi açın.##Bunun için, imleç kapının üzerindeyken#[~lg~Sağ Fare Tuşu~/~] ile açılan menüden ~y~"Kilidi Aç"~/~ seçeneğini seçin.;Otevři zámek šperhákem.##Aby jsi tak udělal, otevři kontextovou nabídku dveří stisknutím [~lg~PTM~/~] a vyber možnost ~y~"Otevřít zámek"~/~.
;;;;;;;;;;;
combatTitle;Бой;Combat;戦闘;Kampf;Combate;;Combattimento;Combate;Walka;Savaş;Boj
;;;;;;;;;;;
combat1;Stoneshard - ~y~пошаговая~/~ игра, где почти все действия занимают ход.##Враги действуют только после вашего хода, поэтому вы можете не спешить и тщательно обдумывать свои действия.##В случае необходимости вы можете пропускать свои ходы нажатием [/*SKIP_TURN*/].;Stoneshard is a ~y~turn-based~/~ game where almost every action takes a turn.##Enemies only act when your turn ends, so you can take your time and think your actions through.##If necessary, you can skip your turns by pressing [/*SKIP_TURN*/].;ストーンシャードは~y~ターン制~/~のゲームであり、ほどんどの行動は１ターンを消費する。##敵はプレイヤーのターンが終了した時にのみ行動するので、時間を使ってどの行動を取るか考えることができる。##もし必要であれば、[/*SKIP_TURN*/]を押してターンをスキップすることもできる。;Stoneshard ist ein ~y~rundenbasiertes~/~ Spiel, bei dem fast jede Aktion eine Runde erfordert.## Gegner agieren nur, wenn deine Runde endet. Du kannst du dir also Zeit nehmen und deine Aktionen durchdenken.##Falls nötig, kannst du deine Runden überspringen, indem du [/*SKIP_TURN*/] drückst.;Stoneshard es un juego ~y~por turnos~/~ en el que casi todas las acciones usan un turno.##Los enemigos actúan una vez que termina tu turno, por lo que puedes tomarte tu tiempo y premeditar tus acciones.##Si quieres, puedes saltar tu turno con [/*SKIP_TURN*/].;;Stoneshard è un gioco ~y~a turni~/~ dove quasi ogni azione comporta il passaggio di un turno.##I nemici agiscono solo dopo la fine del tuo turno, quindi puoi sempre studiare le tue mosse in tutta calma.##Se necessario, puoi anche saltare i tuoi turni premendo [/*SKIP_TURN*/].;Stoneshard é um jogo ~y~baseado em turnos~/~ onde praticamente toda ação consome um turno.##Os inimigos agem apenas quando seu turno acaba, então você tem tempo para pensar bem no que vai fazer.##Se necessário, você pode pular seus turnos pressionando [/*SKIP_TURN*/].;Stoneshard to gra ~y~turowa~/~, gdzie niemal każda akcja zabiera turę.##Przeciwnicy wykonują swoje ruchy po twojej turze, więc masz czas przemyśleć swoje działania.##Jeżeli uznasz za stosowne, możesz przeczekać swoją turę - nic nie robiąc wciskając [/*SKIP_TURN*/].;Stoneshard ~y~sıra-tabanlı~/~ bir oyundur, genellikle her aksiyon bir tur sürer.##Düşmanlar sadece tur sıran bitince harekete geçer, böylece tur sırası sendeyken aksiyonlarını rahatça düşünebilirsin.##İstersen tur sıranı, [/*SKIP_TURN*/] tuşuna basarak pas geçebilirsin.;Stoneshard je ~y~tahová~/~ hra, kde téměř každá akce zabere tah.##Něpřátelé jednají pouze když tvůj tah skončí, takže máš čas si promyslet, co uděláš.##Pokud je to potřeba, můžeš své tahy přeskakovat stisknutím [/*SKIP_TURN*/].
combat2;Убейте стражника. Для этого подойдите к нему и нажимайте [~lg~ЛКМ~/~] для обмена ударами.##Вы также можете ~y~осматривать~/~ врагов, чтобы больше узнать об их свойствах - для этого откройте контекстное меню противника с помощью [~lg~ПКМ~/~] и выберите опцию ~y~"Осмотреть"~/~.;Kill the guard. To do so, approach him and press [~lg~LMB~/~] to trade blows.##You can also inspect enemies to learn more about them - open the enemy's context menu by pressing [~lg~RMB~/~] and choose the ~y~"Inspect"~/~ option.;番人を殺害せよ。接近して[~lg~LMB~/~]を押し、打撃を交せ。##[~lg~RMB~/~]を押して敵のメニューを開き、~y~"調べる"~/~を選択することで、敵についてより詳しく調べることもできる。;Töte die Wache. Dazu nähere dich ihr und drücke [~lg~LI. MAUSTASTE~/~], um anzugreifen. Du kannst auch Gegner untersuchen, um mehr über sie zu erfahren - öffne das Kontextmenü des Gegners durch Drücken von [~lg~RE. MAUSTASTE~/~] und wähle die Option ~y~Untersuchen"~/~.;Mata al guardia. Deberás acercarte a él y golpearlo con [~lg~clic izquierdo~/~].##También puedes inspeccionar a los enemigos para aprender más sobre ellos: abre el menú del enemigo haciendo [~lg~clic derecho~/~] sobre él y elige la opción ~y~"Inspeccionar"~/~.;;Uccidi la guardia. Per farlo, avvicinati e premi [~lg~MOUSE SX~/~] per attaccare.##Puoi anche esaminare i nemici visibili per studiare le loro caratteristiche: apri il menu contestuale del nemico portando il cursore sopra di esso, premi [~lg~MOUSE DX~/~] e scegli l'opzione ~y~"Esamina"~/~.;Mate o guarda. Para isso, aproxime-se dele e pressione [~lg~Botão Esquerdo do Mouse~/~] para começar a luta.##Você também pode inspecionar os inimigos para aprender mais sobre eles: abra o menu de contexto do inimigo pressionando [~lg~Botão Direito do Mouse~/~] e escolha a opção ~y~"Inspecionar"~/~ .;Zabij strażnika. By to uczynić zbliż się do niego i wciśnij [~lg~LMB~/~].##Możesz również nauczyć się nieco więcej o przeciwnikach - otwórz menu na strażniku klawiszem [~lg~RMB~/~] i wybierz ~y~"Sprawdź"~/~.;Gardiyanı öldürün.##Bunun için önce düşmana yaklaşın, ardından [~lg~Sol Fare Tuşu~/~] ile saldırın.##Düşman hakkında detaylı bilgi almak için imleç düşman üzerindeyken [~lg~Sağ Fare Tuşu~/~] ile açılan menüden ~y~"İncele"~/~ seçeneğini seçin.;Zabij strážce. Aby jsi tak udělal, přibliž se k němu a pro udělení úderu stiskni [~lg~PTM~/~].##Aby jsi se více dozvěděl o nepřátelích, můžeš je prohlédhou pomocí [~lg~LTM~/~] a vybrat možnost ~y~"Prohlédnout"~/~.
;;;;;;;;;;;
trapsTitle;Ловушки;Traps;罠;Fallen;Trampas;;Trappole;Armadilhas;Pułapki;Tuzaklar;Pasti
;;;;;;;;;;;
traps1;Вам не раз встретятся скрытые ловушки. Вы можете обнаруживать их ~y~пассивно~/~ - шанс заметить ловушку зависит от показателя восприятия.;You'll often encounter hidden traps. You can discover them ~y~passively~/~ - the chance to spot a trap depends on your Perception attribute.;しばしば、隠された罠に遭遇するだろう。それらの罠は洞察力の能力に基づき、~y~受動的に~/~発見するできる可能性がある。;Du wirst oft auf versteckte Fallen stoßen. Du kannst sie ~y~passiv~/~ entdecken - die Chance, eine Falle zu entdecken, hängt von deinem Wahrnehmungsattribut ab.;Cada tanto, te encontrarás con trampas ocultas. Puedes descubrirlas ~y~de forma pasiva~/~. La probabilidad de que identifiques una trampa depende de tu Percepción.;;Spesso ti imbatterai in trappole nascoste. Puoi rivelare la loro presenza ~y~in modo passivo~/~: le probabilità che hai di individuare una trappola dipendono dal tuo attributo di Percezione.;Você vai encontrar armadilhas escondidas com frequência. Você pode descobri-las ~y~passivamente~/~ - a chance de avistar uma armadilha depende do atributo Percepção.;Często napotkasz na ukryte pułapki. Możesz zauważyć je ~y~pasywnie ~/~ - automatyczna szansa na zauważnie pułapki zależy od atrybutu Percepcji.;Sık sık gizli tuzaklarla karşılaşacaksın. Tuzakları ~y~pasif olarak~/~ fark edebilirsin. Tuzakları fark edebilme şansın, Sezgi niteliğine bağlıdır.;Často potkáš skryté pasti. Můžeš je objevit ~y~pasivně~/~ - šance na objevení se odvíjí od hodnoty vnímání.
traps2;Если же вам необходимо срочно узнать, есть ли ловушки в вашей зоне видимости, воспользуйтесь базовым умением ~y~"Поиск ловушек"~/~, только что добавленном на панель способностей.##Чтобы применить его, нажмите [~lg~1~/~].;If you need to know immediately whether there are traps within your Vision, you can use your basic skill ~y~"Detect Traps"~/~ - it has just been added to your hotbar.##Press [~lg~1~/~] to use it.;視界内に罠があるかどうかをすぐに知る必要がある時は、ちょうど今ホットバーに追加された、基本技術の~y~"罠探査"~/~を使用する。##[~lg~1~/~]を押して使用する。;Wenn du sofort wissen willst, ob es in deinem Sichtfeld Fallen gibt, kannst du deine Grundfertigkeit ~y~"Fallen erkennen"~/~ anwenden - sie wurde gerade deiner Fertigkeitsleiste hinzugefügt.##Drücke [~lg~1~/~], um sie zu verwenden.;Si necesitas saber de inmediato si hay trampas dentro de tu rango de visión, puedes utilizar la habilidad básica ~y~"Detectar trampas"~/~: se acaba de añadir a tu barra de acción.##Presiona [~lg~1~/~] para usarla.;;Se hai bisogno di sapere immediatamente se sono presenti trappole entro il tuo Campo Visivo, puoi usare l'abilità ~y~"Rileva Trappole"~/~: è stata appena aggiunta alla tua barra delle abilità.##Premi [~lg~1~/~] per usarla.;Se você precisa saber imediatamente se tem alguma armadilha dentro do seu campo de Visão, use sua habilidade básica ~y~"Detectar Armadilhas"~/~ - ela acaba de ser adicionada a sua barra de habilidades.##Pressione [~lg~1~/~] para usá-la.;Jeżeli potrzebujesz natychmiast rozejrzeć się i poszukać pułapek w zasięgu swojego Widoku, możesz użyć umiejętności ~y~"Wykryj Pułapki"~/~ - właśnie została dodana do twojego paska. Wciśnij [~lg~1~/~], by ją użyć.;Görüş Alanı içerisinde tuzaklar olup olmadığını kontrol etmek istiyorsan, temel becerin olan ~y~"Tuzakları Keşfet"~/~ yeteneğini kullanabilirsin. Hızlı Erişim gözüne yerleştirildi.##[~lg~1~/~] tuşuna basarak kullan.;Když potřebuješ okamžitě zjistit, jestli jsou na dohled nějaké pasti, můžeš použít základní dovedost ~y~"Objev pasti"~/~ - právě byla přidána na tvůj panel dovedností.##Pro použití stistkni [~lg~1~/~].
traps3;Ловушка обнаружена - осталось её обезвредить.##Вызовите контекстное меню ловушки с помощью [~lg~ПКМ~/~] и выберите опцию ~y~"Обезвредить"~/~.##Также ловушки можно попытаться ~y~проскочить~/~ - но это более рискованный вариант, подходящий для персонажей с высоким шансом уворота. Сейчас им пользоваться не стоит.;The trap has been revealed. All's left is to disarm it##Summon the trap's context menu by pressing [~lg~RMB~/~] and choose the ~y~"Disarm"~/~ option.##It's also possible to try and ~y~avoid~/~ a trap as you pass it, but it's a riskier option, more suitable for characters with high Dodge Chance. It's better not to use it for now.;罠が見えるようになった。後は解除するだけだ。##[~lg~RMB~/~]を押して罠のメニューを開き、~y~"解除する"~/~を選択せよ。##通り抜けることで~y~回避する~/~ことを試みることもできるが、危険な選択肢だ。高い回避率を持つキャラクター向けだが今は使わない方がよいだろう。;Die Falle wurde aufgedeckt. Es bleibt nur noch, sie zu entschärfen##Nun kann man das Kontextmenü der Falle durch Drücken von [~lg~RE. MAUSTASTE~/~] aufrufen und die Option ~y~"Entschärfen"~/~ wählen.##Es ist auch möglich, zu versuchen, eine Falle beim Darübergehen zu ~y~vermeiden~/~, aber es ist die riskantere Option, die sich eher für Charaktere mit hoher Ausweichen-Chance eignet. Es ist besser, sie vorerst nicht zu benutzen.;La trampa ha sido revelada. Lo único que falta es desarmarla.##Abre el menú de la trampa con [~lg~clic derecho~/~] y elige la opción ~y~"Desarmar"~/~.##También puedes intentar ~y~evitar~/~ una trampa, pero es la opción más arriesgada, y mucho más apropiada para personajes con una alta chance de esquivar. Por ahora, desarmaremos.;;La trappola è stata rivelata, ora non ti resta che disarmarla.##Apri il menu contestuale della trappola premendo [~lg~MOUSE DX~/~] e scegli l'opzione ~y~"Disarma"~/~.##Puoi anche tentare di ~y~eludere~/~ una trappola mentre la superi, ma si tratta di un'opzione rischiosa e più indicata per personaggi dotati di un'alta Prob. di Schivata. Per stavolta è meglio non sfidare la sorte.;A armadilha foi revelada. Agora só resta desarmá-la##Abra o menu de contexto pressionando [~lg~Botão Direito do Mouse~/~] e escolha a opção ~y~"Desarmar"~/~ .##Tabém é possível tentar ~y~evitar~/~ a armadilha enquanto passa, mas esta é uma opção mais arriscada, adequada para personagens com Chance de Esquiva alta. É melhor não tentar isso agora.;Odkryto pułapkę. Wszystko, co pozostało to ją rozbroić.##By przywołać menu na pułapce użyć [~lg~RMB~/~], a następnie wybierz ~y~"Rozbrój"~/~.##Istnieje również opcja ~y~Uniknięcia~/~ pułapki przechodząc przez nią. Jest to bardziej niebezpieczna opcja, bardziej odpowiednia dla postaci z dużą Szansą na Unik. Na razie, lepiej będzie ją rozbroić..;Tuzak ortaya çıktı. Geriye kalan tek şey, tuzağı etkisiz hale getirmek.##İmleç tuzağın üzerindeyken [~lg~Sağ Fare Tuşu~/~] ile menüyü açın ve ~y~"Etkisizleştir"~/~ seçeneğini seçin.##~y~Kaçınma~/~ seçeneği de denenebilir ama riskli bir seçenek. Sıyrılma Şansı yüksek karakterler için daha uygundur. Şimdilik denememek daha iyi.;Byla odhalená past. Zbývá jí jen zneškodnit.##Otevři kontextové menu past pomocí [~lg~PTM~/~]a vyber možnost ~y~"Zneškodnit"~/~.##Je také možné se jí pokusit ~y~vyhnout~/~tím, že jí projdeš. Tato možnost je ale riskantnější a vhodná spíš pro postavy s vysokou šancí na úhyb. Zatím je lepší jí nevyužít.
;;;;;;;;;;;
medicineTitle;Медицина;Medicine;治療;Medizin;Medicina;;Medicinali;Medicamentos;Medykamenty;Hekimlik;Léčení
;;;;;;;;;;;
medicine1;Вы получили ~r~травму~/~.#Откройте меню персонажа клавишей [/*CHARACTER_MENU*/] и переключитесь на ~y~вкладку здоровья~/~.;You've been injured.#Open the character's menu by pressing [/*CHARACTER_MENU*/] key and choose the ~y~Health tab~/~.;キャラクターが負傷している。#[/*CHARACTER_MENU*/]キーを押してキャラクターメニューを開き、~y~体調タブ~/~を選択せよ。;Du bist verletzt worden.#Öffne das Menü des Charakters, indem du die Taste [/*CHARACTER_MENU*/] drückst und die Registerkarte ~y~Gesundheit~/~ wählst.;Estás herido.#Abre la ventana de tu personaje con el botón [/*CHARACTER_MENU*/] y elige la ~y~pestaña de salud~/~.;;Sei stato ferito.#Apri il menu del personaggio premendo il tasto [/*CHARACTER_MENU*/] ed entra nel ~y~Pannello Salute~/~.;Você foi ferido.#Abra o menu de personagem pressionando [/*CHARACTER_MENU*/] e escolha a ~y~Aba de Saúde~/~.;Twoje ciało pokrywają rany.#Otwórz menu postaci klawiszem [/*CHARACTER_MENU*/], a następnie wybierz zakładkę ~y~Zdrowie~/~.;Yaralandın.#Karakter menüsünü [/*CHARACTER_MENU*/] tuşuna basarak açın ve ~y~Sağlık~/~ sekmesini seçin.;Byl jsi zraněn.#Otevři menu postavy stisknutím tlačítka [/*CHARACTER_MENU*/] a vyber ~y~záložku zdraví~/~.
medicine2;Здесь вы найдёте всю необходимую информацию о своём здоровье: показатели голода, жажды, интоксикации, боли, психики, а также состояние частей тела.;Here you will find everything you need to know about your character's Health: Hunger, Thirst, Intoxication, Pain, Mental Health meters and also condition of your Body Parts.;ここでキャラクターの健康状態について知るべきことすべてを見ることができる。飢餓、渇水、中毒、苦痛、精神的健康のメーターと体の各部位の状態だ。;Hier findest du alles, was du über die Gesundheit deines Charakters wissen musst: Hunger, Durst, Vergiftung, Schmerz, Anzeigen für die geistige Gesundheit und auch den Zustand deiner Körperteile.;En esta pestaña encontrarás todo lo que debes saber sobre el estado de salud de tu personaje: hambre, sed, intoxicación, dolor, parámetros de salud mental y también el estado de las partes del cuerpo.;;Qui troverai tutti i dettagli relativi alla Salute del tuo personaggio: Fame, Sete, Intossicazione, Dolore e Salute Mentale, oltre alle condizioni di ognuna delle sue Parti del Corpo.;Aqui você vai encontrar tudo o que precisa saber sobre a saúde do seu personagem: barras de Fome, Sede, Intoxicação, Dor, Saúde Mental e também a condição das partes do seu corpo.;W tym miejscu znajdziesz wszelkie informacje na temat twojej postaci i jej zdrowia - wskaźniki odpowiadające za Głód, Pragnienie, Otrucie, Ból, Zdrowie Psychiczne oraz informacje w jakim stanie są części ciała.;Burada karakterinin Sağlık değerleri ile ilgili bilmek istediğin her şeyi bulabilirsin: Açlık, Susuzluk, İntoksikasyon, Ağrı, Mental sağlık ölçümleri ve Uzuv kondisyonları.;Zde najdeš vše, co potřebuješ vědět, o zdraví tvé postavy: hlad, žízeň, intoxikaci, bolest, ukazatele duševního zdraví a stav tvých částí těla.
medicine3;Травмы появляются, когда состояние части тела падает ниже определённой отметки.##Помимо этого, чем хуже общее состояние частей тела, тем ниже максимальный порог восстанавливаемого здоровья##Для начала ~y~стабилизируйте~/~ травму: наведите на шкалу правой ноги, откройте контекстное меню [~lg~ПКМ~/~] и выберите опцию ~y~"Наложить шину"~/~.;You get injured when your Body Part's condition drops below a certain threshold.##On top of that, the worse your Body Parts' condition is, the lower your Max Health threshold becomes##You should start with stabilizing your injury: hover over your Right Leg's condition bar, open its context menu [~lg~RMB~/~] and choose the ~y~"Apply Splint"~/~ option.;体の各部位の状態が一定の値を下回ると負傷を負ってしまう。##それに加えて、体の各部位の状態が悪いほど、体力限界も低下する。##怪我の状態を安定させることから始めよう。右足の状態バーの上にマウスを動かし、[~lg~RMB~/~]を押してメニューを開き、~y~"添え木を当てる"~/~を選択せよ。;Du wirst verletzt, wenn der Zustand deiner Körperteile unter eine bestimmte Schwelle fällt.##Je nachdem wie sich der Zustand deiner Körperteile verschlechtert hat, sink deine maximale Gesundheitsschwelle##Du solltest mit der Stabilisierung deiner Verletzung beginnen: Zeige auf die Zustandsleiste deines rechten Beins, öffne das Kontextmenü [~lg~RE. MAUSTASTE~/~] und wähle die Option ~y~"Schiene anwenden"~/~.;Cuando el estado de una parte del cuerpo cae por debajo de cierto límite, esa parte estará herida.##Además, cuanto peor sea el estado de tus partes, menos vida máxima tendrás.##Primero, deberías estabilizar la herida: con el cursor sobre la barra de estado de tu pierna derecha, abre el menú con [~lg~RMB~/~] y elige la opción ~y~"Aplicar férula"~/~.;;Subisci una ferita ogni volta che le condizioni di una delle tue Parti del Corpo scendono al di sotto di una certa soglia.##Inoltre, quanto più le condizioni del tuo corpo peggiorano, tanto più scende la soglia della tua Salute Massima.##Stabilizza subito la tua ferita: sposta il cursore sulla barra relativa alla tua Gamba Destra, apri il menu contestuale [~lg~MOUSE DX~/~] e clicca sull'opzione ~y~"Applica Steccatura"~/~.;Você adquire um ferimento quando a condição de alguma Parte do Corpo caem abaixo de um certo limite.##Além disso, quanto pior for a condição da Parte do Corpo, mais baixo será seu limite Máx. de Vida.##Você deve começar estabilizando seu ferimento: posicione o cursor sobre a barra de condição da sua Perna Direita, abra o menu de contexto [~lg~Botão Direito do Mouse~/~] e escolha a opção ~y~"Usar Tala"~/~ .;Twoje części ciała mogą zostać uszkodzone lub zranione, kiedy wskaźnik spadnie do pewnego poziomu.##Im twoje części ciała są mocniej uszkodzone, tym Maksymalne Zdrowie twojej postaci jest mniejsze.##Zacznij od ustabilizowania ran, najedź myszą na prawą nogę i otwórz menu [~lg~RMB~/~], następnie kliknij ~y~"Załóż Stabilizator"~/~.;Uzuv kondisyonun belirli bir eşiğin altına indiğinde yaralanırsın.##Bunun da ötesinde, Uzuv kondisyonun ne kadar düşerse, Maks. Can eşiğin de o kadar düşecektir.##Yaralanmanı stabilize etmelisin: imleci Sağ Bacak kondisyon çubuğunun üzerine getirin, [~lg~Sağ Fare Tuşu~/~] ile menüyü açın ve listeden ~y~"Atel Uygula"~/~ seçeneğini seçin.;Ke zranění dojde, když klesne stav části těla na určitou úroveň .##Navíc čím horší je stav části těla, tím více klesne hranice max. zdraví.##Měl bysi začít se stabilizací tvého zranění: najeď na ukazatel stavu pravé nohy a otevři kontextové menu stisknutím [~lg~PTM~/~] a vyber možnost ~y~"Použít dlahu"~/~.
medicine4;Стабилизированные травмы сохраняют свой негативный эффект, но больше не копят боль. Как только состояние части тела восстановится до определённого предела, травма полностью залечится.##Чтобы ускорить этот процесс, используйте ~y~заживляющую мазь~/~.;Stabilized Injuries retain their negative Effect but no longer accumulate pain. When your Body Part condition is restored to a certain threshold, it will heal completely.##To accelerate this process, use a ~y~Healing Salve~/~.;負傷を安定化させると、悪い効果はそのまま続くものの苦痛がそれ以上蓄積することはなくなる。体の各部位の状態が一定の値まで回復したとき、完全に治療されたことになる。##この流れを早めたい場合は~y~治療の軟膏~/~を使用せよ。;Stabilisierte Verletzungen behalten ihre negative Wirkung, aber sie verstärken die Schmerzen nicht mehr. Wenn der Zustand des Körperteils bis zu einer bestimmten Schwelle wiederhergestellt ist, wird er vollständig heilen.##Um diesen Prozess zu beschleunigen, verwende eine ~y~Heilsalbe~/~.;Las heridas estabilizadas todavía tienen efectos negativos, pero no acumulan dolor. Cuando el estado de una parte del cuerpo se recupera a cierto porcentaje, se curará por completo.##Para acelerar el proceso, utiliza un ~y~bálsamo curativo~/~.;;Le Ferite Stabilizzate conservano i loro effetti negativi ma non provocano ulteriore dolore nel tempo. Quando le condizioni della Parte del Corpo tornano a superare una certa soglia, la ferita guarisce completamente.##Per accelerare questo processo, puoi usare un ~y~Balsamo Curativo~/~.;Ferimentos estabilizados mantêm seu efeito negativo mas param de acumular dor. Quando a condição da Parte do Corpo é restaurada até um determinado limite, ela será completamente curada.##Para acelerar esse processo, use um ~y~Bálsamo de Cura~/~.;Ustabilizowane rany zachowują efekt negatywny, ale nie generują więcej Bólu. Gdy stan części ciała odnowi się do pewnego poziomu, rana uleczy się całkowicie.##By przyspieszyć ten proces użyj ~y~Maści Leczącej~/~.;Stabilize Edilen Yaralanmalar, negatif etkileri gidermese de ağrı oluşumunu durdurur. Uzuv kondisyonu belirli bir eşiğe kadar düzeldiğinde, tamamen iyileşecektir.##Bu süreci hızlandırmak için, ~y~İyileştirici Merhem~/~ kullanın.;Stabilizovaná zranění mají stále negativní efekt, ale již neakumulují bolest. Když je stav části těla obnoven na určitou hranici, vyléčí se úplně.##K urychlení tohoto procesu použij ~y~léčebnou mast~/~.
medicine5;Чем ниже ваш уровень здоровья, тем меньше ваш порог боли. ~r~Боль~/~ затрудняет лечение, а на высоких значениях может привести к смерти.##Избавляться от неё можно с помощью различных болеутоляющих расходников - например, ~y~эфирного ингалятора~/~.##Примените его, чтобы понизить боль.;The lower your Health, the lower your Pain threshold. Pain makes healing less effective and can even kill you if it reaches high enough numbers.##You can get rid of it with a variety of painkillers - an ~y~Ether Inhaler~/~, for instance.##Use it to reduce your Pain.;体力が低くなるほど、苦痛の閾値も低くなる。苦痛は回復の効率を低下させ、一定の値を超えると死亡することもある。##~y~エーテル吸入器~/~のような様々な鎮痛剤を使用することで苦痛を取り除くことができる。##アイテムを使用し苦痛を緩和せよ。;Je niedriger deine Gesundheit, desto niedriger ist deine Schmerzschwelle. Schmerzen machen die Heilung weniger effektiv und können sogar tödlich sein, wenn sie einen ausreichend hohen Wert erreichen. Du kannst sie mit einer Vielzahl von Schmerzmitteln loswerden - zum Beispiel mit einem ~y~Äther-Inhalator~/~. Benutze ihn, um deine Schmerzen zu verringern.;Cuanto menos vida tengas, menor será tu límite de dolor. El dolor reduce la efectividad de las curaciones, e incluso puede matarte si llega a un nivel lo suficientemente alto.##Puedes aliviar el dolor con una variedad de analgésicos, como, por ejemplo, un ~y~inhalador de éter~/~.##Úsalo para reducir tu dolor.;;Quanto più bassa è la tua salute, tanto più bassa è la tua tolleranza al Dolore. Il Dolore rende meno efficaci le medicine e può arrivare ad ucciderti se raggiunge picchi troppo elevati di intensità.##Puoi sbarazzartene usando una varietà di antidolorifici, come ad esempio un ~y~Eterinalatore~/~.##Usalo ora per alleviare il Dolore.;Quanto mais baixa sua Vida, menor será seu limite de Dor. A Dor torna a cura menos eficiente e pode até matar se chegar a níveis muito altos.##Você pode se livrar dela com uma variedade de analgésicos: um ~y~Inalador de Éter~/~, por exemplo.##Use-o para reduzir sua Dor.;Im niższe twoje Zdrowie, tym niższy jest próg Bólu. Ból sprawia, że leczenie jest mniej skuteczne, a nawet może cię zabić jeżeli przekroczy pewną granicę.##Możesz się go pozbyć używając wielu środków przeciwbólowych - ~y~Inhalatorem Etheru~/~, dla przykładu.##Użyj go, by zmniejszyć Ból.;Can puanın ne kadar azalırsa, Ağrı eşiğin de o kadar düşecektir. Ağrı, iyileşmeyi zorlaştırır ve yeterince yükselirse sizi öldürebilir.##Çeşitli ağrı kesicilerle bundan kurtulabilirsin, örnek olarak ~y~Eter İnhalatörü~/~ verilebilir.#Ağrıyı azaltmak için kullanın.;Čím nižší máš zdraví, tím nižší je také práh bolesti. Bolest dělá léčení méně efektivním a pokud dosáhne dostatečně vysokých čísel, může tě i zabít.##Můžeš se jí zbavit různými léky proti bolesti - například ~y~Éterový inhalátor~/~.##Použij ho pro snížení bolesti.
medicine6;Большинство обезболивающих ядовиты и увеличивают уровень ~r~интоксикации~/~. Интоксикация ухудшает состояние персонажа и смертельно опасна на высоких уровнях.##Вколите ~y~противоядие~/~, чтобы избавиться от неё.;Most painkillers are toxic and will increase your Intoxication. Intoxication is detrimental to your character's condition and is incredibly dangerous if it reaches high enough numbers.##Inject an ~y~Antidote~/~ to get rid of it.;多くの鎮痛剤は毒物であり、中毒の値を増加させる。中毒はキャラクターの体調を悪化させ、高い値になると極めて危険である。##~y~解毒剤~/~を使用して中毒を取り除け。;Die meisten Schmerzmittel sind giftig und erhöhen deine Vergiftung. Eine Vergiftung ist schädlich für den Zustand deines Charakters und ist unglaublich gefährlich, wenn sie einen ausreichend hohen Wert erreicht.##Injiziere ein ~y~Gegenmittel~/~, um sie loszuwerden.;La mayoría de los analgésicos son tóxicos e incrementarán tu nivel de intoxicación. La intoxicación es perjudicial para el estado de tu personaje y se vuelve muy peligrosa en niveles altos.##Inyéctate un ~y~antídoto~/~ para deshacerte de ella.;;La maggior parte degli antidolorifici sono tossici e aumentano il tuo tasso di Intossicazione dopo l'uso. L'Intossicazione è nociva per il tuo personaggio e può diventare incredibilmente pericolosa quando raggiunge soglie molto alte.##Usa un ~y~Antidoto~/~ per liberarti di essa.;A maioria dos analgésicos são tóxicos e vão aumentar seu nível de Intoxicação. A Intoxicação é prejudicial à condição do seu personagem e terrivelmente perigosa se alcançar níveis muito altos.##Injete um ~y~Antídoto~/~ para se livrar dela.;Większość środków przeciwbólowych ma działanie tokstyczne, co spowoduje wzrost Zatrucia. Wpływa ono na wiele czynników kondycji twojej postaci oraz może być bardzo śmiertelne jeżeli przekroczy pewien poziom.##Wykorzystaj ~y~Odtrutkę~/~, by oczyścić organizm.;Çoğu ağrı kesici toksiktir ve İntoksikasyon oranını yükseltir. İntoksikasyon, karakterinin kondisyonuna zararlıdır ve yeterli sayılara ulaşırsa aşırı derecede tehlikeli olabilir.##~y~Panzehir~/~ enjekte ederek bundan kurtulabilirsin.;Většina léků proti bolesti je toxických a zvýší tvojí intoxikaci. Intoxikace je zásadní pro stav tvé postavy a pokud dosáhne vysoké úrovně, je velmi nebezpečná.##Aplikuj si ~y~protijed~/~, aby ses jí zbavil.
medicine7;Вы идёте на поправку, но уровень вашего здоровья всё ещё низок.##Самый лучший способ быстро восстановить здоровье - использовать ~y~Режим отдыха~/~, однако делать это можно только вне боя. Также отдых значительно ускоряет накопление голода и жажды, поэтому им не стоит злоупотреблять.##Теперь перейдите в Режим отдыха [/*REST_MODE*/], чтобы восполнить недостающее здоровье.;You feel better, but your Health is still low.##The best way to restore Health is to use the ~y~Rest Mode~/~, which is only available out of battle. Resting also accelerates your Hunger and Thirst gain, so it should be used sparingly.##Enter the Rest Mode by pressing [/*REST_MODE*/] to replenish your missing Health.;体調は良くなったが、キャラクターの体力は低下したままだ。##体力を回復させる最も良い方法は、~y~休憩モード~/~を使用することだ。戦闘中でなければ利用可能だ。休憩は飢餓と渇水も加速させるため、使う時には慎重に判断せよ。##[/*REST_MODE*/]を押して休憩モードに入り、失った体力を補充せよ。;Du fühlst dich besser, aber deine Gesundheit ist immer noch niedrig.##Die beste Möglichkeit, Gesundheit wiederherzustellen, ist der ~y~Ruhemodus~/~, der nur außerhalb des Kampfes verfügbar ist. Ruhen beschleunigt auch die Zunahme von Hunger und Durst, daher sollte er sparsam eingesetzt werden.##Mit [/*REST_MODE*/] in den Ruhemodus wechseln, um die Gesundheit zu verbessern.;Te sientes mejor, pero sigues con baja vida.##La mejor manera de recuperar puntos de vida es usar el ~y~modo Descanso~/~, que solo está disponible fuera de combate. Al descansar, también se acelera tu hambre y sed, por lo que este modo debería usarse con moderación.##Activa el modo Descanso con el botón [/*REST_MODE*/] para recuperar los puntos de vida que te faltan.;;Ora ti senti meglio, ma la tua Salute è ancora bassa.##Il miglior modo per recuperare Salute è usare la ~y~Mod. Riposo~/~, disponibile soltanto al di fuori dei combattimenti. Il riposo accelera l'aumento di Fame e Sete, quindi assicurati di non usarlo troppo spesso.##Attiva la Mod. Riposo premendo [/*REST_MODE*/] per recuperare la tua Salute.;Você se sente melhor, mas sua Vida ainda está baixa.##A melhor maneira para recuperar Vida é usar o ~y~Modo de Descanso~/~, que só está disponível fora de batalhas. Descansar também acelera o aumento de Fome e Sede, então é melhor usar com moderação.##Entre no Modo de Descanso pressionando [/*REST_MODE*/] para recuperar a Vida perdida.;Czujesz się lepiej, jednak Twoje zdrowie wciąż jest na niskim poziomie.##Najlepszym sposobem na odnowienie Zdrowia jest ~y~Tryb Odpoczynku~/~, dostępny jest poza walką. Odpoczywanie zwiększa szybkość z jaką twoja postać staje się głodna i spragniona. Wciśnij [/*REST_MODE*/], by wejść w tryb odpoczynku i odnowić brakującą ilość Zdrowia.;Şimdi daha iyisin ama Can puanın oldukça düşük.##Can puanını iyileştirmek için en iyi metot ~y~Dinlenme Modu~/~ kullanmaktır, elbette savaşların dışında uygulayabilirsin. Dinlenmek, Açlık ve Susuzluk oranlarını artıracaktır, bu yüzden idareli kullanılmalıdır.##Kaybedilen Can puanını geri kazanmak için [/*REST_MODE*/] tuşuna basın.;Už se cítíš lépe, ale tvé zdraví je stále nízké.##Nejlepší způsob, jak obnovit zdraví, je ~y~Režim odpočinku~/~, který je přístupný pouze mimo boj. Odpočívání také zrychluje růst hladu a žízně, takže by mělo být používáno zřídka.##Pro obnovení chybějícího zdraví vstup do režimu odpočinku stisknutím [/*REST_MODE*/].
;;;;;;;;;;;
onthewayTitle;В путь;Moving Out;脱出;Weiterziehen;Seguir adelante;;Si Torna in Azione!;Seguindo em Frente;Naprzód;İlerle;Pohybování
;;;;;;;;;;;
ontheway1;Отлично. Теперь обыщите остальные ящики - для осмотра больших пространств вы можете двигать камеру с помощью зажатия [~lg~СКМ~/~]. Вооружитесь и продолжайте путь.##Чтобы ~y~подсветить~/~ добычу вокруг, зажмите [/*SHOW_LOOT*/].;Great job. Now search the other crates: you can move the camera around with [~lg~MMB~/~] to better examine large spaces. Arm yourself and keep going.##You can ~y~highlight~/~ the loot around you by holding [/*SHOW_LOOT*/].;よくやった。他の箱も調べてみよ。[~lg~MMB~/~]を押してカメラを周囲に動かすことで、より広い空間を見渡すことができる。武器防具を装備し探索を続けよ。##[/*SHOW_LOOT*/].を押し続けることで周囲の戦利品を~y~ハイライト表示~/~させることもできる。;Gute Arbeit. Jetzt durchsuche die anderen Kisten: Du kannst die Kamera mit der [~lg~MIT. MAUSTASTE~/~] bewegen, um die Umgebung besser zu sehen. Bewaffne dich und mach weiter.##Du kannst Beute um dich herum ~y~hervorheben~/~ , indem du [/*SHOW_LOOT*/] hältst.;Buen trabajo. Ahora revisa las otras cajas. Puedes mover la cámara [~lg~presionando la rueda del mouse~/~] para inspeccionar mejor los espacios amplios. Ármate y continúa avanzando.##Puedes ~y~resaltar~/~ el botín de tu entorno manteniendo pulsado el botón [/*SHOW_LOOT*/].;;Ottimo lavoro. Ora cerca nelle altre casse: puoi spostare la telecamera con [~lg~MOUSE CENTRALE~/~] per ottenere una panoramica migliore degli spazi più ampi. Trova dell'equipaggiamento migliore e riprendi il tuo cammino.##Puoi ~y~evidenziare~/~ gli oggetti presenti nei paraggi tenendo premuto [/*SHOW_LOOT*/].;Ótimo trabalho. Agora vasculhe as outras caixas: você pode mover a câmera ao redor com o [~lg~Botão do Meio do Mouse~/~] para examinar melhor os espaços grandes. Arme-se e siga em frente.##Você pode ~y~realçar~/~ os espólios ao seu redor segurando [/*SHOW_LOOT*/].;Świetna robota. Teraz przeszukaj inne skrzynie: możesz poruszać kamerą wokół postaci za pomocą [~lg~MMB~/~] - dzięki tej opcji lepiej przyjrzysz się otoczeniu. Uzbrój się i ruszaj dalej.##Możesz ~y~podświetlić~/~ przedmioty na ziemi za pomocą klawisza [/*SHOW_LOOT*/].;Aferin. Şimdi diğer kutuları arama zamanı.##[~lg~Orta Fare Tuşu~/~] ile kamerayı oynatabilir ve geniş alanları daha rahat araştırabilirsin. Silahlanın ve devam edin.##Ganimetleri ~y~göstermek~/~ için [/*SHOW_LOOT*/] tuşuna basılı tutabilirsin.;Skvělá práce. Teď prohledej ostatní bedny: můžeš hýbat kamerou pomocí [~lg~MMB~/~], aby sis lépe prohlédl velké plochy. Vyzbroj se a pokračuj.##Můžeš ~y~zvýraznit~/~ kořist podržením [/*SHOW_LOOT*/].
;;;;;;;;;;;
lvlupTitle;Прокачка;Leveling;レベルアップ;Aufsteigen;Niveles;;Salire di Livello;Subindo de Nível;Awansowanie;Seviye Atlamak;Zvýšení úrovně
;;;;;;;;;;;
lvlup1;Вы только что получили ~y~новый уровень~/~! Каждое повышение уровня позволяет вам изучить новую ~y~способность~/~ и увеличить свои ~y~атрибуты~/~.;You've just ~y~leveled up~/~! Each new level allows you to learn a new ~y~Ability~/~ and improve your ~y~Attributes~/~.;ちょうど今~y~レベルアップ~/~した！レベルが上がるごとに新たな~y~アビリティ~/~を習得したり、~y~能力値~/~を上昇させることができる。;Du bist soeben eine Stufe ~y~aufgestiegen~/~! Jede neue Stufe ermöglicht es dir, eine neue ~y~Fertigkeit~/~ zu erlernen und deine ~y~Attribute~/~ zu verbessern.;¡Has ~y~subido de nivel~/~! Cada nivel que subas te permite aprender una ~y~capacidad~/~ nueva y mejorar tus ~y~atributos~/~.;;Sei appena ~y~salito di livello~/~! Ogni nuovo livello ti permette di apprendere una nuova ~y~Abilità~/~ e migliorare i tuoi ~y~Attributi~/~.;Você ~y~subiu de nível~/~! Cada novo nível permite que você aprenda uma nova ~y~Habilidade~/~ e melhore seus ~y~Atributos~/~.;Udało ci się ~y~zdobyć poziom~/~! Każdy nowy poziom pozwala nauczyć się się nowych ~y~Zdolności~/~ oraz powiększyć swoje ~y~Atrybuty~/~.;~y~Seviye~/~ atladın! Her yeni seviye, bir ~y~Yetenek~/~ öğrenmeni ve ~y~Nitelikler~/~ için geliştirme yapmanı sağlar.;Právě se ti ~y~zvýšila úroveň~/~! Každou novou úroveň se budeš moci naučit nové ~y~dovednosti~/~ a vylepšit své ~y~vlastnosti~/~.
lvlup2;Вы становитесь сильней в первую очередь за счёт расширения арсенала способностей и получения лучшей экипировки.##Атрибуты оказывают менее значительный эффект, позволяя слегка усилить различные аспекты вашего персонажа.;You mostly get stronger by acquiring new Abilities and finding better equipment.##Attributes have a less distinct effect, just slightly improving various aspects of your character.;新たなアビリティを習得したり、より良い装備を発見すればキャラクターは強くなる。##能力値の効果は分かりにくいが、キャラクターの様々な特徴をわずかずつ上昇させる。;Man wird vor allem durch das Erlernen neuer Fertigkeiten und den Erwerb besserer Ausrüstung stärker.##Die Entwicklung der Attribute hingegen verbessert die verschiedenen Aspekte des Charakters nur leicht.;En general, te vuelves más fuerte con nuevas capacidades y equipo.##Los atributos, por otro lado, tienen un efecto más generalizado y mejoran varios aspectos de tu personaje.;;Solitamente, diventerai più forte acquisendo nuove Abilità e trovando equipaggiamento migliore.##Gli Attributi avranno un effetto meno percepibile, ma miglioreranno comunque svariati aspetti del tuo personaggio.;Você fica mais forte ao adquirir novas Habilidades e encontrar equipamentos melhores.##Atributos têm um efeito menos distinto, apenas melhorando levemente vários aspectos do seu personagem.;Zazwyczaj stajesz się silniejszym zdobywając nowe Zdolności oraz znajdując lepszy ekwipunek.##Atrybuty mają nieco mniejszy bezpośredni wpływ na postać, delikatnie ulepszając wybrane cechy postaci.;Yeni Yetenekler kazanıp, daha iyi ekipmanlar bularak güçlenirsin.##Nitelikler, karakterinin çeşitli yönlerini geliştirir ancak belirleyici etkileri daha azdır.;Stáváš se silnějším především získáváním nových dovedností a nalézáním lepšího vybavení.##Vlastnosti mají menší dopad a pouze mírně vylepšují jednotlivé aspekty tvé postavy.
lvlup3;Чтобы распорядиться ~y~очками атрибутов (ОА)~/~, откройте меню персонажа [/*CHARACTER_MENU*/].;To assign your ~y~Attribute Points (AP)~/~, open the Character menu [/*CHARACTER_MENU*/].;~y~能力値ポイント(AP)~/~を使用するには、キャラクターメニューを開く[/*CHARACTER_MENU*/]。;Um deine ~y~Attributpunkte (AP)~/~ zu verteilen, öffne das Charaktermenü [/*CHARACTER_MENU*/].;Para asignar tus ~y~puntos de atributo (PA)~/~, abre la ventana de personaje con [/*CHARACTER_MENU*/].;;Per assegnare i tuoi ~y~Punti Attributo (PA)~/~, apri il menu del Personaggio [/*CHARACTER_MENU*/].;Para alocar seus ~y~Pontos de Atributo (PA)~/~, abra o menu de Personagem [/*CHARACTER_MENU*/].;By rozdać swoje ~y~Punkty Atrybutów (PA)~/~ otwórz menu postaci klawiszem [/*CHARACTER_MENU*/].;~y~Nitelik Puanları (NP)~/~ kullanımı için Karakter menüsünü [/*CHARACTER_MENU*/] açın.;Pro přidělení tvých ~y~Bodů vlastností (BV)~/~ otevři menu postavy [/*CHARACTER_MENU*/].
lvlup4;Здесь вы можете навести курсор на название любого атрибута, чтобы больше узнать о его принципе работы.##Вложите свои ~y~ОА~/~ в любую из понравившихся основных характеристик.;You can hover over each Attribute to learn about their effect.##Assign your ~y~AP~/~ to any Primary Attribute of your liking.;マウスオーバーすることでそれぞれの能力値の効果について知ることができる。##~y~AP~/~を好きな能力値に割り振れ。;Du kannst mit der Maus über jedes Attribut fahren, um mehr über seine Wirkung zu erfahren.##Weise deine ~y~AP~/~ einem beliebigen Primärattribut deiner Wahl zu.;Puedes leer más sobre cada atributo si ubicas el cursor sobre ellos.##Asigna tus ~y~PA~/~ a cualquier atributo primario que desees.;;Sposta il cursore sopra ogni Attributo per sapere in che modo influenza le tue capacità.##Assegna i tuoi ~y~PA~/~ a qualsiasi Attributo Primario di tua scelta.;Você pode posicionar o cursor sobre cada Atributo para aprender sobre seu efeito.##Atribua seus ~y~PA~/~ a qualquer Atributo Primário que desejar.;Możesz najechać myszą na każdy z Atrybutów, by poznać ich działanie.##Rozdziel swoje ~y~AP~/~ w wybrany przez siebie atrybut.;Niteliklerin etkilerini üzerlerine gelerek öğrenebilirsin.##~y~Nitelik Puanları (NP)~/~, istediğin Birincil Nitelikler için harcanabilir.;Můžeš najet na každou vlastnost a dozvědět se o jejích efektech.##Přiděl své ~y~BV~/~ kterékoliv primární vlastnosti, která se ti líbí.
lvlup5;Некоторые способности изначально заблокированы для изучения. Для их открытия обычно требуется найти и прочесть соответствующий ~y~трактат~/~.;Some Abilities aren't initially available for learning. To unlock them you need to find and read a corresponding ~y~Treatise~/~.;いくつかのアビリティは最初は覚えることができない。それらをアンロックするには対応する~y~学術書~/~を見つけて読む必要がある。;Einige Fertigkeiten sind zunächst nicht direkt erlernbar. Um sie freizuschalten, musst du eine entsprechende ~y~Abhandlung~/~ finden und lesen.;Algunas capacidades no pueden aprenderse desde el principio. Para desbloquearlas, necesitarás leer el ~y~tratado~/~ correspondiente.;;Alcune Abilità non sono disponibili per l'apprendimento fin da subito. Per sbloccarle, è prima necessario trovare e leggere il corrispondente ~y~Trattato~/~.;Algumas Habilidades não estão inicialmente disponíveis para aprender. Para desbloqueá-las você precisa encontrar e ler um ~y~Manual~/~ correspondente.;Część z dostępnych Zdolności możesz opanować tylko poprzez zdobycie odpowiedniej wiedzy. By je odblokować musisz znaleźć, kupić lub zdobyć ~y~Podręczniki~/~.;Bazı Yetenekler başlangıçta öğrenime açık değildir. Öğrenime açmak için gereken ~y~Tez~/~ kitaplarını bulup, okuman gerekir.;Některé dovednosti se není možné z počátku naučit. Aby jsi je odemkl, potřebuješ najít a přečíst odpovídající ~y~Pojednání~/~.
lvlup6;Только что вы нашли один из них - он позволит вам начать осваивать ветвь пиромантии.##Для этого откройте инвентарь, кликните на трактате [~lg~ПКМ~/~] и выберите опцию ~y~"Прочесть"~/~.;You've just found one of them - this Treatise will allow you to begin your study of the Pyromancy skill tree.##Open your inventory, summon the Treatise's context menu [~lg~RMB~/~] and choose the ~y~"Read"~/~ option.;ちょうど今そういった本の一冊を発見した。この学術書を読むことで炎術のスキルツリーを研究し始めることができる。##所持品を開き、学術書のメニューを[~lg~RMB~/~]で呼び出して、~y~"読む"~/~を選択せよ。;Du hast gerade eine davon gefunden - diese Abhandlung ermöglicht es dir, mit dem Studium des Pyromantie-Fertigkeitsbaums zu beginnen.##Öffne dein Inventar, rufe das Kontextmenü der Abhandlung auf [~lg~RE. MAUSTASTE~/~] und wähle die Option ~y~"Lesen"~/~.;Acabas de encontrar uno de ellos: este tratado te permitirá iniciar tu estudio de la escuela de hechizos de la piromancia.##Abre el inventario, haz [~lg~clic derecho~/~] sobre el tratado y elige la opción ~y~"Leer"~/~.;;Ne hai appena trovato uno: questo Trattato ti permetterà di iniziare il tuo studio delle abilità della Piromanzia.##Accedi al tuo inventario, apri il menu contestuale del Trattato [~lg~MOUSE DX~/~] e clicca sull'opzione ~y~"Leggi"~/~.;Você acabou de encontrar um deles - este Manual permite que você comece seus estudos sobre a árvore de habilidades de Piromancia.##Abra seu inventário, em seguida o menu de contexto do Manual [~lg~Botão Direito do Mouse~/~] e escolha a opção ~y~"Ler"~/~ .;Właśnie znalazłeś jeden z nich - ten Podręcznik nauczy cię podstaw w szkole Piromancji.##Otwórz swój ekwipunek i wywołaj menu Podręcznika za pomocą [~lg~RMB~/~], a następnie wybierz ~y~"Przeczytaj"~/~.;Bir tane Tez buldun. Ateş Büyüleri kısmını açarak öğrenime başlamanı sağlar.##Envanteri açın, imleç Tez kitabının üzerindeyken [~lg~Sağ Fare Tuşu~/~] ile menüyü açın ve ~y~"Oku"~/~ seçeneğini seçin.;Právě jsi jedno z nich našel - toto pojednání ti dovolí začít studovat strom dovedostí pyromancie.##Otevři svůj inventář, rozbal kontextové menu pojednání pomocí [~lg~PTM~/~] a vyber možnost ~y~"Číst"~/~.
lvlup7;Теперь вы можете приступить к изучению разблокированных способностей.##Откройте меню способностей [/*SKILLS_MENU*/], найдите ветвь ~y~Пиромантии~y~ в разделе Магии и потратьте одно очко на заклинание ~y~"Огненный залп"~/~.##Все изученные способности перемещаются на панель быстрого доступа, откуда мх можно активировать клавишами [~lg~1-10~/~] либо нажатием [~lg~ЛКМ~/~].;Now you can learn your freshly unlocked Abilities.##Open your Abilities window [/*SKILLS_MENU*/], Find the ~y~Pyromancy~/~ skill tree in the Magic folder and spend a point to learn the ~y~"Fire Barrage"~/~ spell.##All learned Abilities can be moved to the hotbar where they can be activated with [~lg~1-10~/~] keys or by pressing [~lg~LMB~/~].;ついに新しいアビリティを習得した。##アビリティ画面[/*SKILLS_MENU*/]を開き、~y~炎術~/~のスキルツリーを魔術のフォルダから探せ。そして、ポイントを消費して~y~"Fire Barrage"~/~の魔術を習得せよ。##習得済みのすべてのアビリティはホットバーの中を移動させることができる。それぞれの位置に対応する[~lg~1-10~/~]キーまたは[~lg~LMB~/~]を押すことで使用することができる。;Jetzt kannst du deine frisch freigeschalteten Fertigkeiten lernen.##Öffne dein Fertigkeitenfenster [/*SKILLS_MENU*/], suche den ~y~Pyromantie~/~ Fertigkeitsbaum im Ordner Magie und gebe einen Punkt aus, um den ~y~"Feuersperre"~/~ Zauber zu lernen.##Alle gelernten Fertigkeiten können in die Fertigkeitenleiste verschoben werden, wo sie mit den Tasten [~lg~1-10~/~] oder durch Drücken von [~lg~LI. MAUSTASTE~/~] aktiviert werden können.;Ahora, podrás aprender las capacidades que acabas de desbloquear.##Abre la ventana de capacidades con [/*SKILLS_MENU*/], encuentra la escuela de hechizos de la ~y~Piromancia~/~ en la carpeta "Hechicería" y utiliza un punto para aprender el hechizo ~y~"Descarga de fuego"~/~.##Todas las capacidades que aprendas pueden ser asignadas a la barra de acción, donde pueden ser utilizadas con las teclas [~lg~1 al 10~/~] o con [~lg~clic izquierdo~/~].;;Ora puoi apprendere le Abilità appena sbloccate.##Apri il menu delle Abilità [/*SKILLS_MENU*/], trova la voce relativa alla ~y~Piromanzia~/~ nella sezione Magia e usa un punto per apprendere l'incantesimo ~y~"Raffica Ardente"~/~.##Tutte le Abilità apprese possono essere aggiunte alla barra delle abilità, dove possono essere attivate usando i tasti [~lg~1-10~/~] o premendo [~lg~MOUSE SX~/~].;Agora você pode aprender Habilidades recém desbloqueadas.##Abra sua janela de Habilidades [/*SKILLS_MENU*/], Encontre a árvore de habilidades de ~y~Piromancia~/~ na aba Magia e gaste um ponto para aprender o feitiço ~y~"Barragem de Fogo"~/~.##Todas as Habilidades aprendidas podem ser movidas para a barra de habilidades, onde podem ser ativadas com as teclas [~lg~1-10~/~] ou pressionando o [~lg~Botão Esquerdo do Mouse~/~].;Teraz możesz nauczyć się swoich świeżo odblokowanych Zdolności.##Otwórz menu Zdolności klawiszem [/*SKILLS_MENU*/], następnie folder Magii, później drzewko ~y~Piromancji~/~. Odblokuj umiejętność ~y~"Ognista Zasłona"~/~.##Wszystkie odblokowane zdolności można przenieść na pasek szybkiego dostępu, następnie aktywując je klawiszami [~lg~1-10~/~] lub [~lg~LMB~/~].;Artık açılan yeni Yetenekleri öğrenebilirsin.##Yetenekler menüsünü [/*SKILLS_MENU*/] açın, Büyü dizininde ~y~Ateş Büyüleri~/~ kısmını bulun ve ~y~"Alev Yağmuru"~/~ büyüsünü öğrenmek için bir puan harcayın.##Tüm öğrenilen Yetenekler, imleç hızlı erişim gözü üzerindeyken [~lg~Sol Fare Tuşu~/~] ile veya [~y~1-10~/~] tuşlarına basarak etkinleştirilir.;Těď se můžeš naučit čerstvě odemčené dovednosti.##Otevři okno vlastností [/*SKILLS_MENU*/], v záložce magie najdi dovednostní strom ~y~Pyromancie~/~ a využij bod, aby ses naučil kouzlo ~y~Ohnivá hráz"~/~.##Všechny naučené dovednosti mohou být přesunuty na panel dovedností, odkud je lze aktivovat pomocí tlačítek [~lg~1-10~/~] nebo stiskem [~lg~PTM~/~].
;;;;;;;;;;;
scrollTitle;Свитки;Scrolls;巻物;Spruchrollen;Pergaminos;;Pergamene;Pergaminhos;Zwoje;Parşömenler;Svitky
;;;;;;;;;;;
scroll1;~y~Свитки~/~ - важные предметы, позволяющие по-разному взаимодействовать с экипировкой.;Scrolls are important items which allow a variety of interactions with your equipment.;巻物は装備に様々な効果を及ぼすことができる、重要なアイテムだ。;Schriftrollen sind wichtige Elemente, die eine Vielzahl von Interaktionen mit deiner Ausrüstung ermöglichen.;Los pergaminos son objetos esenciales que te permiten interactuar de varias maneras con tu equipo.;;Le pergamene sono importanti oggetti che ti permettono di manipolare in vari modi determinati pezzi del tuo equipaggiamento.;Pergaminhos são itens importantes que permitem uma variedade de interações com seu equipamento.;Zwoje są niezwykle ważnymi przedmiotami, które pozwalają ci na wiele w związku z twoim ekwipunkiem.;Parşömenler, ekipmanların için çeşitli etkileşimlere izin veren önemli eşyalardır.;Svitky jsou důležité předměty, které ti umožní řadu interakcí s tvým vybavením.
scroll2;Иногда вы будете находить неидентифицированные предметы с ~y~неизвестными~/~ свойствами.##Чтобы узнать их особенности, вам потребуется применить на них ~y~свиток определения~/~.;Occasionally you may find unidentified items with ~y~unknown~/~ properties.##To learn them, you will need to use an ~y~Identification Scroll~/~.;時折、~y~未識別~/~という性質を持つアイテムを発見するだろう。##それらについて調べるには、~y~識別の巻物~/~を使用する必要がある。;Gelegentlich kann es vorkommen, dass du nicht identifizierte Gegenstände mit ~y~unbekannten~/~ Eigenschaften findest.##Um sie zu ergründen, musst du eine ~y~Identifizieren-Spruchrolle~/~ verwenden.;Puede que encuentres objetos no identificados con propiedades ~y~desconocidas~/~.##Para revelarlas, necesitarás usar un ~y~pergamino de revelación~/~.;;Occasionalmente potresti imbatterti in oggetti non identificati dotati di proprietà ~y~sconosciute~/~.##Per rivelare queste proprietà, avrai bisogno di una ~y~Pergamena Identificativa~/~.;Ocasionalmente você encontrará itens não identificados com propriedades ~y~desconhecidas~/~.##Para descobri-las, você precisará usar um ~y~Pergaminho de Identificação~/~.;Czasami możesz znaleźć niezidentyfikowane przedmioty o ~y~nieznanych~/~ statystykach.##By poznać statystyki musisz użyć na takich przedmiotach ~y~Zwoju Identyfikacji~/~.;Bazen özellikleri ~y~bilinmeyen~/~, tanımlanmamış eşyalar bulabilirsin.##Özelliklerini öğrenmek için#bir ~y~Tanımlama Parşömeni~/~ kullanman gerekir.;Někdy můžeš nalézt neidentifikované předměty s ~y~neznámými~/~ vlastnostmi.##Aby ses je dozvěděl, musíš použít ~y~Svitek identifikace~/~.
scroll3;Некоторые неидентифированные предметы могут оказаться ~p~проклятыми~/~.##Однажды надев их, вы больше не сможете их снять, пока не рассеете проклятие с помощью ~y~свитка снятия чар~/~.;Some unidentified items are ~p~cursed~/~.##Once you equip them, you can no longer let go of them until you lift a curse with a ~y~Disenchantment Scroll~/~.;一部の未識別のアイテムは~p~呪われている~/~。##それらを一度装備してしまうと、~y~解呪の巻物~/~を使って呪いを取り除くまで、装備から外せなくなる。;Einige nicht identifizierte Gegenstände sind ~p~verflucht~/~.##Sobald man sie ausrüstet, kann man sie nicht mehr ablegen, bis man den Fluch mit einer ~y~Entzaubern-Spruchrolle~/~ aufhebt.;Algunos objetos no identificados están ~p~malditos~/~.##Una vez equipados, estos objetos no pueden ser soltados hasta que suprimas la maldición con un ~y~pergamino de desencantamiento~/~.;;Alcuni oggetti non identificati sono ~p~maledetti~/~.##Dopo che li avrai equipaggiati, non potrai più liberartene finché non avrai usato una ~y~Pergamena Disincantatrice~/~ per spezzare la loro maledizione.;Alguns itens não identificados são ~p~amaldiçoados~/~.##Uma vez equipados, você não poderá removê-los até que desfaça a maldição com um ~y~Pergaminho de Desencantamento~/~.;Część niezidentyfikowanych przedmiotów mogą okazać się ~p~przeklętymi~/~. ##Jak tylko założysz przeklęty pzedmiot nie możesz go zdjąć! Jedyną opcją będzie usunięcie klątwy za pomocą ~y~Zwoju Oczyszczenia~/~.;Bazı tanımlanmamış eşyalar ~p~lanetli~/~ olabilir.##Bu eşyayı bir kez kuşandığında,#~y~Efsun Bozma Parşömeni~/~ ile laneti ortadan kaldırana kadar eşyayı üzerinden çıkaramazsın.;Některé neidentifikované předměty jsou ~p~prokleté~/~.##Jakmile je použiješ, již se jich nezbavíš, pokud kletbu neodstraníš pomocí ~y~Svitku odčarování~/~.
scroll4;С помощью ~y~свитка зачарования~/~ вы можете улучшать экипировку, накладывая на неё различные бонусы.;~y~Enchantment Scrolls~/~ allow you to improve your equipment by applying various beneficial effects to it.;~y~強化の巻物~/~は、様々な良い効果を付与することによって装備品を強化することができる。;~y~ Verzaubern-Spruchrollen~/~ ermöglichen es dir, deine Ausrüstung zu verbessern, indem du verschiedene vorteilhafte Effekte auf sie anwendest.;Los ~y~pergamino de encantamiento~/~ son útiles para mejorar tu equipo: aplican varios efectos beneficiosos.;;Le ~y~Pergamene Incantatrici~/~ ti permettono di migliorare il tuo equipaggiamento dotandolo di svariati effetti benefici.;~y~Pergaminhos de Encantamento~/~ permitem que você melhore seu equipamento, aplicando vários efeitos benéficos a ele.;~y~Zwoje Zaklinania~/~ pozwalają ci ulepszyć przedmioty, nakładając na nie różne dodatkowe statystyki. Dodatkowo użycie takiego zwoju na zaklętym przedmiocie wylosuje bonusowe statystyki już dodane.;~y~Efsun Parşömeni~/~ ekipmanına çeşitli yararlı etkiler uygulayarak, geliştirmeni sağlar.;~y~Svitky očarování~/~ ti umožňují vylepšovat tvé vybavení přidělením některých užitečných efektů.
;;;;;;;;;;;
finalTitle;Финал;Finale;完了;Zu guter Letzt;Final;;Finale;Final;Finał;Son;Finále
;;;;;;;;;;;
final1;Обучение пройдено! Теперь вы сами по себе: выживите и найдите переход на следующий этаж.;The tutorial is complete! Now you are on your own. Survive and find your way to the next floor.;チュートリアルが完了した！ここからは自力で進むことになる。生き残り、次の階への道を発見せよ。;Das Tutorial ist abgeschlossen! Jetzt bist du auf dich allein gestellt. Überlebe und finde den Weg zur nächsten Ebene.;¡Has completado el tutorial! Ahora, deberás arreglártelas por tu cuenta. Sobrevive y encuentra la salida al siguiente piso.;;Hai concluso il tutorial! D'ora in avanti dovrai cavartela da solo. Fatti strada fino al prossimo piano e cerca di non morire!;O tutorial está finalizado! Agora você está por conta própria. Sobreviva e encontre o caminho para o próximo andar.;Samouczek ukończony! Teraz musisz polegać tylko na sobie. Przeżyj i przedostań się na kolejne piętro.;Eğitim tamamlandı! Artık kendi başınasın. Hayatta kal ve bir sonraki kata giden yolu bul.;Výuka je kompletní! Od teď jsi v tom sám. Přežij a najdi cestu do dalšího podlaží.
final2;Помните: вы - не избранный, и многие враги примерно соответствуют вам по силе.##Будьте осторожны: не идите напролом, остерегайтесь групповых боёв, старайтесь сражаться исключительно один на один и умело используйте окружение.##~y~Удачи!~/~;And remember: you are not a chosen one. Many enemies are just as powerful as you are.##Be careful: don't mindlessly charge ahead, avoid fighting with multiple opponents at once, try forcing one on one combat and use your surroundings.##~y~Good luck!~/~;覚えておけ、お前は選ばれし者などではない。多くの敵はお前と同じくらいに強力だ。##警戒せよ。闇雲に突進するのではなく、一度に複数の敵と戦うことを避けよ。一対一の戦闘を強いて、周囲をも利用せよ。##~y~幸運あれ！~/~;Und denke daran: Du bist nicht der Auserwählte. Viele Gegner sind genau so mächtig wie du. Sei vorsichtig: stürme nicht gedankenlos vorwärts, vermeide es, mit mehreren Gegnern gleichzeitig zu kämpfen, versuche, einen Kampf gegen einen einzelnen Gegner zu erzwingen und nutze deine Umgebung.##~y~Viel Glück!~/~;Y recuerda: no eres un héroe elegido. Muchos de los enemigos son tan poderosos como tú.##Avanza con cuidado, no cargues hacia la batalla así sin más. Evita enfrentar a muchos oponentes a la vez, intenta forzar duelos uno contra uno y aprovecha tu entorno.##~y~¡Buena suerte!~/~;;Ricorda: il tuo personaggio non è "speciale". Troverai molti nemici forti tanto quanto te.##Fai attenzione! Non abbassare mai la guardia, evita di combattere contro più avversari contemporaneamente e quando possibile cerca di usare l'ambiente a tuo vantaggio.##~y~Buona fortuna!~/~;E lembre-se: você não é nenhum "escolhido". Muitos inimigos são tão poderosos quanto você.##Tenha cuidado: não avance sem pensar, evite lutar com múltiplos oponentes de uma vez, tente forçar o combate um a um e use os arredores a seu favor.##~y~Boa sorte!~/~;I pamiętaj: nie jesteś żadnym bogiem. Wielu przeciwników jest równie silnych jak ty.##Bądź ostrożny: nie szarżuj głupio przed siebie, unikaj walki z wieloma przeciwnikami na raz, spróbuj skupić się na jednym i wykorzystuj otoczenie.##~y~Powodzenia!~/~;Unutma: sen seçilmiş kişi değilsin. Birçok düşman en az senin kadar güçlüdür.##Dikkatli ol: düşüncesizce ilerleme, birden fazla düşmanla aynı anda savaşmaktan kaçın ve çevreyi kullanarak düşmanları bire bir savaşlara zorla.##~y~İyi şanslar!~/~;A pamatuj: nejsi vyvolený. Mnoho nepřátel je stejně silných jako ty.##Buď opatrný: nevyrážej bezhlavě vpřed, vyhni se boji s více protivníky najednou, snaž se vynutit boj jeden na jednoho a využívej své okolí.##~y~Zlom vaz!~/~
;;;;;;;;;;;
saveTitle;Система сохранений;Save System;セーブ;Speichersystem;Sistema de guardado;;Sistema di Salvataggio;Sistema de save;System Zapisywania Gry;Kayıt Sistemi;Systém ukládání
;;;;;;;;;;;
save1;Чтобы сохраниться, вам нужно ~y~снять комнату~/~ в таверне и ~y~поспать~/~ любое количество времени. Также вы можете сохраняться в зачищенных лагерях.##~r~Выход из игры не сохраняет ваш прогресс.~/~##Если вы умрёте в ~y~стандартном режиме~/~, вы сможете загрузиться на моменте сохранения.#В режиме ~r~пермасмерти~/~ ваше сохранение будет навсегда удалено.;To save the game you need to ~y~rent a room~/~ in a tavern and ~y~sleep~/~ for any amount of time. You can also save your game in cleared out camps.##~r~Exiting the game doesn't save your progress.~/~##If you die while playing in ~y~standard mode~/~, you can resume the game from your save.#In ~r~permadeath~/~ mode your saves are irreversibly erased on death.;ゲームプレイをセーブするには、宿屋で~y~部屋を借りて~/~、どれだけの時間でもよいから~y~眠る~/~必要がある。キャンプを一掃したときにもセーブが行われる。ゲームを終了してもデータはセーブされない。##~y~スタンダードモード~/~で死亡した場合、セーブデータから再開することができる。#~r~パーマデス~/~モードでは、キャラクターの死亡と同時にデータが削除される。;Um das Spiel zu speichern, musst du ~y~einen Raum~/~ in einer Taverne mieten und darin für eine beliebige Zeit ~y~schlafen~/~. Du kannst das Spiel auch in einem der gesäuberten Lager speichern.##~r~Beim Beenden des Spiels, wird dein Fortschritt nicht gespeichert!~/~##Wenn du während des Spiels im ~y~Standardmodus~/~ stirbst, kannst du das gespeicherte Spiel wieder aufnehmen.#Im ~r~Permadeath~/~ Modus werden deine Spielstände beim Tod unwiderruflich gelöscht.;Para guardar la partida, necesitarás ~y~alquilar una habitación~/~ en una posada y ~y~dormir~/~ cualquier cantidad de horas. También podrás guardar la partida en campamentos libres de enemigos.##~r~Salir del juego no guarda tu progreso.~/~##En principio, si mueres, podrás continuar tu partida desde el último guardado.#En el ~r~modo realista~/~ , por otro lado, morir significa la pérdida irreversible de todo tu progreso.;;Per salvare la partita, devi ~y~affittare una stanza~/~ presso una taverna e ~y~dormire~/~ per un numero qualsiasi di ore. Puoi farlo anche negli accampamenti che troverai al di fuori del villaggio.##~r~Uscire dal gioco non comporta il salvataggio dei tuoi progressi.~/~##Se muori giocando alla ~y~mod. standard~/~, potrai riprendere la partita dall'ultimo salvataggio effettuato.#Nella modalità ~r~Morte Permanente~/~, invece, i tuoi salvataggi vengono immediatamente cancellati al momento della morte.;Para salvar o jogo você precisa ~y~alugar um quarto~/~ em uma taverna e ~y~dormir~/~ o tempo que desejar. Você também pode salvar seu jogo em acampamentos, após matar os inimigos.##~r~Sair do jogo não salva seu progresso.~/~##Se você morrer quando estiver jogando no ~y~modo padrão~/~, você pode retomar o jogo a partir do último save.#No modo ~r~morte permanente~/~ seus saves são irreversivelmente apagados quando morre.;By zapisać stan gry musisz ~y~wynająć pokój~/~ w tawernie i ~y~pójść spać~/~ na dowolny czas. Możesz również zapisać stan gry w obozowiskach, które wcześniej należy oczyścić z przeciwników.##~r~Wyjście z gry nie powoduje zapisu.~/~##Jeżeli zginiesz w ~y~trybie standardowym~/~, cofasz się do momentu zapisu gry, w łóżku.#W ~r~trybie Permadeath~/~ śmierć powoduje usunięcie całego zapisu.;Oyunu kaydetmek için bir tavernada#~y~oda kiralamak~/~ ve bir süre ~y~uyumak~/~ gerekir. Ayrıca temizlenmiş kamp yerlerinde de kayıt edebilirsin.##~r~Oyundan çıkmak, ilerlemeni kayıt etmez.~/~##~y~Standart~/~ modda oynarken ölürsen kayıt yerinden devam edebilirsin.#~r~Öldübitti~/~ modunda öldüğünde kayıtların geri döndürülemez bir şekilde silinir.;Pro uložení hry si musíš ~y~prronajmout pokoj~/~ v hospodě a libovolně dlouho ~y~spát~/~. Můžeš také ukládat v táborech vyčištěných od nepřátel.##~r~Opuštění hry neuloží dosažený postup.~/~##Pokud zemřeš ve ~y~standardním režimu~/~, můžeš pokračovat ve hře od posledního uložení.#V ~r~permadeath~/~ režimu je v momentu úmrtí uložená pozice nenávratně smazána.
;;;;;;;;;;;
thanksTitle;Спасибо!;Thank you!;ありがとう！;Dankeschön!;¡Muchas gracias!;;Grazie!;Obrigado!;Dziękujemy!;Teşekkürler!;Děkujeme!
;;;;;;;;;;;
thanks1;Наша команда благодарит вас за приобретение ~y~Набора поддержки~/~!##Ваши ~y~бонусные предметы~/~ ждут вас в сундуке на втором этаже таверны.##Удачных приключений!;Our team is thankful to you for purchasing ~y~Supporter Pack~/~!##Your ~y~bonus items~/~ are waiting for you in a chest on the second floor of the tavern.##Good luck on your adventures!;~y~サポーターパック~/~を購入してくれて、僕たちのチームはとても感謝しています！##~y~ボーナスアイテム~/~が宿屋の二階の宝箱の中であなたを待っています。##あなたの冒険に幸運あれ！;Unser Team dankt dir dafür, dass du das ~y~Supporter Pack~/~ gekauft hast!##Deine ~y~Bonusgegenstände~/~ warten auf dich in einer Truhe auf der 2. Etage des Gasthauses.##Viel Glück bei deinen Abenteuern!;¡Nuestro equipo agradece enormemente tu compra del ~y~Paquete de Colaborador~/~!##Tus ~y~objetos exclusivos~/~ te aguardan en un cofre en el primer piso de la taberna.##¡Mucha suerte en tus aventuras!;;Il team di sviluppo di Stoneshard ti ringrazia per aver acquistato il ~y~Supporter Pack~/~!##I tuoi ~y~oggetti bonus~/~ ti stanno aspettando all'interno di un forziere al secondo piano della taverna.##Buona fortuna nelle tue avventure!;Nossa equipe agradece a compra do ~y~Pacote de Apoio~/~!##Seus ~y~itens bônus~/~ estão te aguardando em um baú no segundo andar da taverna.##Boa sorte em suas aventuras!;Nasz team chciałby złożyć Ci podziękowania za zakup ~y~Pakietu Wspierającego~/~!##Twoje ~y~bonusowe przedmioty~/~ czekają na Ciebie w skrzyni na piętrze tawerny.##Powodzenia w przygodach!;Takımımız, ~y~Destek Paketi~/~ satın aldığın için minnettar!##~y~Bonus eşyalar~/~, tavernanın ikinci katındaki sandıkta seni bekliyor.##Maceranda bol şans!;Náš tým je vděčný, že sis koupil ~y~Supporter Pack~/~!##~y~Bonusové předměty~/~ na tebe čekají v truhle v druhém patře hospody.##Hodně štěstí na tvých dobrodružstvích!
;;;;;;;;;;;
;text_end;text_end;text_end;text_end;text_end;text_end;text_end;text_end;text_end;text_end;text_end