ключ;Русский;English;中文;Deutsch;Español;Français;Italiano;Português;Polski;Türkçe;Čeština;Magyar
;text;text;text;text;text;text;text;text;text;text;text;text
Osbrook;Осбрук;Osbrook;オスブルック;Osbrook;Osbrook;;Osbrook;Osbrook;Osbrook;Osbrook;Osbrook;
Mannshire;Манншир;Mannshire;マンシャー;Mannshire;Mannshire;;Mannshire;Mannshire;Mannshire;Mannshire;Mannshire;
Abbey;Аббатство Святого Откровения;Abbey of the Holy Revelation;聖なる黙示録の修道院;Abtei der Heiligen Offenbarung;Abadía de la Sagrada Revelación;;Cappella della Sacra Rivelazione;Abadia da Revelação Sagrada;Opactwo Świętego Objawienia;Kutsal Vahiy Manastırı;Opatství svatého zjevení;
AbbeyCellars;Монастырские подвалы;Abbey Cellars;修道院地下室;Abteikeller;Sótanos de la Abadía;;Sotterranei della Cappella;Porão do Mosteiro;Piwnice Opactwa;Manastır Mahzenleri;Sklepy opatství;
Bastion;Бастион;Bastion;バスティオン;Bastion;Bastión;;Bastione;Bastião;Bastion;Tabya;Bašta;
Crypt;Склеп;Crypt;クリプト;Krypta;Cripta;;Cripta;Cripta;Krypta;Türbe;Krypta;
Catacombs;Катакомбы;Catacombs;カタコンベ;Katakomben;Catacumbas;;Catacombe;Catacumbas;Katakumby;Yeraltı Mezarları;Katakomby;
Camp;Лагерь;Camp;キャンプ;Lager;Campamento;;Accampamento;Acampamento;Obóz;Kamp;Tábor;
Witchs Hut;Хижина ведьмы;Witch's Hut;魔女の小屋;Hexenhütte;Choza de la bruja;;Casa della Strega;Cabana da Bruxa;Chata Wiedźmy;Cadı Kulübesi;Chata čarodějnice;
Winery;Винокурня;Winery;醸造所;Weingut;Viña;;Vigneto;Vinícola;Winiarnia;Şaraphane;Vinařství;
Mill;Мельница;Mill;風車;Mühle;Molino;;Mulino;Moinho;Młyn;Değirmen;Mlýn;
Field;Поле;Field;草原;Feld;Campo;;Campo;Campo;Pola;Arazi;Planina;
FieldRoad;Поле с дорогой;Field with a road;草原（道）;Feld mit Straße;Campo con un camino;;Campo con strada;Descampado com estrada;Pola z drogą;Arazi ile bir yol;Planina s cestou;
Forest;Лес;Forest;森林;Wald;Bosque;;Foresta;Floresta;Lasy;Orman;Les;
ForestRoad;Лес с дорогой;Forest with a road;森林（道）;Wald mit Straße;Bosque con un camino;;Foresta con strada;Floresta com estrada;Lasy z drogą;Orman ile bir yol;Les s cestou;
PointOfInterest;Точка интереса;Point of Interest;未探索地点;Interessanter Ort;Punto de interés;;Punto di Interesse;Ponto de interesse;Interesujące Miejsca;İlgi Noktası;Bod zájmu;
Archives;Архивы;Archives;記録保管所;Archive;Archivos;;Archivi;Arquivos;Archiwa;Arşiv;Archivy;
OldCatacombs;Старые катакомбы;Old Catacombs;古いカタコンベ;Alte Katakomben;Catacumbas Vetustas;;Antiche Catacombe;Catacumbas Antigas;Stare Katakumby;Eski Yeraltı Mezarları;Staré katakomby;
CorruptedChapel;Осквернённая часовня;Corrupted Chapel;堕落した教会;Verderbte Kapelle;Capilla Corrompida;;Cappella Corrotta;Capela Corrompida;Splugawiona Kaplica;Yozlaşmış Şapel;Zkažená kaple;
HermitHut;Хижина отшельника;Hermit's Hut;隠者の小屋;Einsiedlerhütte;Choza del ermitaño;;Rifugio dell'Eremita;Cabana do Eremita;Hata Pustelnika;Münzevi Kulübesi;Chata poustevníka;
Leprosy;Лепрозорий;Leprosarium;レプロサリウム;Leprosorium;Lazareto;;Lebbrosario;Leprosário;Leprozorium;Cüzzam Hastanesi;Leprosárium;
TrollTower;Сигнальная башня;Signal Tower;信号塔;Signalturm;Torre de señales;;Torre di Segnalazione;Torre de Sinalização;Wieża Sygnałowa;Sinyal Kulesi;Signální věž;
BanditRuins;Разрушенная усадьба;Ruined Manor;旧領主の館;Verfallenes Herrenhaus;Mansión Arruinada;;Maniero in Rovina;Mansão em Ruínas;Zrujnowana Willa;Yıkılmış Malikane;Zchátralé panství;
;text_end;text_end;text_end;text_end;text_end;text_end;text_end;text_end;text_end;text_end;text_end;text_end