тип;Русский;English;中文;Deutsch;Español;Français;Italiano;Português;Polski;Türkçe;Čeština;Magyar
;text;text;text;text;text;text;text;text;text;text;text;text
attack;~w~$~/~ $. ~w~$~/~ теряет ~w~$~/~ $;~w~$~/~ $. ~w~$~/~ loses ~w~$~/~ $;~w~$~/~ $。~w~$~/~ は ~w~$~/~ の $ を失った;~w~$~/~ $. ~w~$~/~ verliert ~w~$~/~ $;~w~$~/~ $. ~w~$~/~ pierde ~w~$~/~ $;;~w~$~/~ $. ~w~$~/~ perde ~w~$~/~ $;~w~$~/~ $. ~w~$~/~ perde ~w~$~/~ $;~w~$~/~ $. ~w~$~/~ traci ~w~$~/~ $;~w~$~/~ $. ~w~$~/~, ~w~$~/~ $ kaybetti;~w~$~/~ $. ~w~$~/~ ztrácí ~w~$~/~ $;
crit;~w~$~/~ $ и наносит ~r~критическую атаку~/~! ~w~$~/~ теряет ~w~$~/~ $;~w~$~/~ $ and scores ~r~critical hit~/~! ~w~$~/~ loses ~w~$~/~ $;~w~$~/~ $。~r~クリティカル~/~！~w~$~/~ は ~w~$~/~ の $ を失った;~w~$~/~ $ und landet ~r~krit. Treffer~/~! ~w~$~/~ verliert ~w~$~/~ $;¡~w~$~/~ $ y asesta un ~r~golpe crítico~/~! ~w~$~/~ pierde ~w~$~/~ $;;~w~$~/~ $ ed infligge un ~r~colpo critico~/~! ~w~$~/~ perde ~w~$~/~ $;~w~$~/~ $ e consegue ~r~acerto crítico~/~! ~w~$~/~ perde ~w~$~/~ $;~w~$~/~ $ zadaje ~r~cios krytyczny~/~! ~w~$~/~ traci ~w~$~/~ $;~w~$~/~ $ ve ~r~kritik hasar~/~ verdi! ~w~$~/~, ~w~$~/~ $ kaybetti;~w~$~/~ $ a uděluje ~r~kritický záasah~/~! ~w~$~/~ ztrácí~w~$~/~ $;
fumble;~w~$~/~ неудачно $. ~w~$~/~ теряет ~w~$~/~ $;~w~$~/~ $, but fumbles. ~w~$~/~ loses ~w~$~/~ $;~w~$~/~ $ がファンブルした。~w~$~/~ は ~w~$~/~ の $ を失った;~w~$~/~ $, stellt sich aber ungeschickt an. ~w~$~/~ verliert ~w~$~/~ $;~w~$~/~ $, pero el golpe es débil. ~w~$~/~ pierde ~w~$~/~ $;;~w~$~/~ $, ma tentenna. ~w~$~/~ perde ~w~$~/~ $;~w~$~/~ $, mas hesita. ~w~$~/~ perde ~w~$~/~ $;~w~$~/~ $, ale partaczy. ~w~$~/~ traci ~w~$~/~ $;~w~$~/~ $ ama ıskaladı. ~w~$~/~, ~w~$~/~ $ kaybetti;~w~$~/~ $, ale zpackává. ~w~$~/~ ztrácí ~w~$~/~ $;
shot;~w~$~/~ стреляет. ~w~$~/~ теряет ~w~$~/~ $;~w~$~/~ takes a shot. ~w~$~/~ loses ~w~$~/~ $;~w~$~/~ が射撃した。~w~$~/~ は ~w~$~/~ $ を失った;~w~$~/~ schießt. ~w~$~/~ verliert ~w~$~/~ $;~w~$~/~ dispara. ~w~$~/~ pierde ~w~$~/~ $;;~w~$~/~ spara. ~w~$~/~ perde ~w~$~/~ $;~w~$~/~ atira. ~w~$~/~ perde ~w~$~/~ $;~w~$~/~ strzela w. ~w~$~/~ traci ~w~$~/~ $;~w~$~/~ atış yaptı. ~w~$~/~, ~w~$~/~ $ kaybetti;~w~$~/~ střílí. ~w~$~/~ ztrácí~w~$~/~ $;
shotCrit;~w~$~/~ стреляет и наносит ~r~критическое попадание~/~! ~w~$~/~ теряет ~w~$~/~ $;~w~$~/~ takes a shot and scores a ~r~critical hit~/~! ~w~$~/~ loses ~w~$~/~ $;~w~$~/~ が射撃した。~r~クリティカル~/~！~w~$~/~ は ~w~$~/~ の $ を失った;~w~$~/~ takes a shot and scores a ~r~critical hit~/~! ~w~$~/~ loses ~w~$~/~ $;¡~w~$~/~ dispara y asesta un ~r~golpe crítico~/~! ~w~$~/~ pierde ~w~$~/~ $;;~w~$~/~ spara e infligge un colpo critico! ~w~$~/~ perde ~w~$~/~ $;~w~$~/~ dispara e consegue um acerto crítico! ~w~$~/~ perde ~w~$~/~ $;~w~$~/~ strzela i uzyskuje ~r~trafienie krytyczne~/~! ~w~$~/~ traci ~w~$~/~ $;~w~$~/~ atış yaptı ve ~r~kritik hasar~/~ verdi! ~w~$~/~, ~w~$~/~ $ kaybetti;;
shotCritNoDamage;~w~$~/~ стреляет и наносит ~r~критическое попадание~/~! ~w~$~/~ не получает урона;~w~$~/~ takes a shot and scores a ~r~critical hit~/~! ~w~$~/~ doesn't take any damage;~w~$~/~ が射撃した。~r~クリティカル~/~！~w~$~/~ はダメージを受けなかった。;~w~$~/~ takes a shot and scores a ~r~critical hit~/~! ~w~$~/~ doesn't take any damage;¡~w~$~/~ dispara y asesta un ~r~golpe crítico~/~! ~w~$~/~ no recibe daño;;~w~$~/~ spara e infligge un colpo critico! ~w~$~/~ non subisce alcun danno;~w~$~/~ dispara e consegue um acerto crítico! ~w~$~/~ não sofre dano;~w~$~/~ strzela i uzyskuje ~r~trafienie krytyczne~/~! ~w~$~/~ nie otrzymuje żadnych obrażeń;~w~$~/~ atış yaptı ve ~r~kritik hasar~/~ verdi! ~w~$~/~ hiç hasar almadı;;
fumbleNoDamage;~w~$~/~ неудачно $. ~w~$~/~ не получает урона;~w~$~/~ $, but fumbles. ~w~$~/~ doesn't take any damage;~w~$~/~ $ がファンブルした。~w~$~/~ はダメージを受けなかった。;~w~$~/~ $, stellt sich aber ungeschickt an. ~w~$~/~ nimmt keinen Schaden;~w~$~/~ $, pero el golpe es débil. ~w~$~/~ no recibe daño;;~w~$~/~ $, ma tentenna. ~w~$~/~ non subisce alcun danno;~w~$~/~ $, mas hesita. ~w~$~/~ não recebe dano;~w~$~/~ $, ale partaczy. ~w~$~/~ nie otrzymuje obrażeń;~w~$~/~ $ ama ıskaladı. ~w~$~/~ hiç hasar almadı;~w~$~/~ $, ale zpackává. ~w~$~/~ nedostává žádné poškození;
attackNoDamage;~w~$~/~ $. ~w~$~/~ не получает урона;~w~$~/~ $. ~w~$~/~ doesn't take any damage;~w~$~/~ $。~w~$~/~ はダメージを受けなかった。;~w~$~/~ $. ~w~$~/~ nimmt keinen Schaden;~w~$~/~ $. ~w~$~/~ no recibe daño;;~w~$~/~ $. ~w~$~/~ non subisce alcun danno;~w~$~/~ $. ~w~$~/~ não recebe dano;~w~$~/~ $. ~w~$~/~ nie otrzymuje żadnych obrażeń;~w~$~/~ $. ~w~$~/~ hiç hasar almadı;~w~$~/~ $. ~w~$~/~ nedostává žádné poškození;
critNoDamage;~w~$~/~ $ и наносит ~r~критическую атаку~/~! ~w~$~/~ не получает урона;~w~$~/~ $ and scores ~r~critical hit~/~! ~w~$~/~ doesn't take any damage;~w~$~/~ $。~r~クリティカル~/~！~w~$~/~ はダメージを受けなかった。;~w~$~/~ $ und landet einen ~r~krit. Treffer~/~! ~w~$~/~ nimmt keinen Schaden;¡~w~$~/~ $ y asesta un ~r~golpe crítico~/~! Pero ~w~$~/~ no recibe daño;;~w~$~/~ $ e infligge un ~r~colpo critico~/~! ~w~$~/~ non subisce alcun danno;~w~$~/~ $ e consegue ~r~acerto crítico~/~! ~w~$~/~ não recebe dano;~w~$~/~ $ trafia i zadaje ~r~cios krytyczny~/~! ~w~$~/~ nie otrzymuje obrażeń;~w~$~/~ $ ve ~r~kritik hasar~/~ verdi! ~w~$~/~ hiç hasar almadı;~w~$~/~ $ a uděluje ~r~kritický zásah~/~! ~w~$~/~ nedostává žádné poškození;
shotNoDamage;~w~$~/~ стреляет. ~w~$~/~ не получает урона;~w~$~/~ takes a shot. ~w~$~/~ doesn't take any damage;~w~$~/~ が射撃した。~w~$~/~ はダメージを受けなかった。;~w~$~/~ schießt. ~w~$~/~ nimmt keinen Schaden;~w~$~/~ dispara. ~w~$~/~ no recibe daño;;~w~$~/~ spara. ~w~$~/~ non subisce alcun danno;~w~$~/~ atira. ~w~$~/~ não recebe dano;~w~$~/~ strzela. ~w~$~/~ nie otrzymuje żadnych obrażeń;~w~$~/~ atış yaptı. ~w~$~/~ hiç hasar almadı;~w~$~/~ střílí. ~w~$~/~ nedostává žádné poškození;
blockFull;~w~$~/~ $. ~w~$~/~ блокирует весь урон;~w~$~/~ $. ~w~$~/~ blocks all damage;~w~$~/~ $。~w~$~/~ は全てのダメージをブロックした。;~w~$~/~ $. ~w~$~/~ blockt gesamten Schaden;~w~$~/~ $. ~w~$~/~ bloquea todo el daño;;~w~$~/~ $. ~w~$~/~ blocca tutti i danni;~w~$~/~ $. ~w~$~/~ bloqueia todo o dano;~w~$~/~ $. ~w~$~/~ blokuje wszystkie obrażenia;~w~$~/~ $. ~w~$~/~ tüm hasarı blokladı;~w~$~/~ $. ~w~$~/~ blokuje všechno poškození;
blockPart;~w~$~/~ $. ~w~$~/~ блокирует часть урона и теряет ~w~$~/~ $;~w~$~/~ $. ~w~$~/~ partially blocks damage and loses ~w~$~/~ $;~w~$~/~ $。~w~$~/~ は一部のダメージをブロックし、~w~$~/~ の $ を失った;~w~$~/~ $. ~w~$~/~ blockt Teilschaden und verliert ~w~$~/~ $;~w~$~/~ $. ~w~$~/~ bloquea parcialmente el ataque y solo pierde ~w~$~/~ $;;~w~$~/~ $. ~w~$~/~ blocca parzialmente i danni subiti e perde ~w~$~/~ $;~w~$~/~ $. ~w~$~/~ bloqueia parcialmente o dano e perde ~w~$~/~ $;~w~$~/~ $. ~w~$~/~ częściowo blokuje obrażenia i traci ~w~$~/~ $;~w~$~/~ $. ~w~$~/~ hasarı kısmen blokladı ve ~w~$~/~ $ kaybetti;~w~$~/~ $. ~w~$~/~ částečně blokuje poškození a ztrácí ~w~$~/~ $;
evade;~w~$~/~ $, но промахивается.;~w~$~/~ $, but misses.;~w~$~/~ $ が回避された。;~w~$~/~ $, aber verfehlt.;~w~$~/~ $, pero falla.;;~w~$~/~ $, ma manca il bersaglio.;~w~$~/~ $, mas erra.;~w~$~/~ $, ale pudłuje.;~w~$~/~ $ ama kaçırdı.;~w~$~/~ $, ale míjí.;
playerDeath;~w~$~/~ погибает.;~w~$~/~ dies.;~w~$~/~ が死亡した。;~w~$~/~ stirbt.;~w~$~/~ se muere.;;~w~$~/~ muore.;~w~$~/~ morre.;~w~$~/~ umiera.;~w~$~/~ öldü.;~w~$~/~ umírá.;
enemyDeath;~w~$~/~ погибает. (~y~$~/~);~w~$~/~ dies. (~y~$~/~);~w~$~/~ が死亡した（~y~$~/~）;~w~$~/~ stirbt. (~y~$~/~);~w~$~/~ muere. (~y~$~/~);;~w~$~/~ muore. (~y~$~/~);~w~$~/~ morre. (~y~$~/~);~w~$~/~ umiera. (~y~$~/~);~w~$~/~ öldü. (~y~$~/~);~w~$~/~ umírá. (~y~$~/~);
pickupEffect;~w~$~/~ получает эффект ~ly~$~/~.;~w~$~/~ receives ~ly~$~/~.;~w~$~/~ は ~ly~$~/~ の効果を受けた。;~w~$~/~ erhält ~ly~$~/~.;~w~$~/~ recibe ~ly~$~/~.;;~w~$~/~ riceve ~ly~$~/~.;~w~$~/~ recebe ~ly~$~/~.;~w~$~/~ otrzymuje ~ly~$~/~.;~w~$~/~, ~ly~$~/~ etkisine girdi.;~w~$~/~ dostává ~ly~$~/~.;
dropEffect;~w~$~/~ больше не под действием эффекта ~ly~$~/~!;~w~$~/~ is no longer affected by ~ly~$~/~!;~w~$~/~ の ~ly~$~/~ の効果が終了した。;~w~$~/~ wird nicht länger beeinflusst von ~ly~$~/~!;¡~w~$~/~ pierde el efecto ~ly~$~/~!;;~w~$~/~ non avverte più gli effetti di ~ly~$~/~!;~w~$~/~ não é mais afetado por ~ly~$~/~!;~w~$~/~ nie jest dłużej pod wpływem ~ly~$~/~!;~w~$~/~, ~ly~$~/~ etkisinden çıktı!;~w~$~/~ již není pod vlivem ~ly~$~/~!;
breakLockSuccess;~w~$~/~ успешно взламывает замок (~w~$~/~).;~w~$~/~ succesfully picks ~w~$~/~ lock.;~w~$~/~ は ~w~$~/~ の開錠に成功した。;~w~$~/~ knackt erfolgreich ~w~$~/~ Schloss.;~w~$~/~ abre con éxito esta cerradura: ~w~$~/~.;;~w~$~/~ scassina ~w~$~/~ con successo.;~w~$~/~ conseguiu arrombar ~w~$~/~ a fechadura.;~w~$~/~ z sukcesem otwiera ~w~$~/~ zamek;~w~$~/~ başarıyla ~w~$~/~ kilidini açtı.;~w~$~/~ úspěšně odemyká zámek ~w~$~/~.;
breakLockFail;~w~$~/~ безуспешно пытается взломать замок (~w~$~/~).;~w~$~/~ fails to pick ~w~$~/~ lock.;~w~$~/~ は ~w~$~/~ の開錠に失敗した。;~w~$~/~ kann ~w~$~/~ Schloss nicht knacken.;~w~$~/~ no consigue abrir la cerradura: ~w~$~/~.;;~w~$~/~ non riesce a scassinare ~w~$~/~.;~w~$~/~ falhou em arrombar ~w~$~/~ a fechadura.;~w~$~/~ nie daje rady otworzyć zamka ~w~$~/~;~w~$~/~, ~w~$~/~ kilidini açamadı.;~w~$~/~ neúspěšně odemyká zámek ~w~$~/~.;
search;~w~$~/~ обыскивает контейнер (~w~$~/~).;~w~$~/~ searches the ~w~$~/~.;~w~$~/~ は ~w~$~/~ を調べた。;~w~$~/~ durchsucht ~w~$~/~.;~w~$~/~ revisa: ~w~$~/~.;;~w~$~/~ perquisisce ~w~$~/~.;~w~$~/~ vasculha ~w~$~/~.;~w~$~/~ przeszukuje ~w~$~/~;~w~$~/~ araştırdı: ~w~$~/~.;~w~$~/~ prohledává ~w~$~/~.;
attackTrap;~w~$~/~ попадает в ловушку (~w~$~/~) и теряет ~w~$~/~ здоровья;~w~$~/~ triggers the ~w~$~/~ and loses ~w~$~/~ health;~w~$~/~ は ~w~$~/~ を作動させ、体力を ~w~$~/~ 失った。;~w~$~/~ löst ~w~$~/~ aus und verliert ~w~$~/~ Gesundheit;~w~$~/~ activa la ~w~$~/~ y pierde ~w~$~/~ puntos de vida;;~w~$~/~ attiva ~w~$~/~ e perde ~w~$~/~ salute;~w~$~/~ ativa ~w~$~/~ e perde ~w~$~/~ de vida;~w~$~/~ aktuwuje ~w~$~/~ i traci ~w~$~/~ zdrowia;~w~$~/~, ~w~$~/~ tetikledi ve ~w~$~/~ can kaybetti;~w~$~/~ spouští ~w~$~/~ a ztrácí ~w~$~/~ zdraví;
disarmTrapSuccess;~w~$~/~ обезвреживает ловушку (~w~$~/~).;~w~$~/~ tries to disarm the ~w~$~/~ and succeeds.;~w~$~/~ は ~w~$~/~ の解除を試み、成功した。;~w~$~/~ versucht ~w~$~/~ zu entschärfen und ist erfolgreich.;~w~$~/~ intenta desarmar la ~w~$~/~ y tiene éxito.;;~w~$~/~ cerca di disarmare ~w~$~/~ e vi riesce.;~w~$~/~ tenta desarmar ~w~$~/~ e consegue.;~w~$~/~ próbuje rozbroić ~w~$~/~ i daje radę;~w~$~/~, ~w~$~/~ etkisizleştirmeyi denedi ve başarılı oldu.;~w~$~/~ se pokouší rozebrat ~w~$~/~ a uspěl.;
disarmTrapFail;~w~$~/~ безуспешно пытается обезвредить ловушку (~w~$~/~).;~w~$~/~ tries to disarm the ~w~$~/~ and fails.;~w~$~/~ は ~w~$~/~ の解除を試み、失敗した。;~w~$~/~ versucht ~w~$~/~ zu entschärfen und scheitert.;~w~$~/~ intenta desarmar la ~w~$~/~ y no lo consigue.;;~w~$~/~ cerca di disarmare ~w~$~/~ ma fallisce.;~w~$~/~ tenta desarmar ~w~$~/~ e falha.;~w~$~/~ próbuje rozbroić ~w~$~/~ i nie daje rady;~w~$~/~, ~w~$~/~ etkisizleştirmeyi denedi ve başarısız oldu.;~w~$~/~ se pokouší rozebrat ~w~$~/~ a neuspěl.;
spotTrap;~w~$~/~ замечает скрытую ловушку (~w~$~/~).;~w~$~/~ spots a hidden ~w~$~/~.;~w~$~/~ は隠された ~w~$~/~ を発見した。;~w~$~/~ entdeckt verborgene ~w~$~/~.;~w~$~/~ identifica una ~w~$~/~ oculta.;;~w~$~/~ individua una ~w~$~/~ nascosta.;~w~$~/~ avista uma ~w~$~/~ oculta.;~w~$~/~ zauważa ukrytą ~w~$~/~.;~w~$~/~ gizli bir ~w~$~/~ tespit etti.;~w~$~/~ si všímá skryté ~w~$~/~.;
altarRitual;~w~$~/~ совершает нечестивый ритуал!;~w~$~/~ performs an unholy ritual!;~w~$~/~ は不浄の儀式を行った！;~w~$~/~ vollzieht ein unheiliges Ritual!;¡~w~$~/~ realiza un ritual profano!;;~w~$~/~ ha compiuto un empio rituale!;~w~$~/~ realiza um ritual profano!;~w~$~/~ wykonuje przeklęty rytuał!;~w~$~/~ melun ritüel gerçekleştirdi!;~w~$~/~ provádí bezbožný rituál!;
altarDestroy;~w~$~/~ уничтожает алтарь! Нечестивые узы ослаблены...;~w~$~/~ destroys the Altar! The unholy bonds have been weakened...;~w~$~/~ は祭壇を破壊した！不浄の拘束は弱体化した！;~w~$~/~ zerstört den Altar! Die unheiligen Verbindungen wurden geschwächt...;¡~w~$~/~ destruye el Altar! Los vínculos impíos fueron debilitados...;;~w~$~/~ ha distrutto un Altare! La corruzione locale è stata indebolita...;~w~$~/~ destrói o Altar! Os laços profanos foram enfraquecidos...;~w~$~/~ niszczy Ołtarz! Przeklęte więzy zostały osłabione...;~w~$~/~ tarafından Sunak yok edildi! Melun bağlar zayıfladı...;~w~$~/~ rozbíjí oltář! Bezbožná pouta byla oslabena...;
folioDestroy;~w~$~/~ уничтожает проклятый фолиант!;~w~$~/~ destroys the Cursed Folio!;~w~$~/~ は呪われたページを破壊した！;~w~$~/~ zerstört den Verfluchten Folianten!;¡~w~$~/~ destruye el Folio Maldito!;;~w~$~/~ ha distrutto il Tomo Maledetto!;~w~$~/~ destrói o Fólio Amaldiçoado!;~w~$~/~ niszczy Przeklętą Osłonę!;~w~$~/~ tarafından Lanetli Kağıt yok edildi!;~w~$~/~ rozbíjí prokleté folio!;
salvatoryDestroy;~w~$~/~ уничтожает колодец душ!;~w~$~/~ destroys the Well of Souls!;~w~$~/~ は魂の井戸を破壊した！;~w~$~/~ zerstört den Seelenbrunnen!;¡~w~$~/~ destruye el Pozo de las Almas!;;~w~$~/~ ha distrutto il Pozzo delle Anime!;~w~$~/~ destrói o Poço de Almas!;~w~$~/~ niszczy Studnię Dusz!;~w~$~/~ tarafından Ruhlar Kuyusu yok edildi!;~w~$~/~ rozbíjí studnu duší!;
enemyUnaware;~w~$~/~ теряет след персонажа!;~w~$~/~ loses track of your character!;~w~$~/~ はプレイヤーを見失った！;~w~$~/~ verliert die Spur deines Charakters!;¡~w~$~/~ pierde de vista a tu personaje!;;~w~$~/~ ha perso traccia del tuo personaggio!;~w~$~/~ perde o rastro do seu personagem!;~w~$~/~ traci cię z pola widzenia!;~w~$~/~, karakterinin izini kaybetti.;~w~$~/~ ztratil tvojí stopu!;
enemyAlarm;~w~$~/~ ~y~настораживается~/~!;~w~$~/~ becomes ~y~alarmed~/~!;~w~$~/~ は ~y~警戒状態~/~ になった！;~w~$~/~ ist ~y~alarmiert~/~!;¡~w~$~/~ se ~y~alarma~/~!;;~w~$~/~ è ora ~y~all'erta~/~!;~w~$~/~ se torna ~y~alarmado~/~!;~w~$~/~ zostaje ~y~zaalarmowany~/~!;~w~$~/~ ~y~tedirginleşti~/~!;~w~$~/~ se stává ~y~ostražitý~/~!;
enemyHostile;~w~$~/~ ~r~замечает персонажа~/~!;~w~$~/~ becomes ~r~hostile~/~!;~w~$~/~ は ~r~敵対状態~/~ になった！;~w~$~/~ ist ~r~feindlich~/~!;¡~w~$~/~ se vuelve ~y~hostil~/~!;;~w~$~/~ è ora ~r~ostile~/~!;~w~$~/~ se torna ~r~hostil~/~!;~w~$~/~ staje się ~r~wrogi~/~!;~w~$~/~ ~r~saldırganlaştı~/~!;~w~$~/~ se stává ~r~nepřátelský~/~!;
enemyUnawareFOV;~w~$~/~ попадает в поле зрения.;~w~$~/~ is spotted.;~w~$~/~ を発見した。;~w~$~/~ wurde entdeckt.;Has visto a ~w~$~/~.;;Hai individuato ~w~$~/~.;~w~$~/~ é avistado.;~w~$~/~ zostaje zauważony.;~w~$~/~ fark edildi.;~w~$~/~ je nyní na dohled.;
enemyAlarmFOV;~w~$~/~ попадает в поле зрения. ~w~$~/~ рыщет в поисках персонажа.;~w~$~/~ is spotted. ~w~$~/~ is alarmed.;~w~$~/~ を発見した。~w~$~/~ は警戒状態になった。;~w~$~/~ wurde entdeckt. ~w~$~/~ ist alarmiert.;Has visto a ~w~$~/~. ~w~$~/~ se alarma.;;Hai individuato ~w~$~/~. ~w~$~/~ è all'erta.;~w~$~/~ é avistado. ~w~$~/~ está alarmado.;~w~$~/~ ujawnia się. ~w~$~/~ jest zaalarmowany.;~w~$~/~ fark edildi. ~w~$~/~ tedirginleşti.;~w~$~/~je nyní na dohled. ~w~$~/~ je ostražitý.;
enemyHostileFOV;~w~$~/~ попадает в поле зрения. ~w~$~/~ замечает персонажа!;~w~$~/~ is spotted. ~w~$~/~ is hostile!;~w~$~/~ を発見した。~w~$~/~ は敵対状態になった。;~w~$~/~ wurde entdeckt. ~w~$~/~ ist feindlich!;Has visto a ~w~$~/~. ~w~$~/~ se vuelve hostil.;;Hai individuato ~w~$~/~. ~w~$~/~ è ostile!;~w~$~/~ é avistado. ~w~$~/~ está hostil!;~w~$~/~ ujawnia się. ~w~$~/~ staje się wrogi.;~w~$~/~ fark edildi. ~w~$~/~ saldırganlaştı!;~w~$~/~ je nyní na dohled. ~w~$~/~ je nepřátelský!;
playerPickupItems;~w~$~/~ поднимает;~w~$~/~ picks up;~w~$~/~ は拾った：;~w~$~/~ hebt auf;~w~$~/~ encuentra;;~w~$~/~ raccoglie;~w~$~/~ pega;~w~$~/~ podnosi;~w~$~/~ aldı:;~w~$~/~ sbírá;
playerDropItems;~w~$~/~ выбрасывает;~w~$~/~ throws away;~w~$~/~ は捨てた：;~w~$~/~ wirft weg;~w~$~/~ tira;;~w~$~/~ getta;~w~$~/~ joga fora;~w~$~/~ wyrzuca ~lg~$~/~;~w~$~/~ fırlattı:;~w~$~/~ zahazuje;
containerDropItems;Из контейнера (~w~$~/~) выпадает;~w~$~/~ drops;~w~$~/~ からの戦利品：;~w~$~/~ lässt fallen;~w~$~/~ deja caer;;~w~$~/~ lascia cadere;~w~$~/~ derruba;~w~$~/~ upuszcza;~w~$~/~ düşürdü:;Z kontejneru (~w~$~/~) vypadlo:;
useSkill;~w~$~/~ использует умение ~g~$~/~.;~w~$~/~ uses ~g~$~/~.;~w~$~/~ は ~g~$~/~ を使用した。;~w~$~/~ verwendet ~g~$~/~.;~w~$~/~ usa ~g~$~/~.;;~w~$~/~ usa ~g~$~/~.;~w~$~/~ usa ~g~$~/~.;~w~$~/~ używa ~g~$~/~;~w~$~/~, ~g~$~/~ yeteneğini kullandı.;~w~$~/~ používá ~g~$~/~.;
useSkillTarget;~w~$~/~ использует умение ~g~$~/~. Цель - ~w~$~/~.;~w~$~/~ uses ~g~$~/~ on ~w~$~/~.;~w~$~/~ は ~g~$~/~ を ~w~$~/~ に使用した。;~w~$~/~ verwendet ~g~$~/~ an ~w~$~/~.;~w~$~/~ usa ~g~$~/~ contra ~w~$~/~.;;~w~$~/~ usa ~g~$~/~ su ~w~$~/~.;~w~$~/~ usa ~g~$~/~ em ~w~$~/~.;~w~$~/~ używa ~g~$~/~ na ~w~$~/~.;~w~$~/~, ~g~$~/~ yeteneğini ~w~$~/~ üzerinde kullandı.;~w~$~/~ používá ~g~$~/~ na ~w~$~/~.;
skillAttack;~w~$~/~ теряет ~w~$~/~ $ от умения ~g~$~/~;~w~$~/~ loses ~w~$~/~ $ from ~g~$~/~;~w~$~/~ は ~w~$~/~ $ を ~g~$~/~ によって失った;~w~$~/~ verliert ~w~$~/~ $ von ~g~$~/~;~w~$~/~ pierde ~w~$~/~ $ por ~g~$~/~;;~w~$~/~ perde ~w~$~/~ $ da ~g~$~/~;~w~$~/~ perde ~w~$~/~ $ de ~g~$~/~;~w~$~/~ traci ~w~$~/~ $ od ~g~$~/~.;~w~$~/~, ~w~$~/~ $ kaybetti, ~g~$~/~ nedeniyle;~w~$~/~ ztrácí ~w~$~/~ $ kvůli ~g~$~/~;
level;~w~$~/~ получает ~y~$~/~ уровень.;~w~$~/~ is now level ~y~$~/~.;~w~$~/~ はレベルアップして ~y~$~/~ レベルになった。;~w~$~/~ steigt auf Stufe ~y~$~/~ auf.;~w~$~/~ alcanzó el nivel ~y~$~/~.;;~w~$~/~ sale al livello ~y~$~/~.;~w~$~/~ sobe para o nível ~y~$~/~ .;~w~$~/~ awansuje na ~y~$~/~ poziom.;~w~$~/~, ~y~$~/~. seviyeye yükseldi.;~w~$~/~ postoupil na ~y~$~/~ úroveň.;
speech;~w~$~/~ говорит: ~ly~$~/~.;~w~$~/~ says: ~ly~$~/~.;~w~$~/~：~ly~$~/~;~w~$~/~ sagt: ~ly~$~/~.;~w~$~/~ dice: ~ly~$~/~.;;~w~$~/~ dice: ~ly~$~/~.;~w~$~/~ diz: ~ly~$~/~.;~w~$~/~ mówi: ~ly~$~/~.;~w~$~/~ dedi: ~ly~$~/~.;~w~$~/~ říká: ~ly~$~/~.;
shout;~w~$~/~ кричит: ~ly~$~/~.;~w~$~/~ shouts: ~ly~$~/~.;~w~$~/~：~ly~$~/~！;~w~$~/~ ruft: ~ly~$~/~.;~w~$~/~ grita: ~ly~$~/~.;;~w~$~/~ grida: ~ly~$~/~.;~w~$~/~ grita: ~ly~$~/~.;~w~$~/~ krzyczy: ~ly~$~/~.;~w~$~/~ haykırdı: ~ly~$~/~.;~w~$~/~ křičí: ~ly~$~/~.;
useItem;~w~$~/~ $ ~lg~$~/~.;~w~$~/~ $ ~lg~$~/~.;~w~$~/~ $ ~lg~$~/~;~w~$~/~ $ ~lg~$~/~.;~w~$~/~ $ ~lg~$~/~.;;~w~$~/~ $ ~lg~$~/~.;~w~$~/~ $ ~lg~$~/~.;~w~$~/~ $ ~lg~$~/~.;~w~$~/~ $ ~lg~$~/~.;~w~$~/~ $ ~lg~$~/~.;
openDoor;~w~$~/~ открывает ~w~$~/~.;~w~$~/~ opens ~w~$~/~.;~w~$~/~ は ~w~$~/~ を開けた。;~w~$~/~ öffnet ~w~$~/~.;~w~$~/~ abre: ~w~$~/~.;;~w~$~/~ apre ~w~$~/~.;~w~$~/~ abre ~w~$~/~.;~w~$~/~ otwiera ~w~$~/~.;~w~$~/~, ~w~$~/~ açtı.;~w~$~/~ otevírá ~w~$~/~.;
closeDoor;~w~$~/~ закрывает ~w~$~/~.;~w~$~/~ closed ~w~$~/~.;~w~$~/~ は ~w~$~/~ を閉じた。;~w~$~/~ schließt ~w~$~/~.;~w~$~/~ cierra: ~w~$~/~.;;~w~$~/~ chiude ~w~$~/~.;~w~$~/~ fechou ~w~$~/~.;~w~$~/~ zamyka ~w~$~/~.;~w~$~/~, ~w~$~/~ kapattı.;~w~$~/~ zavírá ~w~$~/~.;
breakDoor;~w~$~/~ сломалась.;~w~$~/~ is broken.;~w~$~/~ は破壊された。;~w~$~/~ ist kaputt.;~w~$~/~ es destruida.;;~w~$~/~ è rotta.;~w~$~/~ quebrou.;~w~$~/~ zostaje uszkodzony.;~w~$~/~ kırıldı.;~w~$~/~ se rozbíjí.;
location;~w~$~/~ переходит в другую локацию: ~w~$~/~.;~w~$~/~ enters ~w~$~/~.;~w~$~/~ は ~w~$~/~ に入った。;~w~$~/~ betritt ~w~$~/~.;~w~$~/~ entra a ~w~$~/~.;;~w~$~/~ accede a ~w~$~/~.;~w~$~/~ entra em ~w~$~/~.;~w~$~/~ wchodzi do ~w~$~/~.;~w~$~/~, ~w~$~/~ içerisine girdi.;~w~$~/~ vstupuje ~w~$~/~.;
locationFloor;~w~$~/~ переходит в другую локацию: ~w~$~/~ (этаж ~w~$~/~).;~w~$~/~ enters ~w~$~/~ (floor ~w~$~/~).;~w~$~/~ は ~w~$~/~ に入った（~w~$~/~ 階）;~w~$~/~ betritt ~w~$~/~ (Ebene ~w~$~/~).;~w~$~/~ entra a ~w~$~/~ (piso ~w~$~/~).;;~w~$~/~ accede a ~w~$~/~ (piano ~w~$~/~).;~w~$~/~ entra no ~w~$~/~ (andar ~w~$~/~).;~w~$~/~ wchodzi do ~w~$~/~ (~w~$~/~ piętro).;~w~$~/~, ~w~$~/~ içerisine girdi (~w~$~/~. kat).;~w~$~/~ vstupuje ~w~$~/~ (poschodí~w~$~/~).;
healthLoss;~w~$~/~ теряет ~w~$~/~ $;~w~$~/~ loses ~w~$~/~ $;~w~$~/~ は ~w~$~/~ の $ を失った。;~w~$~/~ verliert~w~$~/~ $;~w~$~/~ pierde ~w~$~/~ $;;~w~$~/~ perde ~w~$~/~ $;~w~$~/~ perde ~w~$~/~ $;~w~$~/~ traci ~w~$~/~ $;~w~$~/~ ~w~$~/~ $ kaybetti;~w~$~/~ ztrácí~w~$~/~ $;
healthLossBleeding;~w~$~/~ теряет ~w~$~/~ $ (кровотечение).;~w~$~/~ loses ~w~$~/~ $ to bleeding.;~w~$~/~ は ~w~$~/~ の $ を失い、出血した。;~w~$~/~ verliert ~w~$~/~ $ durch Bluten.;~w~$~/~ se desangra y pierde ~w~$~/~ $.;;~w~$~/~ perde ~w~$~/~ $ a causa del sanguinamento.;~w~$~/~ perde ~w~$~/~ $ por sangramento.;~w~$~/~ traci ~w~$~/~ $ przez krwawienie.;~w~$~/~ kanamadan dolayı~w~$~/~ $ kaybetti.;~w~$~/~ ztrácí ~w~$~/~ $ kvůli krvácení.;
healthRestore;~w~$~/~ восстанавливает ~lg~$~/~ здоровья (~w~$~/~).;~w~$~/~ restores ~lg~$~/~ health (~w~$~/~).;~w~$~/~ は ~lg~$~/~ の 体力 を回復した（~w~$~/~）;~w~$~/~ regeneriert ~lg~$~/~ Gesundheit (~w~$~/~).;~w~$~/~ regenera ~lg~$~/~ de vida (~w~$~/~).;;~w~$~/~ ripristina ~lg~$~/~ salute (~w~$~/~).;~w~$~/~ recupera ~lg~$~/~ de vida (~w~$~/~).;~w~$~/~ odnawia ~lg~$~/~ zdrowia (~w~$~/~).;~w~$~/~, ~lg~$~/~ can iyileşti (~w~$~/~).;~w~$~/~ obnovuje ~lg~$~/~ zdraví (~w~$~/~).;
energyRestore;~w~$~/~ восстанавливает ~c~$~/~ энергии (~w~$~/~).;~w~$~/~ restores ~c~$~/~ energy (~w~$~/~).;~w~$~/~ は ~c~$~/~ の エネルギー を回復した（~w~$~/~）;~w~$~/~ regeneriert ~c~$~/~ Energie (~w~$~/~).;~w~$~/~ regenera ~c~$~/~ de energía (~w~$~/~).;;~w~$~/~ ripristina ~c~$~/~ energia (~w~$~/~).;~w~$~/~ recupera ~c~$~/~ de energia (~w~$~/~).;~w~$~/~ odnawia ~c~$~/~ energii (~w~$~/~).;~w~$~/~, ~c~$~/~ enerji yeniledi (~w~$~/~).;~w~$~/~ obnovuje ~c~$~/~ energie (~w~$~/~).;
penaltyAttack;~w~$~/~ отступает, подставляясь под штрафной удар.;~w~$~/~ retreats, provoking attack of opportunity.;~w~$~/~ は退却し、一方的に攻撃を受けた。;~w~$~/~ zieht sich zurück, eröffnet Chance für Gelegenheitsangriff.;~w~$~/~ retrocede, y provoca un ataque de oportunidad.;;~w~$~/~ si ritira, provocando un attacco di opportunità.;~w~$~/~ recua, provocando ataque oportuno.;~w~$~/~ wycofuje się, prowokując do ataku.;~w~$~/~ kaçtı, saldırı imkanı verdi.;~w~$~/~ ustupuje a umožňuje útok z příležitosti.;
skipTurn;~w~$~/~ выжидает.;~w~$~/~ does nothing.;~w~$~/~ は何もしなかった。;~w~$~/~ tut nichts.;~w~$~/~ no hace nada.;;~w~$~/~ non fa nulla.;~w~$~/~ não faz nada.;~w~$~/~ nic nie robi.;~w~$~/~ bir şey yapmadı.;~w~$~/~ nic nedělá.;
knockback;~w~$~/~ отлетает назад.;~w~$~/~ is knocked back.;~w~$~/~ はノックバックさせられた。;~w~$~/~ wird zurückgestoßen.;~w~$~/~ recibe un empujón.;;~w~$~/~ subisce un respingimento.;~w~$~/~ é repelido.;~w~$~/~ zostaje odrzucony.;~w~$~/~ geri itildi.;~w~$~/~ dostává odražení.;
knockbackDamage;~w~$~/~ отлетает назад и получает ~w~$~/~ урона.;~w~$~/~ is knocked back and takes ~w~$~/~ damage.;~w~$~/~ はノックバックさせられ、~w~$~/~ ダメージを受けた;~w~$~/~ wird zurückgestoßen und erleidet ~w~$~/~ Schaden.;~w~$~/~ recibe un empujón y sufre ~w~$~/~ de daño.;;~w~$~/~ subisce un respingimento e ~w~$~/~ danni.;~w~$~/~ é repelido e recebe ~w~$~/~ de dano.;~w~$~/~ zostaje odrzucony i otrzymuje ~w~$~/~ obrażeń.;~w~$~/~ geri itildi ve ~w~$~/~ hasar aldı.;~w~$~/~ dostává odražení na ~w~$~/~ poškození.;
knockbackDamageObject;~w~$~/~ отлетает на объект ~w~$~/~ и получает ~w~$~/~ урона.;~w~$~/~ is knocked back against the ~w~$~/~ and takes ~w~$~/~ damage.;~w~$~/~ は ~w~$~/~ にノックバックさせられ、~w~$~/~ ダメージを受けた;~w~$~/~ wird gegen ~w~$~/~ zurückgestoßen und erleidet ~w~$~/~ Schaden.;~w~$~/~ recibe un empujón contra un objeto (~w~$~/~) y sufre ~w~$~/~ de daño.;;~w~$~/~ subisce una spinta contro ~w~$~/~ e ~w~$~/~ danni.;~w~$~/~ é repelido contra ~w~$~/~ e recebe ~w~$~/~ de dano.;~w~$~/~ zostaje odrzucony na ~w~$~/~ i otrzymuje ~w~$~/~ obrażeń.;~w~$~/~, ~w~$~/~ üzerine doğru geri itildi ve ~w~$~/~ hasar aldı.;~w~$~/~ dostává odražení na ~w~$~/~ a dostává ~w~$~/~ poškození.;
knockbackCollide;~w~$~/~ сталкивается с объектом ~w~$~/~, нанося ~w~$~/~ урона.;~w~$~/~ collides with ~w~$~/~, dealing ~w~$~/~ damage.;~w~$~/~ は ~w~$~/~ にぶつかり、~w~$~/~ ダメージを与えた;~w~$~/~ kollidiert mit ~w~$~/~, und verursacht ~w~$~/~ Schaden.;~w~$~/~ choca contra ~w~$~/~, e inflige ~w~$~/~ de daño.;;~w~$~/~ si scontra contro ~w~$~/~, infliggendo ~w~$~/~ danni.;~w~$~/~ colide com ~w~$~/~, causando ~w~$~/~ de dano.;~w~$~/~ zderza się z ~w~$~/~, zadając ~w~$~/~ obrażeń.;~w~$~/~ ile ~w~$~/~ çarpıştı, ~w~$~/~ hasar verdi.;~w~$~/~ koliduje s ~w~$~/~ a dává ~w~$~/~ poškození.;
reflectDamage;~w~$~/~ отражает ~w~$~/~ урона.;~w~$~/~ reflects ~w~$~/~ damage.;~w~$~/~ は ~w~$~/~ のダメージを反射した;~w~$~/~ reflektiert ~w~$~/~ Schaden.;~w~$~/~ refleja ~w~$~/~ de daño.;;~w~$~/~ riflette ~w~$~/~ danni.;~w~$~/~ reflete ~w~$~/~ de dano.;~w~$~/~ odbija ~w~$~/~ obrażeń.;~w~$~/~ ~w~$~/~ hasarı geri yansıttı.;~w~$~/~ odráží ~w~$~/~ poškození.;
restEnter;~w~$~/~ отдыхает.;~w~$~/~ rests.;~w~$~/~ は休憩した。;~w~$~/~ ruht.;~w~$~/~ descansa.;;~w~$~/~ riposa.;~w~$~/~ descansa.;~w~$~/~ odpoczywa.;~w~$~/~ dinlenmeye başladı.;~w~$~/~ odpočívá.;
restExit;~w~$~/~ перестаёт отдыхать.;~w~$~/~ stops resting.;~w~$~/~ は休憩を終了した。;~w~$~/~ ruht nicht mehr.;~w~$~/~ deja de descansar.;;~w~$~/~ smette di riposare.;~w~$~/~ termina o descanso.;~w~$~/~ przestaje odpoczywać.;~w~$~/~ dinlenmeyi bitirdi.;~w~$~/~ přestává odpočívat.;
restEnemy;~w~$~/~ не может отдыхать (враг поблизости).;~w~$~/~ сan't rest (enemies are nearby).;~w~$~/~ は休憩できない（近くに敵が存在する）;~w~$~/~ kann nicht ruhen (Feinde in der Nähe).;~w~$~/~ no puede descansar (hay enemigos cerca).;;~w~$~/~ non può riposare (nemici vicini).;~w~$~/~ não pode descansar (inimigos próximos).;~w~$~/~ nie może odpoczywać (przeciwnicy w okolicy).;~w~$~/~ dinlenemez (düşmanlar yakında).;~w~$~/~ nemůže odpočívat (nepřátelé jsou blízko).;
restThreat;~w~$~/~ не может отдыхать (жизнь под угрозой).;~w~$~/~ сan't rest (life's under threat).;~w~$~/~ は休憩できない（生命が危機に瀕している）;~w~$~/~ kann nicht ruhen (Leben in Gefahr).;~w~$~/~ no puede descansar (su vida corre peligro).;;~w~$~/~ non può riposare (in pericolo di vita).;~w~$~/~ não pode descansar (vida sob ameaça).;~w~$~/~ nie może odpoczywać (życie jest zagrożone).;~w~$~/~ dinlenemez (hayati tehlikede).;~w~$~/~ nemůže odpočívat (život je v ohrožení).;
stealthEnter;~w~$~/~ начинает красться.;~w~$~/~ starts sneaking.;~w~$~/~ は隠密行動を開始した。;~w~$~/~ schleicht.;~w~$~/~ comienza a moverse sigilosamente.;;~w~$~/~ entra in mod. furtiva.;~w~$~/~ começa a se esgueirar.;~w~$~/~ zaczyna się skradać.;~w~$~/~ gizlenmeye başladı.;~w~$~/~ se začíná plížit;
stealthExit;~w~$~/~ перестаёт красться.;~w~$~/~ stops sneaking.;~w~$~/~ は隠密行動を終了した。;~w~$~/~ schleicht nicht mehr.;~w~$~/~ deja de moverse sigilosamente.;;~w~$~/~ esce dalla mod. furtiva.;~w~$~/~ para de se esgueirar.;~w~$~/~ przestaje się skradać.;~w~$~/~ gizlenmeyi bitirdi.;~w~$~/~ se přestává plížit.;
stealthSpot;~w~$~/~ не может красться (враг поднял тревогу).;~w~$~/~ can no longer sneak (the alarm was raised);~w~$~/~ はもはや隠密状態ではない（警戒が発せられた）;~w~$~/~ kann nicht mehr schleichen (Alarm wurde ausgelöst);~w~$~/~ ya no puede moverse con sigilo (se activó la alarma);;~w~$~/~ esce dalla mod. furtiva (allarme scattato);~w~$~/~ não pode mais se esgueirar (o alarme foi ativado);~w~$~/~ nie może się skradać (podniesiono alarm).;~w~$~/~ gizlenemez (tedirginlik yükseldi).;~w~$~/~ se nemůže dál plížit (byl vyvolán alarm);
npcTalk;~w~$~/~ и ~w~$~/~ заводят разговор.;~w~$~/~ and ~w~$~/~ strike a conversation.;~w~$~/~ と ~w~$~/~ は会話を始めた。;~w~$~/~ und ~w~$~/~ führen eine Unterhaltung.;~w~$~/~ y ~w~$~/~ se ponen a conversar.;;~w~$~/~ e ~w~$~/~ iniziano una conversazione.;~w~$~/~ e ~w~$~/~ começam uma conversa.;~w~$~/~ i ~w~$~/~ rozpoczęli rozmowę.;~w~$~/~ ve ~w~$~/~ sohbete başladı.;~w~$~/~ a ~w~$~/~ zahajuje konverzaci.;
npcTrade;~w~$~/~ и ~w~$~/~ торгуют.;~w~$~/~ and ~w~$~/~ start trading.;~w~$~/~ と ~w~$~/~ は取引を始めた。;~w~$~/~ und ~w~$~/~ starten einen Handel.;~w~$~/~ y ~w~$~/~ comercian.;;~w~$~/~ e ~w~$~/~ iniziano a commerciare.;~w~$~/~ e ~w~$~/~ começam a negociar.;~w~$~/~ i ~w~$~/~ rozpoczęli wymianę.;~w~$~/~ ve ~w~$~/~ alışveriş yaptı.;~w~$~/~ a ~w~$~/~ obchoduje.;
loadout;~w~$~/~ меняет вооружение.;~w~$~/~ switches loadout.;~w~$~/~ は装備を変更した。;~w~$~/~ wechselt die Ausrüstung.;~w~$~/~ cambia de armamento.;;~w~$~/~ cambia dotazione.;~w~$~/~ troca o equipamento.;~w~$~/~ zmienia wyposażenie.;~w~$~/~ silah setini değiştirdi.;~w~$~/~ střídá výbavu.;
drinkWell;~w~$~/~ пьёт из $.;~w~$~/~ drinks from the $.;~w~$~/~ は $ から水を飲んだ。;~w~$~/~ trinkt aus dem $.;~w~$~/~ bebe de: $.;;~w~$~/~ beve da $.;~w~$~/~ bebe de $.;~w~$~/~ pije z $.;~w~$~/~ $ içinden içti.;~w~$~/~ pije z $.;
refillWell;~w~$~/~ наполняет бурдюк из $.;~w~$~/~ refills the waterskin at the $.;~w~$~/~ は $ で水筒を満たした。;~w~$~/~ füllt den Wasserschlauch am $ wieder auf.;~w~$~/~ rellena el odre de agua en: $.;;~w~$~/~ riempie l'otre presso $.;~w~$~/~ enche o odre na $.;~w~$~/~ napełnia bukłak z $.;~w~$~/~ $ ile matarasını doldurdu.;~w~$~/~ doplňuje čutoru z $.;
disturbEternalRest;~w~$~/~ тревожит вечный сон умертвия!;~w~$~/~ has disturbed Wraith's eternal rest!;~w~$~/~ は レイス の永遠なる休息を妨げた！;~w~$~/~ hat die ewige Ruhe eines Gespenstes gestört!;¡~w~$~/~ ha perturbado el sueño eterno del Ánima!;;~w~$~/~ ha disturbato il riposo di una Furia!;~w~$~/~ perturbou o descanso eterno do Espectro!;~w~$~/~ sprawia, że wieczny spoczynek został naruszony!;~w~$~/~, Heyula'nın ebedi uykusunu böldü!;~w~$~/~ narušil přízraku věčný odpočinek!;
bonfireOn;~w~$~/~ разводит огонь.;~w~$~/~ lights a fire.;~w~$~/~ は火を起こした。;~w~$~/~ entfacht ein Feuer.;~w~$~/~ enciende una fogata.;;~w~$~/~ accende un fuoco.;~w~$~/~ acende uma fogueira.;~w~$~/~ rozpala ogień.;~w~$~/~ ateş yaktı.;~w~$~/~ zapaluje oheň.;
bonfireOff;~w~$~/~ тушит огонь.;~w~$~/~ extinguishes a fire.;~w~$~/~ は火を消した。;~w~$~/~ löscht ein Feuer.;~w~$~/~ extingue una fogata.;;~w~$~/~ spegne un fuoco.;~w~$~/~ apaga uma fogueira.;~w~$~/~ gasi ogień.;~w~$~/~ ateşi söndürdü.;~w~$~/~ hasí oheň.;
hunger0;~w~$~/~ чувствует приятную сытость.;~w~$~/~ feels pleasantly satiated.;~w~$~/~ は空腹を解消して上機嫌だ。;~w~$~/~ fühlt sich gut gesättigt.;~w~$~/~ siente que su hambre fue saciada con placer.;;~w~$~/~ avverte una piacevole sazietà.;~w~$~/~ se sente agradavelmente satisfeito.;~w~$~/~ czuje, że bebech jest pełen.;~w~$~/~ hoş bir tokluk hissetti.;~w~$~/~ cítí příjemnou sytost.;
hunger1;~w~$~/~ не прочь перекусить.;~w~$~/~ would like to have a snack.;~w~$~/~ は軽食を取りたいと考えている。;~w~$~/~ könnte einen Snack vertragen.;~w~$~/~ anda con ganas de un bocado.;;~w~$~/~ vorrebbe sgranocchiare qualcosa.;~w~$~/~ gostaria de comer algo.;~w~$~/~ czuje lekkie burczenie w brzuchu.;~w~$~/~ atıştırmalık bir şey alsa iyi olur.;~w~$~/~ má chuť na svačinu.;
hunger2;~w~$~/~ испытывает сильный голод.;~w~$~/~ suffers from severe hunger.;~w~$~/~ は酷い空腹に苛まれている。;~w~$~/~ leidet unter starkem Hunger.;~w~$~/~ padece un hambre muy grave.;;~w~$~/~ avverte una forte fame.;~w~$~/~ sofre de fome severa.;~w~$~/~ cierpi z głodu.;~w~$~/~ şiddetli açlıktan muzdarip.;~w~$~/~ trpí vážným hladem.;
hunger3;~w~$~/~ испытывает смертельный голод!;~w~$~/~ is about to starve to death!;~w~$~/~ は餓死しそうだ！;~w~$~/~ ist dem Hungertod nahe!;¡~w~$~/~ está a punto de morir de hambre!;;~w~$~/~ sta per morire di fame!;~w~$~/~ está prestes a morrer de fome!;~w~$~/~ wkrótce umrze z głodu!;~w~$~/~ açlıktan ölmek üzere!;~w~$~/~ brzy zemře hlady!;
thirst1;~w~$~/~ испытывает жажду.;~w~$~/~ is thirsty.;~w~$~/~ は喉が渇いてきた。;~w~$~/~ ist durstig.;~w~$~/~ tiene sed.;;~w~$~/~ ha sete.;~w~$~/~ está com sede.;~w~$~/~ ma lekko sucho w gardle.;~w~$~/~ susadı.;~w~$~/~ má žízeň.;
thirst2;~w~$~/~ испытывает сильную жажду.;~w~$~/~ suffers from severe thirst.;~w~$~/~ は酷い喉の渇きに苦しんでいる。;~w~$~/~ leidet unter starkem Durst.;~w~$~/~ padece una sed insoportable.;;~w~$~/~ avverte una forte sete.;~w~$~/~ sofre de sede severa.;~w~$~/~ czuje mocną suchość w gardle.;~w~$~/~ şiddetli susuzluktan muzdarip.;~w~$~/~ trpí vážnou žízní.;
thirst3;~w~$~/~ испытывает обезвоживание;~w~$~/~ is about to die from dehydration.;~w~$~/~ は脱水で倒れそうだ。;~w~$~/~ steht vor dem Tod durch Verdursten.;¡~w~$~/~ está a punto de morir por deshidratación!;;~w~$~/~ sta per morire di disidratazione.;~w~$~/~ está prestes a morrer de desidratação.;~w~$~/~ wkrótce umrze z pragnienia!;~w~$~/~ dehidrasyondan ölmek üzere.;~w~$~/~ brzy zemře žízní.;
pain1;~w~$~/~ испытывает боль.;~w~$~/~ is in pain.;~w~$~/~ は痛みを感じている。;~w~$~/~ hat Schmerzen.;~w~$~/~ siente dolor.;;~w~$~/~ avverte dolore.;~w~$~/~ está com dor.;~w~$~/~ czuje ból.;~w~$~/~ ağrıdan muzdarip.;~w~$~/~ cítí bolest.;
pain2;~w~$~/~ испытывает сильную боль.;~w~$~/~ suffers from severe pain.;~w~$~/~ は酷い痛みで苦しんでいる。;~w~$~/~ leidet unter starken Schmerzen.;~w~$~/~ está soportando un dolor muy grave.;;~w~$~/~ avverte forte dolore.;~w~$~/~ sofre de dor severa.;~w~$~/~ cierpi z powodu ciężkiego bólu.;~w~$~/~ şiddetli ağrıdan muzdarip.;~w~$~/~ trpí vážnou bolestí.;
pain3;~w~$~/~ испытывает болевой шока!;~w~$~/~ suffers from pain shock!;~w~$~/~ は激痛によるショックに襲われている。;~w~$~/~ leidet unter Schmerzschock!;¡~w~$~/~ sufre un trauma por el dolor!;;~w~$~/~ si sente mancare dal dolore!;~w~$~/~ sofre de dor insuportável!;~w~$~/~ cierpi na szok bólowy.;~w~$~/~ ağrı şokundan muzdarip.;~w~$~/~ je v šoku z bolesti!;
toxic1;~w~$~/~ испытывает лёгкую интоксикацию.;~w~$~/~ feels slightly intoxicated.;~w~$~/~ は軽い中毒症状になった。;~w~$~/~ fühlt sich leicht vergiftet.;~w~$~/~ siente una intoxicación leve.;;~w~$~/~ avverte una leggera ebbrezza.;~w~$~/~ se sente ligeiramente intoxicado.;~w~$~/~ czuje lekkie zatrucie.;~w~$~/~ hafif seviyede intoksike oldu.;~w~$~/~ má mírnou intoxikaci .;
toxic2;~w~$~/~ испытывает тяжёлую интоксикацию.;~w~$~/~ is heavily intoxicated.;~w~$~/~ は重い中毒症状になった。;~w~$~/~ ist schwer vergiftetet.;~w~$~/~ siente una intoxicación grave.;;~w~$~/~ avverte un gran mal di testa.;~w~$~/~ está altamente intoxicado.;~w~$~/~ cierpi na poważne zatrucie.;~w~$~/~ yoğun seviyede intoksike oldu.;~w~$~/~ má silnou intoxikaci.;
toxic3;~w~$~/~ смертельно интоксицирован!;~w~$~/~ is critically intoxicated!;~w~$~/~ は致命的な中毒症状を患っている！;~w~$~/~ ist kritisch vergiftet!;¡~w~$~/~ padece una intoxicación crítica!;;~w~$~/~ ha i capogiri!;~w~$~/~ está criticamente intoxicado!;~w~$~/~ wykańcza zatrucie!;~w~$~/~ ölümcül seviyede intoksike oldu.;~w~$~/~ má kritickou intoxikaci!;
hungerDamage;~w~$~/~ ~r~слабеет~/~ от смертельного голода!;~w~$~/~ ~r~grows weaker~/~ from starvation!;~w~$~/~ は空腹により ~r~弱体化~/~ した！;~w~$~/~ ~r~wird schwächer~/~ vom Verhungern!;¡~w~$~/~ ~r~se debilita~/~ por el hambre!;;~w~$~/~ ~r~si sente debole~/~ a causa della fame!;~w~$~/~ ~r~se sente fraco~/~ por causa da fome!;~w~$~/~ ~r~ słabnie ~/~ przez głód!;~w~$~/~ açlıktan ölmekten ~r~halsiz düştü~/~!;~w~$~/~ ~r~slábne~/~ kvůli příšernému hladu!;
thirstDamage;~w~$~/~ ~r~слабеет~/~ от смертельной жажды!;~w~$~/~ ~r~grows weaker~/~ from dehydration!;~w~$~/~ は脱水により ~r~弱体化~/~ した！;~w~$~/~ ~r~wird schwächer~/~ vom Wassermangel!;¡~w~$~/~ ~r~se debilita~/~ por la deshidratación!;;~w~$~/~ ~r~si sente debole~/~ a causa della disidratazione!;~w~$~/~ ~r~se sente fraco~/~ por causa da desidratação!;~w~$~/~ ~r~ słabnie~/~ przez odwodnienie!;~w~$~/~ dehidrasyondan ~r~halsiz düştü~/~!;~w~$~/~ ~r~slábne~/~ kvůli dehydrataci!;
painDamage;~w~$~/~ ~r~слабеет~/~ от смертельной боли!;~w~$~/~ ~r~grows weaker~/~ from extreme pain!;~w~$~/~ は極度の痛みにより ~r~弱体化~/~ した！;~w~$~/~ ~r~wird schwächer~/~ von extremen Schmerzen!;¡~w~$~/~ ~r~se debilita~/~ por el dolor extremo!;;~w~$~/~ ~r~si sente debole~/~ a causa del dolore estremo!;~w~$~/~ ~r~se sente fraco~/~ por causa da dor extrema!;~w~$~/~ ~r~słabnie~/~ w wyniku silnego bólu!;~w~$~/~ şiddetli ağrıdan ~r~halsiz düştü~/~!;~w~$~/~ ~r~slábne~/~ kvůli strašné bolesti!;
toxicDamage;~w~$~/~ ~r~слабеет~/~ от смертельной интоксикации!;~w~$~/~ ~r~grows weaker~/~ from critical intoxication!;~w~$~/~ は致死的な中毒により ~r~弱体化~/~ した！;~w~$~/~ ~r~wird schwächer~/~ von der kritischen Vergiftung!;¡~w~$~/~ ~r~se debilita~/~ por la intoxicación crítica!;;~w~$~/~ ~r~si sente debole~/~ a causa dell'estrema intossicazione!;~w~$~/~ ~r~se sente fraco~/~ por causa da intoxicação crítica!;~w~$~/~ ~r~słabnie~/~ przez silne zatrucie!;~w~$~/~ kritik seviyede intoksikasyondan ~r~halsiz düştü~/~!;~w~$~/~ ~r~slábne~/~ kvůli kritické intoxikaci!;
heroism;~w~$~/~ испытывает прилив отваги.;~w~$~/~ feels courageous!;~w~$~/~ は勇敢さを自覚した！;~w~$~/~ fühlt sich mutig!;¡~w~$~/~ siente coraje!;;~w~$~/~ si fa ispirare dal coraggio!;~w~$~/~ se sente corajoso!;~w~$~/~ czuje odwagę!;~w~$~/~ cesur hissetti!;~w~$~/~ se cítí odvážně!;
secondWind;~w~$~/~ чувствует второе дыхание!;~w~$~/~ gets a second wind!;~w~$~/~ は復調した！;~w~$~/~ ist im Zweiten Wind!;¡~w~$~/~ consigue un segundo aliento!;;~w~$~/~ sente tornare le forze!;~w~$~/~ teve o fôlego renovado!;~w~$~/~ dostaje drugą szansę!;~w~$~/~ ikinci bir şans kazandı.;~w~$~/~ chytá druhý dech!;
optimism;~w~$~/~ начинает надеяться на лучшее.;~w~$~/~ hopes for the best.;~w~$~/~ は最高の結果に期待している。;~w~$~/~ hofft auf das Beste.;~w~$~/~ espera lo mejor.;;~w~$~/~ si augura il meglio.;~w~$~/~ espera pelo melhor.;~w~$~/~ ma dobre nadzieje.;~w~$~/~ en iyisini umut etti.;~w~$~/~ doufá v nejlepší.;
prudence;~w~$~/~ решает действовать благоразумно.;~w~$~/~ decides to be prudent.;~w~$~/~ は慎重な行動を心掛けた。;~w~$~/~ beschließt, vorsichtig zu sein.;La prudencia recubre el juicio de ~w~$~/~.;;~w~$~/~ decide di essere prudente.;~w~$~/~ decide ser prudente.;~w~$~/~ decyduje się na ostrożność.;~w~$~/~ sağduyulu olmaya karar verdi.;~w~$~/~ bude raději opatrný.;
sadism;~w~$~/~ наслаждается чужими страданиями.;~w~$~/~ enjoys bringing pain.;~w~$~/~ は痛みを与えることを楽しんでいる。;~w~$~/~ genießt es, Schmerzen zu bringen.;~w~$~/~ disfruta ver el dolor en acción.;;~w~$~/~ ama causare sofferenza.;~w~$~/~ gosta de causar dor.;~w~$~/~ cieszy się z zadawania bólu.;~w~$~/~ eziyet etmekten hoşlandı.;~w~$~/~ rád přináší bolest.;
masochism;~w~$~/~ наслаждается собственной болью.;~w~$~/~ enjoys their own suffering.;~w~$~/~ は自身の苦しみに喜びを見出している。;~w~$~/~ genießt das eigene Leiden.;~w~$~/~ disfruta su propio sufrimiento.;;~w~$~/~ gode della propria sofferenza.;~w~$~/~ gostam de seu próprio sofrimento.;~w~$~/~ cieszy się z cierpienia.;~w~$~/~ acı çekmekten hoşlandı.;~w~$~/~ si užívá své vlastní utrpení.;
frenzy;~w~$~/~ теряет контроль в приступе ярости!;~w~$~/~ throws a tantrum!;~w~$~/~ は逆上した！;~w~$~/~ hat einen Wutanfall!;¡Una rabia repentina se apodera de ~w~$~/~!;;~w~$~/~ va su tutte le furie!;~w~$~/~ teve um surto de fúria!;~w~$~/~ rzuca się z furią!;~w~$~/~ öfke nöbeti geçirdi!;~w~$~/~ ztrácí kontrolu v záchvatu vzteku!;
megalomania;~w~$~/~ внезапно осознаёт всё свое величие.;~w~$~/~ suddenly realizes their own magnificence.;~w~$~/~ は突然、自らの偉大さを認識した。;~w~$~/~ erkennt plötzlich seine eigene Großartigkeit.;De repente, ~w~$~/~ nota su propia magnificencia.;;~w~$~/~ si accorge improvvisamente della propria magnificenza.;~w~$~/~ de repente percebem sua própria magnificência.;~w~$~/~ nagle uświadamia sobie swoją niesamowitość.;~w~$~/~ aniden kendi ihtişamını fark etti.;~w~$~/~ si náhle uvědomuje svou vlastní velkolepost.;
apathy;~w~$~/~ впадает в апатию.;~w~$~/~ becomes apathetic.;~w~$~/~ は無感動になった。;~w~$~/~ wird gleichgültig.;La apatía invade el espíritu de ~w~$~/~.;;~w~$~/~ si fa prendere dall'apatia.;~w~$~/~ fica apático.;~w~$~/~ jest apatyczny.;~w~$~/~ duyarsızlaştı.;~w~$~/~ upadá do apatie.;
anxiety;~w~$~/~ начинает тосковать.;~w~$~/~ suffers from anxiety.;~w~$~/~ は不安に苦しんでいる。;~w~$~/~ leidet unter Angstzuständen.;~w~$~/~ padece ansiedad.;;~w~$~/~ soffre d'ansia.;~w~$~/~ sofre de ansiedade.;~w~$~/~ czuje niepokój.;~w~$~/~ anksiyeteden muzdarip.;~w~$~/~ trpí nervozitou.;
despair;~w~$~/~ впадает в отчаянье.;~w~$~/~ falls into despair.;~w~$~/~ は絶望に陥った。;~w~$~/~ gerät in Verzweiflung.;~w~$~/~ se entregó a la desesperación.;;~w~$~/~ si fa cogliere dalla disperazione.;~w~$~/~ entra em desespero.;~w~$~/~ wpada w desperację.;~w~$~/~ umutsuzluğa düştü.;~w~$~/~ upadá do zoufalství.;
hypochondria;~w~$~/~ становится ипохондриком.;~w~$~/~ becomes hypochondriac.;~w~$~/~ は心気症になった。;~w~$~/~ wird zum Hypochonder.;~w~$~/~ sufre de hipocondría.;;~w~$~/~ si fa cogliere dall'ipocondria.;~w~$~/~ se torna hipocondríaco.;~w~$~/~ staje się hipochondrykiem.;~w~$~/~ hipokondriyak oldu.;~w~$~/~ se stává hypochondrem.;
coma;~w~$~/~ впадает в кому.;~w~$~/~ is comatose.;~w~$~/~ は昏睡状態になった。;~w~$~/~ ist komatös.;~w~$~/~ está en coma.;;~w~$~/~ è in stato comatoso.;~w~$~/~ está em coma.;~w~$~/~ wpada w śpiączkę.;~w~$~/~ komaya girdi.;~w~$~/~ je v kómatu.;
stun;~w~$~/~ получает оглушение.;~w~$~/~ is stunned.;~w~$~/~ はスタンした。;~w~$~/~ ist betäubt.;Aturdieron a ~w~$~/~.;;~w~$~/~ è preda di uno stordimento.;~w~$~/~ está atordoado.;~w~$~/~ pada ofiarą ogłuszenia.;~w~$~/~ sersemledi.;~w~$~/~ upadá do omráčení.;
daze;~w~$~/~ получает ошеломление.;~w~$~/~ is dazed.;~w~$~/~ は眩惑した。;~w~$~/~ ist benommen.;Atontaron a ~w~$~/~.;;~w~$~/~ è preda di uno spiazzamento.;~w~$~/~ está tonto.;~w~$~/~ pada ofiarą oszołomienia.;~w~$~/~ afalladı.;~w~$~/~ upadá do ochromení.;
sleep;~w~$~/~ засыпает.;~w~$~/~ falls asleep.;~w~$~/~ は眠りに落ちた。;~w~$~/~ schläft ein.;~w~$~/~ se duerme.;;~w~$~/~ si addormenta.;~w~$~/~ dormiu.;~w~$~/~ zasypia.;~w~$~/~ uykuya daldı.;~w~$~/~ usíná.;
poison;~w~$~/~ получает отравление.;~w~$~/~ is poisoned.;~w~$~/~ は毒を受けた。;~w~$~/~ ist vergiftet.;~w~$~/~ sufre un envenenamiento.;;~w~$~/~ soffre gli effetti del veleno.;~w~$~/~ está envenenado.;~w~$~/~ czuje truciznę w ustach.;~w~$~/~ zehirlendi.;~w~$~/~ má otravu.;
bleeding;~w~$~/~ ~r~начинает истекать кровью~/~ (~w~$~/~).;~w~$~/~ ~r~starts bleeding~/~ (~w~$~/~).;~w~$~/~ は~r~出血し始めた~/~（~w~$~/~）;~w~$~/~ ~r~ beginnt zu bluten~/~ (~w~$~/~).;~w~$~/~ ~r~comienza a sangrar~/~ (~w~$~/~).;;~w~$~/~ ~r~inizia a sanguinare~/~ (~w~$~/~).;~w~$~/~ ~r~começou a sangrar~/~ (~w~$~/~).;~w~$~/~ ~r~zaczyna krwawić~/~ (~w~$~/~).;~w~$~/~ ~r~kanamaya başladı~/~ (~w~$~/~).;~w~$~/~ ~r~začíná krvácet~/~ (~w~$~/~).;
fire;~w~$~/~ в огне!;~w~$~/~ is on fire!;~w~$~/~ は燃えている！;~w~$~/~ steht in Flammen!;¡~w~$~/~ está en llamas!;;~w~$~/~ è in fiamme!;~w~$~/~ está em chamas!;~w~$~/~ stoi w ogniu!;~w~$~/~ yanıyor!;~w~$~/~ hoří!;
immob;~w~$~/~ не может пошевелиться.;~w~$~/~ can't move.;~w~$~/~ は動くことができない。;~w~$~/~ kann sich nicht bewegen.;~w~$~/~ no puede moverse.;;~w~$~/~ non può muoversi.;~w~$~/~ não pode se mover.;~w~$~/~ nie może się poruszać.;~w~$~/~ hareket edemez.;~w~$~/~ se nemůže pohnout.;
confused;~w~$~/~ в замешательстве.;~w~$~/~ is confused.;~w~$~/~ は混乱した。;~w~$~/~ ist verwirrt.;~w~$~/~ siente una gran confusión.;;~w~$~/~ è in preda alla confusione.;~w~$~/~ está confuso.;~w~$~/~ nie ogarnia, co się dzieje.;~w~$~/~ kafa karışıklığı yaşadı.;~w~$~/~ trpí zmatením.;
nausea;~w~$~/~ страдает от рвоты.;~w~$~/~ vomits.;~w~$~/~ は吐いた。;~w~$~/~ übergibt sich.;~w~$~/~ vomita.;;~w~$~/~ vomita.;~w~$~/~ vomitou.;~w~$~/~ wymiotuje.;~w~$~/~ mide bulantısı yaşadı.;~w~$~/~ zvrací.;
psyIncrease;~w~$~/~ повышается...;~w~$~/~ increases...;~w~$~/~ が上昇した。;~w~$~/~ erhöht sich...;~w~$~/~ aumenta...;;~w~$~/~ aumenta...;~w~$~/~ aumenta...;~w~$~/~ rośnie...;~w~$~/~ yükseldi...;~w~$~/~ se zvyšuje...;
psyDecrease;~w~$~/~ падает...;~w~$~/~ decreases...;~w~$~/~ が減少した。;~w~$~/~ verringert sich...;~w~$~/~ reduce...;;~w~$~/~ diminuisce...;~w~$~/~ diminui...;~w~$~/~ spada...;~w~$~/~ düştü...;~w~$~/~ se snižuje...;
sleepDebuff;~w~$~/~ не может спать (жизнь под угрозой).;~w~$~/~ can't sleep (life's under threat).;~w~$~/~ は眠ることができない（生命が危機に瀕している）;~w~$~/~ kann nicht schlafen (Leben ist in Gefahr).;~w~$~/~ no puede dormir (su vida corre peligro).;;~w~$~/~ non può dormire (in pericolo di vita).;~w~$~/~ não pode dormir (vida sob ameaça).;~w~$~/~ nie może zasnąć (życie jest zagrożone).;~w~$~/~ uyuyamadı (hayati tehlike).;~w~$~/~ nemůže spát (život je v ohrožení).;
sleepSave;~w~$~/~ засыпает. Игра сохранена.;~w~$~/~ falls asleep. Your progress has been saved.;~w~$~/~ は眠りについた。ゲームをセーブしました。;~w~$~/~ schläft ein. Das Spiel wurde gespeichert.;~w~$~/~ se duerme. Tu progreso ha sido guardado.;;~w~$~/~ si addormenta. I tuoi progressi sono stati salvati.;~w~$~/~ dormiu. O jogo foi salvo.;~w~$~/~ słodko śpi. Stan gry zapisany.;~w~$~/~ uykuya daldı. Oyun kaydedildi.;~w~$~/~ usíná. Hra je uložená.;
sleepWake;~w~$~/~ пробуждается.;~w~$~/~ wakes up.;~w~$~/~ は起床した。;~w~$~/~ wacht auf.;~w~$~/~ se despierta.;;~w~$~/~ si risveglia.;~w~$~/~ acordou.;~w~$~/~ budzi się.;~w~$~/~ uyandı.;~w~$~/~ se probouzí.;
injury1;~w~$~/~ получает лёгкую травму (~w~$~/~).;~w~$~/~ $ is mildly injured.;~w~$~/~ は $ に軽傷を負った。;~w~$~/~ $ ist leicht verletzt.;~w~$~/~ tiene una herida leve en $.;;~w~$~/~ riporta una lieve ferita ($).;~w~$~/~ $ está levemente ferido.;~w~$~/~ $ ma lekkie rany.;~w~$~/~ için $ uzvu hafif yaralandı.;~w~$~/~ $ má lehké zranění.;
injury2;~w~$~/~ получает среднюю травму (~w~$~/~).;~w~$~/~ $ is moderately injured.;~w~$~/~ は $ に中程度の傷を負った。;~w~$~/~ $ ist mäßig verletzt.;~w~$~/~ tiene una herida moderada en $.;;~w~$~/~ riporta una ferita moderata ($).;~w~$~/~ $ está moderadamente ferido.;~w~$~/~ $ ma średnie rany.;~w~$~/~ için $ orta derecede yaralandı.;~w~$~/~ $ má střední zranění.;
injury3;~w~$~/~ получает тяжелую травму (~w~$~/~).;~w~$~/~ $ is severely injured.;~w~$~/~ は $ に重傷を負った。;~w~$~/~ $ ist schwer verletzt.;¡~w~$~/~ tiene una herida grave en $!;;~w~$~/~ riporta una grave ferita ($).;~w~$~/~ $ está severamente ferido.;~w~$~/~ $ ma poważne rany.;~w~$~/~ için $ uzvu ağır yaralandı.;~w~$~/~ $ má vážné zranění.;
injuryStabil1;~w~$~/~ стабилизирует лёгкую травму (~w~$~/~).;~w~$~/~ stabilizes slightly injured $.;~w~$~/~ は軽傷の $ を処置した。;~w~$~/~ stabilisiert leicht verletzte(n) $.;~w~$~/~ estabiliza la herida leve en $.;;~w~$~/~ stabilizza una lieve ferita ($).;~w~$~/~ estabilizou um ferimento leve $.;~w~$~/~ stabilizuje lekko ranną część ciała - $.;~w~$~/~, $ uzvundaki hafif yarayı stabilize etti.;~w~$~/~ stabilizuje lehké zranění $.;
injuryStabil2;~w~$~/~ стабилизирует среднюю травму (~w~$~/~).;~w~$~/~ stabilizes moderately injured $.;~w~$~/~ は負傷した $ を処置した。;~w~$~/~ stabilisiert mäßig verletzte(n) $.;~w~$~/~ estabiliza la herida moderada en $.;;~w~$~/~ stabilizza una ferita moderata ($).;~w~$~/~ estabilizou um ferimento moderado $.;~w~$~/~ stabilizuje średnio ranną część ciała - $.;~w~$~/~, $ uzvundaki orta derecede yarayı stabilize etti.;~w~$~/~ stabilizuje střední zranění $.;
injuryStabil3;~w~$~/~ стабилизирует тяжелую травму (~w~$~/~).;~w~$~/~ stabilizes severely injured $.;~w~$~/~ は重傷の $ を処置した。;~w~$~/~ stabilisiert schwer verletzte(n) $.;~w~$~/~ estabiliza la herida grave en $.;;~w~$~/~ stabilizza una ferita grave ($).;~w~$~/~ estabilizou um ferimento severo $.;~w~$~/~ stabilizuje ciężko ranną część ciała - $.;~w~$~/~, $ uzvundaki ağır yarayı stabilize etti.;~w~$~/~ stabilizuje těžké zranění $.;
foodSpoliageSoon;~lg~$~/~ скоро испортится.;~lg~$~/~ is about to spoil.;~lg~$~/~ が腐りそうだ。;~lg~$~/~ ist dabei, zu verderben.;Tu ~lg~$~/~ está a punto de pudrirse.;;~lg~$~/~ sta per guastarsi.;~lg~$~/~ está prestes a estragar.;~lg~$~/~ zaraz się zepsuje.;~lg~$~/~ bozulmak üzere.;~lg~$~/~ se brzy zkazí.;
foodSpoliage;~lg~$~/~ сгнивает.;~lg~$~/~ spoils.;~lg~$~/~ が腐敗した。;~lg~$~/~ verdirbt.;Tu ~lg~$~/~ se pudre.;;~lg~$~/~ si guasta.;~lg~$~/~ estragou.;~lg~$~/~ nie nadaje się do jedzenia.;~lg~$~/~ bozuldu.;~lg~$~/~ se kazí.;
weaponBreakSoon;~lg~$~/~ начинает приходить в негодность.;~lg~$~/~ is about to break.;~lg~$~/~ が壊れそうだ。;~lg~$~/~ geht bald kaputt.;Tu ~lg~$~/~ está a punto de romperse.;;~lg~$~/~ sta per rompersi.;~lg~$~/~ está prestes a quebrar.;~lg~$~/~ wkrótce się zepsuje.;~lg~$~/~ aşınmak üzere.;~lg~$~/~ se brzy zničí.;
weaponBreak;~lg~$~/~ приходит в негодность.;~lg~$~/~ breaks.;~lg~$~/~ が壊れた。;~lg~$~/~ geht kaputt.;Tu ~lg~$~/~ se rompe.;;~lg~$~/~ si rompe.;~lg~$~/~ quebrou.;~lg~$~/~ nie nadaje się do użytku.;~lg~$~/~ aşındı.;~lg~$~/~ je už k ničemu.;
bedUnpaid;~w~$~/~ не может спать на неоплаченной кровати.;~w~$~/~ can't sleep in the bed unless it's paid for.;~w~$~/~ はベッドを借りていないので眠ることができない。;~w~$~/~ kann nicht im Bett schlafen, wenn nicht dafür bezahlt wurde.;~w~$~/~ no puede dormir en esta cama hasta que la pague.;;~w~$~/~ non può addormentarsi senza aver affittato la stanza.;~w~$~/~ não pode dormir na cama se não pagar.;~w~$~/~ nie może spać w łóżku, które nie jest wynajęte.;~w~$~/~ ödeme yapmadığı için yatakta uyuyamaz.;~w~$~/~ nemůže spát v posteli, pokud za ní nezaplatí.;
cook;~w~$~/~ готовит:;~w~$~/~ cooks:;~w~$~/~ は調理した：;~w~$~/~ kocht:;~w~$~/~ cocina:;;~w~$~/~ cucina:;~w~$~/~ cozinhou:;~w~$~/~ gotuje:;~w~$~/~ pişirdi:;~w~$~/~ vaří:;
repVillageUp;Репутация с населением ~w~$~/~ растёт!;Your reputation with ~w~$~/~ has improved!;~w~$~/~ の評判が改善した！;Dein Ruf bei ~w~$~/~ hat sich verbessert!;¡Tu reputación con ~w~$~/~ ha mejorado!;;La tua reputazione presso ~w~$~/~ è migliorata!;Sua reputação com ~w~$~/~ melhorou!;Twoja reputacja wobec frakcji ~w~$~/~ wzrosła!;~w~$~/~ içerisindeki itibarın yükseldi!;Tvá reputace u ~w~$~/~ se zlepšila!;
repVillageDown;Репутация с населением ~w~$~/~ ухудшается...;Your reputation with ~w~$~/~ has decreased...;~w~$~/~ の評判が悪化した……;Dein Ruf bei ~w~$~/~ hat sich verschlechtert!;Tu reputación con ~w~$~/~ ha empeorado...;;La tua reputazione presso ~w~$~/~ è peggiorata...;Sua reputação com ~w~$~/~ diminuiu...;Twoja reputacja wobec frakcji ~w~$~/~ spadła...;~w~$~/~ içerisindeki itibarın düştü!;Tvá reputace u ~w~$~/~se zhoršila...;
repVillageTier;Репутация с населением ~w~$~/~ достигла отметки ~y~$~/~.;Your reputation with ~w~$~/~ has reached the point of ~y~$~/~.;~w~$~/~ の評判が ~y~$~/~ に達した。;Dein Ruf bei ~w~$~/~ hat den Punkt von ~y~$~/~ erreicht.;Tu reputación con ~w~$~/~ ha alcanzado el siguiente nivel: ~y~$~/~.;;La tua reputazione presso ~w~$~/~ ha raggiunto un nuovo livello: ~y~$~/~.;Sua reputação com ~w~$~/~ alcançou o ponto de ~y~$~/~.;Twoja reputacja wobec frakcji ~w~$~/~ uzyskała poziom ~y~$~/~.;~w~$~/~ içerisindeki itibar seviyen ~y~$~/~ oldu!;Tvá reputace u ~w~$~/~ dosáhla úrovně ~y~$~/~.;
repFactionUp;Репутация с фракцией ~w~$~/~ растёт!;Your reputation with ~w~$~/~ has improved!;~w~$~/~ の評判が改善した！;Dein Ruf bei ~w~$~/~ hat sich verbessert!;¡Tu reputación con ~w~$~/~ ha mejorado!;;La tua reputazione presso ~w~$~/~ è migliorata!;Sua reputação com ~w~$~/~ melhorou!;Twoja reputacja wobec frakcji ~w~$~/~ wzrosła!;~w~$~/~ içerisindeki itibarın yükseldi!;Tvá reputace u ~w~$~/~ se zvýšila!;
repFactionDown;Репутация с фракцией ~w~$~/~ ухудшается...;Your reputation with ~w~$~/~ has decreased...;~w~$~/~ の評判が悪化した……;Dein Ruf bei ~w~$~/~ hat sich verbessert!;Tu reputación con ~w~$~/~ ha empeorado...;;La tua reputazione presso ~w~$~/~ è peggiorata...;Sua reputação com ~w~$~/~ diminuiu...;Twoja reputacja wobec frakcji ~w~$~/~ spadła...;~w~$~/~ içerisindeki itibarın düştü!;Tvá reputace u ~w~$~/~se zhoršila...;
repFactionTier;Репутация с фракции ~w~$~/~ достигла отметки ~y~$~/~.;Your reputation with ~w~$~/~ has reached the point of ~y~$~/~.;~w~$~/~ の評判が ~y~$~/~ に達した。;Dein Ruf bei ~w~$~/~ hat den Punkt von ~y~$~/~ erreicht.;Tu reputación con ~w~$~/~ ha alcanzado el siguiente nivel: ~y~$~/~.;;La tua reputazione presso ~w~$~/~ ha raggiunto un nuovo livello: ~y~$~/~.;Sua reputação com ~w~$~/~ alcançou o ponto de ~y~$~/~.;Twoja reputacja wobec frakcji ~w~$~/~ uzyskała poziom ~y~$~/~.;~w~$~/~ içerisindeki itibar seviyen ~y~$~/~ oldu!;Tvá reputace u ~w~$~/~ dosáhla úrovně ~y~$~/~.;
sleepDanger;Сон здесь небезопасен: неподалёку враги.;It's not safe to sleep here: the enemies are nearby.;安全に眠ることができない：敵が近くに存在する。;Es ist nicht sicher hier zu schlafen: Feinde sind in der Nähe.;No es seguro dormir aquí, hay enemigos cerca.;;Dormire qui non è sicuro: ci sono dei nemici nei paraggi.;Não é seguro dormir aqui: os inimigos estão próximos.;Odpoczynek w tym miejscu nie jest bezpieczny: przeciwnicy są w pobliżu.;Burada uyumak güvenli değil: düşmanlar yakında.;Spát tady není bezpečné: nepřátelé jsou blízko.;
prayHost;~w~$~/~ воздаёт молитву Сонму.;~w~$~/~ praises the Host!;~w~$~/~ は聖体を賛美した！;~w~$~/~ preist den GASTGEBER!;¡~w~$~/~ venera a las Huestes!;N/A;~w~$~/~ loda l'Ospite!;~w~$~/~ louva o Anfitrião!;~w~$~/~ chwali Gospodarza!;~w~$~/~ Panteon'a şükretti.;~w~$~/~ blahořečí Hostitele!;N/A
dig;~w~$~/~ разрывает землю руками.;~w~$~/~ tears through the soil with their bare hands.;~w~$~/~ は素手で土をかき分けた。;~w~$~/~ reißt mit bloßen Händen den Boden auf.;~w~$~/~ se abre paso entre la tierra con sus propias manos.;;~w~$~/~ scava la terra a mani nude.;~w~$~/~ cava o solo com as próprias mãos.;~w~$~/~ przekopuje się przez ziemię gołymi rękoma.;~w~$~/~ çıplak ellerle toprağı kazıyor.;~w~$~/~ se hrabe v hlíně holýma rukama.;
digShovel;~w~$~/~ усердно работает лопатой.;~w~$~/~ diligently digs with a shovel.;~w~$~/~ はショベルで熱心に穴を掘った。;~w~$~/~ gräbt emsig mit der Schaufel.;~w~$~/~ cava con su pala con diligencia.;;~w~$~/~ usa una vanga per scavare.;~w~$~/~ cava esforçadamente com uma pá.;~w~$~/~ ostrożnie przekopuje obszar łopatą.;~w~$~/~ kürekle özenli bir şekilde kazıyor.;~w~$~/~ pilně kope lopatou.;
digFinish;~w~$~/~ натыкается на добычу...;~w~$~/~ stumbles upon something valuable...;~w~$~/~ は何か貴重な物を発見した……;~w~$~/~ stolpert über etwas Wertvolles...;~w~$~/~ se encuentra con algo valioso...;;~w~$~/~ si imbatte in qualcosa di prezioso...;~w~$~/~ encontra algo valioso...;~w~$~/~ zauważa w wykopie coś cennego...;~w~$~/~ değerli bir şeye rastladı...;~w~$~/~ naráží na něco cenného...;
moveInjury;~w~$~/~ подворачивает ногу.;~w~$~/~ twists an ankle.;~w~$~/~ は足首を捻挫した。;~w~$~/~ verstaucht sich einen Knöchel.;~w~$~/~ se tuerce el tobillo.;;~w~$~/~ si sloga una caviglia.;~w~$~/~ torce o tornozelo.;~w~$~/~ czuje ból w kostce.;~w~$~/~ ayak bileğini burktu.;~w~$~/~ si zvrtává kotník.;
moveInjury2;~w~$~/~ наступает на что-то острое.;~w~$~/~ steps on something sharp.;~w~$~/~ は何か尖ったものを踏んだ。;~w~$~/~ tritt auf etwas Scharfes.;~w~$~/~ pisa algo afilado.;;~w~$~/~ calpesta qualcosa di tagliente.;~w~$~/~ pisa em algo cortante.;~w~$~/~ czuje coś ostrego w bucie.;~w~$~/~ sivri bir şeye bastı.;~w~$~/~ šlape na něco ostrého.;
lootBoarHead;~w~$~/~ снимает со стены охотничий трофей.;~w~$~/~ takes down a hunting trophy from the wall.;~w~$~/~ は狩りの戦利品を壁から落とした。;~w~$~/~ nimmt eine Jagdtrophäe von der Wand.;~w~$~/~ baja un trofeo de caza de la pared.;;~w~$~/~ prende un trofeo di caccia dalla parete.;~w~$~/~ retira um troféu de caça da parede.;~w~$~/~ zdejmuje myśliwską zdobycz ze ściany.;~w~$~/~ duvardan bir av ganimeti söktü.;~w~$~/~ sundává ze zdi loveckou trofej.;
crossbowReload;~w~$~/~ перезаряжает арбалет.;~w~$~/~ reloads their crossbow.;~w~$~/~ はクロスボウをリロードした。;~w~$~/~ lädt die Armbrust nach.;~w~$~/~ recarga su ballesta.;N/A;~w~$~/~ ricarica la sua balestra.;~w~$~/~ recarrega sua balestra.;~w~$~/~ naciąga kolejny bełt.;~w~$~/~ arbaletini doldurdu.;N/A;
nettleBurn;Ай! ~w~$~/~ обжигается крапивой, получая ~gc~$ разъедающего урона~/~.;Ouch! ~w~$~/~ was stung by nettles, taking ~gc~$ Caustic Damage~/~.;~w~$~/~ はイラクサの棘に刺され、~gc~腐食ダメージ $ を受けた。~/~;Autsch! ~w~$~/~ wurde von Nesseln gestochen, erhält ~gc~$ ätzenden Schaden~/~.;¡Ay! ~w~$~/~ se pinchó con una ortiga y recibió ~gc~$ de daño corrosivo~/~.;;Ouch! ~w~$~/~ finisce tra le ortiche e subisce ~gc~$ Danni Caustici~/~.;Ai! ~w~$~/~ se espetou nas urtigas, recebendo ~gc~$ Dano Cáustico~/~.;Aaałć! ~w~$~/~ czuje swędzenie po otarciu się o pokrzywę, otrzymuje ~gc~$ Obrażeń Toksycznych~/~.;Ah! ~w~$~/~ ısırgan otları tarafından sokuldu, ~gc~$ Kostik Hasarı~/~ aldı.;;
modTierUp;Степень эффекта ~w~$~/~ увеличивается.;The number of ~w~$~/~ stacks has increased.;~w~$~/~ の蓄積値が増加した。;N/A;El número de cargas de ~w~$~/~ ha aumentado.;The number of ~w~$~/~ stacks has increased.;Il numero di livelli di ~w~$~/~ è aumentato.;A quantidade de cargas de ~w~$~/~ aumentou.;Liczba punktów potęgowania dla ~w~$~/~ wzrosła.;~w~$~/~ istif sayısı arttı.;N/A;N/A
modTierDown;Степень эффекта ~w~$~/~ уменьшается.;The number of ~w~$~/~ stacks has decreased.;~w~$~/~ の蓄積値が減少した。;N/A;El número de cargas de ~w~$~/~ ha disminuido.;The number of ~w~$~/~ stacks has decreased.;Il numero di livelli di ~w~$~/~ è diminuito.;A quantidade de cargas de ~w~$~/~ diminuiu.;Liczba punktów potęgowania dla ~w~$~/~ spadła.;~w~$~/~ istif sayısı azaldı.;N/A;N/A
;text_end;text_end;text_end;text_end;text_end;text_end;text_end;text_end;text_end;text_end;text_end;text_end
;;;;;;;;;;;;
;words;words;words;words;words;words;words;words;words;words;words;words
attack;атакует;attacks;は攻撃した;attackiert;ataca;;attacca;ataca;atakuje;saldırdı;útočí;
counterAttack;контратакует;counterattacks;は反撃した;kontert;contraataca;;contrattacca;contra-ataca;kontratakuje;karşı saldırı yaptı;vrací útok;
health;здоровья;health;体力;Gesundheit;punto/s de vida;;salute;vida;zdrowia;can;zdraví;
durability;прочности;durability;耐久度;Haltbarkeit;durabilidad;;durabilità;durabilidade;wytrzymałości;dayanıklılık;životnost;
morale;Мораль;Morale;士気;Moral;La moral;;Morale;Moral;Morale;Moral;morálka;
sanity;Рассудок;Sanity;正気度;Verstand;La cordura;;Sanità;Sanidade;Zdrowia Psychicznego;Akıl Sağlığı;zdravý rozum;
regeneration;регенерация;restoration;回復;Regeneration;regeneración;;rigenerazione;recuperação;odnawia;yenilenme;doplnění;
lifeSteal;похищение здоровья;life drain;体力吸収;Lebensentzug;robo de vida;;prosciugamento vitale;roubo de vida;wykrada zdrowia;can çalma;sání života;
energySteal;похищение энергии;energy drain;エネルギー吸収;Energieentzug;robo de energía;;prosciugamento energetico;roubo de energia;wykrada energii;enerji çalma;sání energie;
gold;золото;gold;クラウン;Gold;oro;;oro;ouro;złota;altın;zlato;
unaware;теряет след персонажа;loses track of your character;はキャラクターを見失った;verliert deine Fährte;pierde de vista a tu personaje;;perde traccia del tuo personaggio;perde o rastro do seu personagem;traci twoją postać ze wzroku;karakterinin izini kaybetti;ztácí stopu tvé postavy;
alarm;настораживается;alarmed;警戒状態;alarmiert;en estado de alarma;;all'erta;alarmado;zaalarmowany;tedirgin;zalarmovaný;
hostile;замечает персонажа;hostile;敵対状態;feindlich;hostil;;ostile;hostil;wrogi;saldırgan;nepřátelský;
crit;критическую атаку;critical hit;クリティカル;krit. Treffer;golpe crítico;;colpo critico;acerto crítico;krytyczny cios;kritik hasar;kritický zásah;
xp;опыта;XP; の経験値を獲得;XP;EXP;;EXP;XP;XP;TP;XP;
leftHand;левая рука;left hand;左手;linke Hand;la mano izquierda;;mano sinistra;mão esquerda;lewa ręka;sol el;levá ruka;
rightHand;правая рука;right hand;右手;rechte Hand;la mano derecha;;mano destra;mão direita;prawa ręka;sağ el;pravá ruka;
paw;лапа;paw;足;Pfote;la pata;;zampa;pata;łapa;pati;packa;
leftLeg;левая нога;left leg;左脚;linkes Bein;la pierna izquierda;;gamba sinistra;perna esquerda;lewa noga;sol bacak;levá noha;
rightLeg;правая нога;right leg;右脚;rechtes Bein;la pierna derecha;;gamba destra;perna direita;prawa noga;sağ bacak;pravá noha;
head;голова;head;頭;Kopf;la cabeza;;testa;cabeça;głowa;baş;hlava;
torso;торс;torso;胴体;Rumpf;el torso;;torso;torso;tułów;gövde;trup;
well;колодца;well;井戸;Brunnen;pozo;;pozzo;poço;studni;kuyu;studna;
waterfall;водопада;waterfall;滝;Wasserfall;cascada;;cascata;cachoeira;wodospadu;şelale;vodopád;
hatred;Ненависть;Hatred;憎悪;Verhasst;Odio;;Odio;Ódio;Znienawidzony;Düşmanca;Nenávist;
dislike;Неприязнь;Resentment;憤慨;Abneigung;Resentimiento;;Risentimento;Ressentimento;Zły;Antipatik;Nepřátelství;
neutral;Нейтралитет;Neutrality;中立;Neutral;Neutralidad;;Neutralità;Neutralidade;Neutralny;Tarafsız;Neutralita;
admiration;Благосклонность;Benevolence;善意;Wohlwollen;Benevolencia;;Benevolenza;Benevolência;Życzliwy;Samimi;Lhostejnost;
amity;Дружелюбие;Amity;友好;Freundschaft;Amistad;;Amicizia;Amizade;Przyjazny;Dostane;Náklonnost;
respect;Уважение;Respect;尊敬;Respekt;Respeto;;Rispetto;Respeito;Szanowany;Saygın;Respekt;
;words_end;words_end;words_end;words_end;words_end;words_end;words_end;words_end;words_end;words_end;words_end;words_end
;;;;;;;;;;;;
;actions;actions;actions;actions;actions;actions;actions;actions;actions;actions;actions;actions
food;ест;eats;は食べた：;isst;come;;mangia;come;je;yedi:;jí;
drink;пьёт:;drinks;は飲んだ：;trinkt;bebe;;beve;bebe;pije;içti:;pije;
tool;применяет;applies;は使用した：;benutzt;aplica;;applica;aplica;nakłada;uyguladı:;využívá;
drug;употребляет;uses;は服用した：;nimmt;usa:;;usa;usa;używa;kullandı:;užívá;
treatise;изучает;studies;は学習した：;studiert;estudia;;studia;estuda;czyta;okudu:;studuje;
other;использует;uses;は使用した：;benutzt;usa:;;usa;usa;używa;kullandı:;používá;
;actions_end;actions_end;actions_end;actions_end;actions_end;actions_end;actions_end;actions_end;actions_end;actions_end;actions_end;actions_end
;;;;;;;;;;;;
;damages;damages;damages;damages;damages;damages;damages;damages;damages;damages;damages;damages
Slashing;рубящего;slashing;斬撃;schlitzend;cortante;;da taglio;cortante;Przecinających;kesme;sekavého;
Piercing;колющего;piercing;刺突;stechend;perforador;;penetranti;perfurante;Przebijających;delme;průrazného;
Blunt;дробящего;crushing;衝撃;schmetternd;aplastante;;da impatto;contundente;Obalających;ezme;drtivého;
Rending;разрывающего;rending;断裂;reißend;desgarrador;;laceranti;dilacerante;Rozcinających;parçalama;drásavého;
Fire;огненного;fire;火炎;feuer;fuego;;da fuoco;fogo;od Ognia;alev;ohnivého;
Frost;морозного;frost;氷結;frost;escarcha;;da gelo;gelo;od Zamrożenia;buz;mrazivého;
Shock;электрического;shock;電撃;schock;electricidad;;da shock;choque;od Porażenia;şok;elektrického;
Poison;ядовитого;poison;毒;gift;veneno;;da veleno;veneno;od Trucizn;zehir;jedového;
Caustic;разъедающего;caustic;腐食;säure;corrosivo;;caustici;cáustico;od Kwasów;kostik;žíravého;
Psionic;псионического;psionic;精神;psionisch;psiónico;;psionici;psiônico;Psychicznych;psişik;psionického;
Arcane;арканического;arcane;秘術;arkan;arcano;;arcani;arcano;Tajemnych;mistik;tajemného;
Sacred;священного;sacred;神聖;heilig;sagrado;;sacri;sagrado;Świętych;kutsal;posvátného;
Unholy;нечестивого;unholy;不浄;unheilig;profano;;profani;profano;Przeklętych;melun;bezbožného;
;damages_end;damages_end;damages_end;damages_end;damages_end;damages_end;damages_end;damages_end;damages_end;damages_end;damages_end;damages_end
;;;;;;;;;;;;
;symbols;symbols;symbols;symbols;symbols;symbols;symbols;symbols;symbols;symbols;symbols;symbols
dot;.;.;;.;.;.;.;.;.;.;.;.
question;?;?;？;?;?;?;?;?;?;?;?;?
exclamation;!;!;！;!;!;!;!;!;!;!;!;!
ellipsis;...;...;…;...;...;...;...;...;...;...;...;...
comma;,;,;、;,;,;,;,;,;,;,;,;,
commaEnum;,;,;、;,;,;,;,;,;,;,;,;,
openRoundBracket;(;(;（;(;(;(;(;(;(;(;(;(
closeRoundBracket;););）;););););););););)
colon;:;:;：;:;:;:;:;:;:;:;:;:
openQuote;“;“;「;“;“;“;“;“;“;“;“;“
closeQuote;”;”;」;”;”;”;”;”;”;”;”;”
;symbols_end;symbols_end;symbols_end;symbols_end;symbols_end;symbols_end;symbols_end;symbols_end;symbols_end;symbols_end;symbols_end;symbols_end