;Русский;English;中文;Deutsch;Español;Français;Italiano;Português;Polski;Türkçe;Čeština
;Title;Title;Title;Title;Title;Title;Title;Title;Title;Title;Title
;;;;;;;;;;;
;;;;;;;;;;;
Possessed;Possessed;Possessed;Possessed;Possessed;Possessed;Possessed;Possessed;Possessed;Possessed;Possessed;Possessed
;Демонический;the Demonic;狂暴なる;der Dämonische;el Demoníaco;;il Diabolico;o Demoníaco;Demoniczny;Şeytani;Démonický
;Безумный;the Mad;狂える;der Verrückte;el Demente;;il Folle;o Louco;Szalony;Deli;Šílený
;Бесноватый;the Raving;狂乱の;der Tobende;el Delirante;;il Delirante;o Delirante;Majaczący;Gözü Dönmüş;Nepříčetný
;Помешанный;the Deranged;錯乱の;der Geisteskranke;el Trastornado;;il Pazzoide;o Demente;Obłąkany;Dengesiz;Vyšinutý
Possessed_end;Possessed_end;Possessed_end;Possessed_end;Possessed_end;Possessed_end;Possessed_end;Possessed_end;Possessed_end;Possessed_end;Possessed_end;Possessed_end
;;;;;;;;;;;
;;;;;;;;;;;
Powerful;Powerful;Powerful;Powerful;Powerful;Powerful;Powerful;Powerful;Powerful;Powerful;Powerful;Powerful
;Силач;the Mighty;精強なる;der Mächtige;el Fuerte;;il Poderoso;o Potente;Potężny;Kudretli;Mohutný
;Богатырь;the Powerful;屈強なる;der Kräftige;el Poderoso;;il Possente;o Poderoso;Mocny;Güçlü;Mocný
;Большой;the Big;のっぽの;der Große;el Grande;;il Grosso;o Grande;Wielki;Büyük;Velký
;Неодолимый;the Overpowering;大振りの;der Übermächtige;el Abrumador;;l'Inarrestabile;o Avassalador;Nadludzki;Yıkıcı;Nadlidský
;Громоздкий;the Bulky;強大なる;der Sperrige;el Corpulento;;il Corpulento;o Corpulento;Masywny;İri;Ohromný
Powerful_end;Powerful_end;Powerful_end;Powerful_end;Powerful_end;Powerful_end;Powerful_end;Powerful_end;Powerful_end;Powerful_end;Powerful_end;Powerful_end
;;;;;;;;;;;
Vindictive;Vindictive;Vindictive;Vindictive;Vindictive;Vindictive;Vindictive;Vindictive;Vindictive;Vindictive;Vindictive;Vindictive
;Злобный;the Wicked;背信者 ;der Boshafte;el Maligno;;il Perfido;o Perverso;Niegodziwy;Ahlaksız;Lstivý
;Ненавистник;the Malicious;邪悪なる;der Heimtückische;el Malévolo;;il Calunnioso;o Malicioso;Złośliwy;Alçak;Podlý
;Злопамятный;the Vindictive;復讐者 ;der Rachsüchtige;el Vengativo;;il Vendicativo;o Vingativo;Mściwy;Kindar;Mstivý
Vindictive_end;Vindictive_end;Vindictive_end;Vindictive_end;Vindictive_end;Vindictive_end;Vindictive_end;Vindictive_end;Vindictive_end;Vindictive_end;Vindictive_end;Vindictive_end
;;;;;;;;;;;
Persistent;Persistent;Persistent;Persistent;Persistent;Persistent;Persistent;Persistent;Persistent;Persistent;Persistent;Persistent
;Здоровяк;the Husky;偉丈夫 ;der Bärenstarke;el Voluminoso;;il Tozzo;o Rude;Krzepki;Dinç;Statný
;Крепкий;the Sturdy;不屈の;der Stämmige;el Robusto;;il Resistente;o Resistente;Silny;Sağlam;Zdatný
;Толстый;the Fat;太っちょ;der Fette;el Gordo;;il Grasso;o Gordo;Grubas;Şişman;Tlustý
;Толстокожий;the Thick-skinned;のろまの;der Dickhäutige;el Grueso;;l'Insensibile;o Pele-grossa;Gruboskórny;Vurdumduymaz;Hrubosrstý
Persistent_end;Persistent_end;Persistent_end;Persistent_end;Persistent_end;Persistent_end;Persistent_end;Persistent_end;Persistent_end;Persistent_end;Persistent_end;Persistent_end
;;;;;;;;;;;
;;;;;;;;;;;
Trapmaker;Trapmaker;Trapmaker;Trapmaker;Trapmaker;Trapmaker;Trapmaker;Trapmaker;Trapmaker;Trapmaker;Trapmaker;Trapmaker
;Охотник;the Hunter;狩人 ;der Jäger;the Hunter;;il Cacciatore;o Caçador;Łowczy;Avcı;Lovec
;Сетелов;the Netcatcher;罠師 ;der Netzfänger;the Netcatcher;;il Retaio;o Enredador;Chwytający;Ağ Ustası;Chytač
;Ловчий;the Catcher;猟師 ;der Fänger;the Catcher;;l'Acchiappatalpe;o Apanhador;Łapiący;Kapancı;Lapač
Trapmaker_end;Trapmaker_end;Trapmaker_end;Trapmaker_end;Trapmaker_end;Trapmaker_end;Trapmaker_end;Trapmaker_end;Trapmaker_end;Trapmaker_end;Trapmaker_end;Trapmaker_end
;;;;;;;;;;;
;;;;;;;;;;;
Resistant;Resistant;Resistant;Resistant;Resistant;Resistant;Resistant;Resistant;Resistant;Resistant;Resistant;Resistant
;Закалённый;the Tempered;穏やかなる;der Gemäßigte;el Templado;;il Temprato;o Temperado;Hartowany;Sert;Těžkopádný
;Благословлённый;the Blessed;祝福されし;der Gesegnete;el Bendecido;;il Fortunato;o Abençoado;Błogosławiony;Kutsanmış;Požehnaný
;Непробиваемый;the Bladeproof;防刃の;der Klingensichere;el Acorazado;;Anti-Spade;o Anti-lâmina;Odporny;Delinmez;Odolný
;Усиленный;the Strengthened;強固なる;der Gestärkte;el Fortalecido;;il Forte;o Fortalecido;Wzmocniony;Kuvvetli;Nepoddajný
Resistant_end;Resistant_end;Resistant_end;Resistant_end;Resistant_end;Resistant_end;Resistant_end;Resistant_end;Resistant_end;Resistant_end;Resistant_end;Resistant_end
;;;;;;;;;;;
Summoner;Summoner;Summoner;Summoner;Summoner;Summoner;Summoner;Summoner;Summoner;Summoner;Summoner;Summoner
;Повелитель;the Overlord;大君主 ;der Gebieter;the Overlord;;il Reggente;o Soberano;Władczy;Amir;Pán
;Владыка;the Master;使役者 ;der Meister;the Master;;il Maestro;o Mestre;Mistrzowski;Efendi;Vůdce
;Командир;the Commander;指揮官 ;der Kommandant;the Commander;;il Comandante;o Comandante;Dowódczy;Komutan;Velitel
;Властитель;the Lord;領主 ;der Herr;the Lord;;il Lord;o Lorde;Lordowski;Lord;Lord
Summoner_end;Summoner_end;Summoner_end;Summoner_end;Summoner_end;Summoner_end;Summoner_end;Summoner_end;Summoner_end;Summoner_end;Summoner_end;Summoner_end
;;;;;;;;;;;
Fatebinded;Fatebinded;Fatebinded;Fatebinded;Fatebinded;Fatebinded;Fatebinded;Fatebinded;Fatebinded;Fatebinded;Fatebinded;Fatebinded
;Ткач Судеб;the Fate Weaver;運命の紡ぎ手 ;der Schicksalsweber;the Fate Weaver;;il Tessitore del Fato;o Tecelão do Destino;Wiążący Losy;Kader Dokuyan;Spřádač osudů
;На цепи;the Chained;鎖に繋がれし者 ;der Angekettete;the Chained;;l'Incatenato;o Acorrentado;Połączony;Zincirli;Spoutaný
;Всеединый;the United;結ばれし者 ;der Vereinte;the United;;il Congiunto;o Unido;Zjednoczony;Birleşmiş;Sjednocený
;Неделимый;the Indivisible;割られざる者 ;der Unteilbare;the Indivisible;;l'Indivisibile;o Indivisível;Niepodzielny;Bölünmez;Nedělitelný
Fatebinded_end;Fatebinded_end;Fatebinded_end;Fatebinded_end;Fatebinded_end;Fatebinded_end;Fatebinded_end;Fatebinded_end;Fatebinded_end;Fatebinded_end;Fatebinded_end;Fatebinded_end
;;;;;;;;;;;
Berserking;Berserking;Berserking;Berserking;Berserking;Berserking;Berserking;Berserking;Berserking;Berserking;Berserking;Berserking
;Бешеный;the Enraged;激昂の;der Zornige;el Enfurecido;;il Furioso;o Enfurecido;Wściekły;Kudurmuş;Rozzuřený
;Кровавый;the Bloody;残忍なる;der Blutige;el Sangriento;;il Sanguinario;o Sangrento;Krwawy;Kanlı;Krvavý
;Безрассудный;the Reckless;無謀なる;der Rücksichtslose;el Temerario;;lo Spericolato;o Temerário;Bezlitosny;Atılgan;Divoký
;Обезумевший;the Distraught;狂えし者 ;der Verzweifelte;el Desolado;;lo Sconvolto;o Perturbado;Oszalały;Öfkeli;Ošálený
;Кровожад;the Bloodlusting;血に飢えし者 ;der Blutrünstige;el Sanguinario;;l'Assetato di Sangue;o Sedento por Sangue;Żądny Krwi;Kana Susamış;Krvelačný
Berserking_end;Berserking_end;Berserking_end;Berserking_end;Berserking_end;Berserking_end;Berserking_end;Berserking_end;Berserking_end;Berserking_end;Berserking_end;Berserking_end
;;;;;;;;;;;
Immortal;Immortal;Immortal;Immortal;Immortal;Immortal;Immortal;Immortal;Immortal;Immortal;Immortal;Immortal
;Неубиваемый;the Unkillable;不死身の;der Unkaputtbare;el Indestructible;;l'Invincibile;o Imatável;Nieśmiertelny;Öldürülmez;Nezabitelný
;Воскресший;the Revived;蘇りし者 ;der Wiederbelebte;el Reanimado;;il Redivivo;o Revivido;Wskrzeszony;Dirilmiş;Oživený
;Вечный;the Eternal;永遠なる者 ;der Ewige;el Eterno;;l'Eterno;o Eterno;Przedwieczny;Ebedileşmiş;Věčný
;Нетленный;the Imperishable;不滅の;der Unvergängliche;el Inacabable;;l'Imperituro;o Imperecível;Niepokonany;Bozulmaz;Nesmrtelný
;Неумирающий;the Undying;不死者 ;der Unsterbliche;el Inmortal;;l'Immortale;o Imorrível;Nieginący;Ölümsüz;Nehynoucí
Immortal_end;Immortal_end;Immortal_end;Immortal_end;Immortal_end;Immortal_end;Immortal_end;Immortal_end;Immortal_end;Immortal_end;Immortal_end;Immortal_end
;;;;;;;;;;;
Illusionist;Illusionist;Illusionist;Illusionist;Illusionist;Illusionist;Illusionist;Illusionist;Illusionist;Illusionist;Illusionist;Illusionist
;Плут;the Deceiver;詐欺師 ;der Täuscher;el Pícaro;;l'Ingannatore;o Enganador;Oszust;Sahtekar;Podvodník
;Обманщик;the Crook;悪党 ;der Gauner;el Rufián;;il Truffatore;o Trapaceiro;Łotr;Hilekar;Podrazák
;Лжец;the Liar;うそつき;der Lügner;el Mentiroso;;il Bugiardo;o Mentiroso;Kłamca;Yalancı;Lhář
;Хитрец;the Sly;狡猾なる;das Schlitzohr;el Travieso;;lo Scaltro;o Liso;Chytry;Sinsi;Lišák
;Пройдоха;the Scoundrel;ろくでなしの;der Schuft;el Canalla;;la Canaglia;o Patife;Łotr;Hain;Darebák
Illusionist_end;Illusionist_end;Illusionist_end;Illusionist_end;Illusionist_end;Illusionist_end;Illusionist_end;Illusionist_end;Illusionist_end;Illusionist_end;Illusionist_end;Illusionist_end
;;;;;;;;;;;
Overcharged;Overcharged;Overcharged;Overcharged;Overcharged;Overcharged;Overcharged;Overcharged;Overcharged;Overcharged;Overcharged;Overcharged
;Неугасимый;the Quenchless;抑えざる者 ;der Unstillbare;el Insaciable;;l'Insaziabile;o Insaciável;Nieugaszony;Tatminsiz;Neuhasitelný
;Озарённый;the Illuminated;眩き者 ;der Erleuchtete;el Iluminado;;l'Illuminato;o Iluminado;Oświetlony;Aydınlanmış;Osvícený
Overcharged_end;Overcharged_end;Overcharged_end;Overcharged_end;Overcharged_end;Overcharged_end;Overcharged_end;Overcharged_end;Overcharged_end;Overcharged_end;Overcharged_end;Overcharged_end
;;;;;;;;;;;
Leeching;Leeching;Leeching;Leeching;Leeching;Leeching;Leeching;Leeching;Leeching;Leeching;Leeching;Leeching
;Похититель;the Reaver;略奪者 ;der Plünderer;el Saqueador;;il Razziatore;o Ladrão;Rozbójnik;Yağmacı;Příživník
;Паразит;the Parasite;寄生者 ;der Parasit;el Parásito;;il Parassita;o Parasita;Pasożyt;Asalak;Parazit
Leeching_end;Leeching_end;Leeching_end;Leeching_end;Leeching_end;Leeching_end;Leeching_end;Leeching_end;Leeching_end;Leeching_end;Leeching_end;Leeching_end
;;;;;;;;;;;
Auramancer;Auramancer;Auramancer;Auramancer;Auramancer;Auramancer;Auramancer;Auramancer;Auramancer;Auramancer;Auramancer;Auramancer
;Ауромант;the Auromancer;オーラ術師 ;der Auromant;the Auromancer;;l'Auromante;o Auromante;Auromancer;Aura Büyücüsü;Auramancer
Auramancer_end;Auramancer_end;Auramancer_end;Auramancer_end;Auramancer_end;Auramancer_end;Auramancer_end;Auramancer_end;Auramancer_end;Auramancer_end;Auramancer_end;Auramancer_end
;;;;;;;;;;;
Unstable;Unstable;Unstable;Unstable;Unstable;Unstable;Unstable;Unstable;Unstable;Unstable;Unstable;Unstable
;Непредсказуемый;the Unpredictable;予測されざる者 ;der Unvorhersehbare;el Impredecible;;l'Imprevedibile;o Imprevisível;Nieprzewidywalny;Öngörülmez;Nepředvídatelný
;Внезапный;the Sudden;奇襲者 ;der Plötzliche;el Repentino;;il Repentino;o Súbito;Niespodziewany;Beklenmedik;Nerozvážný
;Неудержимый;the Rampant;蔓延りし者 ;der Zügellose;el Descontrolado;;il Rampante;o Desenfreado;Nieokiełznany;Kontrolsüz;Přebujelý
Unstable_end;Unstable_end;Unstable_end;Unstable_end;Unstable_end;Unstable_end;Unstable_end;Unstable_end;Unstable_end;Unstable_end;Unstable_end;Unstable_end
;;;;;;;;;;;
Raging;Raging;Raging;Raging;Raging;Raging;Raging;Raging;Raging;Raging;Raging;Raging
;Гневный;the Angry;憤怒の;der Wütende;el Furioso;;il Furente;o Raivoso;Zły;Asabi;Rozzlobený
;Убийца;the Slayer;殺害者 ;der Mörder;el Asesino;;l'Omicida;o Matador;Morderca;Katil;Zabiják
;Грозный;the Fearsome;恐怖なる;der Furchtbare;el Aterrador;;il Temerario;o Temível;Nieustraszony;Korkutucu;Strašlivý
;Дикий;the Wild;荒ぶる;der Wilde;el Salvaje;;il Selvaggio;o Selvagem;Dziki;Vahşi;Divoký
;Буйный;the Rowdy;乱暴者 ;der Rowdy;el Alborotador;;il Turbolento;o Turbulento;Hałaśliwy;Zorba;Hulvátský
;Неистовый;the Frantic;血迷いし;der Rasende;el Frenético;;l'Irrequieto;o Frenético;Szalony;Çılgın;Šílený
Raging_end;Raging_end;Raging_end;Raging_end;Raging_end;Raging_end;Raging_end;Raging_end;Raging_end;Raging_end;Raging_end;Raging_end
;;;;;;;;;;;
Nimble;Nimble;Nimble;Nimble;Nimble;Nimble;Nimble;Nimble;Nimble;Nimble;Nimble;Nimble
;Неуловимый;the Elusive;隠者 ;der Flüchtige;el Elusivo;;l'Elusore;o Elusivo;Unikający;Tutulmaz;Nepolapitelný
;Проворный;the Prompt;駆り立てる者 ;der Auffordernde;el Rápido;;il Rapido;o Preparado;Skłonny;Aceleci;Pohotový
;Ловкач;the Dodger;避けし者 ;der Ausweichende;el Evasivo;;il Renitente;o Esquivador;Omijający;Kaytarıcı;Úhybný
;Быстрый;the Quick;素早き;der Schnelle;el Veloz;;il Veloce;o Rápido;Szybki;Hızlı;Rychlý
;Резвый;the Frisky;陽気なる;der Verspielte;el Ágil;;il Vivace;o Brincalhão;Ruchliwy;Oyunbaz;Čilý
Nimble_end;Nimble_end;Nimble_end;Nimble_end;Nimble_end;Nimble_end;Nimble_end;Nimble_end;Nimble_end;Nimble_end;Nimble_end;Nimble_end
;;;;;;;;;;;
Exhausting;Exhausting;Exhausting;Exhausting;Exhausting;Exhausting;Exhausting;Exhausting;Exhausting;Exhausting;Exhausting;Exhausting
;Мучитель;the Tormentor;悩ませし者 ;der Peiniger;el Castigador;;il Tormentatore;o Atormentador;Dręczyciel;İşkenceci;Trýznič
;Живодёр;the Flayer;皮剥ぎ;der Schinder;el Azotador;;lo Scuoiatore;o Esfolador;Obdzierający;Deriyüzen;Stahovač
;Истязатель;the Torturer;拷問者 ;der Folterer;el Torturador;;il Torturatore;o Torturador;Torturujący;Sadist;Mučitel
;Изверг;the Fiend;悪鬼 ;der Unhold;el Desalmado;;il Fanatico;o Demônio;Diabelski;Zalim;Zloduch
;Палач;the Slaughterer;虐殺者 ;der Schlächter;el Carnicero;;il Macellaio;o Abatedor;Zabójczy;Kasap;Jatkař
Exhausting_end;Exhausting_end;Exhausting_end;Exhausting_end;Exhausting_end;Exhausting_end;Exhausting_end;Exhausting_end;Exhausting_end;Exhausting_end;Exhausting_end;Exhausting_end
;;;;;;;;;;;
Masochistic;Masochistic;Masochistic;Masochistic;Masochistic;Masochistic;Masochistic;Masochistic;Masochistic;Masochistic;Masochistic;Masochistic
;Страдающий;the Suffering;苦しむ者 ;der Leidende;el Sufrido;;il Sofferente;o Sofredor;Cierpiący;Çilekeş;Trpící
;Извращённый;the Perverted;倒錯者 ;der Pervertierte;el Pervertido;;il Pervertito;o Pervertido;Perwersyjny;Sapkın;Zvrácenec
Masochistic_end;Masochistic_end;Masochistic_end;Masochistic_end;Masochistic_end;Masochistic_end;Masochistic_end;Masochistic_end;Masochistic_end;Masochistic_end;Masochistic_end;Masochistic_end
;;;;;;;;;;;
Restorating;Restorating;Restorating;Restorating;Restorating;Restorating;Restorating;Restorating;Restorating;Restorating;Restorating;Restorating
;Целитель;the Healer;治療師 ;der Heiler;el Sanador;;il Curatore;o Curandeiro;Leczący;Şifacı;Léčitel
;Лекарь;the Witchdoctor;呪術医 ;der Hexendoktor;el Chamán;;lo Sciamano;o Pajé;Szaman;Cinci;Šaman
;Знахарь;the Medicaster;偽医者 ;der Medizinmann;el Hechicero Curativo;;il Medicatore;o Medicador;Medykomant;Üfürükçü;Bylinkář
Restorating_end;Restorating_end;Restorating_end;Restorating_end;Restorating_end;Restorating_end;Restorating_end;Restorating_end;Restorating_end;Restorating_end;Restorating_end;Restorating_end
;;;;;;;;;;;
Fiery;Fiery;Fiery;Fiery;Fiery;Fiery;Fiery;Fiery;Fiery;Fiery;Fiery;Fiery
;Огненосный;the Igniferous;炎使い;der Ignorant;el Ígneo;;l'Ignifero;o Ígneo;Ignorant;Kundakçı;Hořlavý
;Пламенеющий;the Blazing;燃え盛る;der Glühende;el Llameante;;il Rovente;o Ardente;Rozjarzony;Yakıcı;Zapálený
;Тлеющий;the Smoldering;くすぶる;der Schwelende;el Ardiente;;il Cocente;o Fumegante;Zbutwiały;Yanmış;Doutnající
;Обожжённый;the Scorched;焼き焦がし;der Verbrannte;el Carbonizado;;il Bruciato;o Chamuscado;Przypalony;Kavurucu;Spálený
;Огнетворец;the Flamebringer;炎を呼ぶ者 ;der Flammenbringer;el Flamígero;;il Portatore della Fiamma;o Portador da Chama;Sprowadzacz Ognia;Alev Getiren;Ohňozvěst
;Пепельный;the Ashen;灰なる者 ;der Aschgraue;el Abrasador;;il Cinereo;o Cremado;Spopielony;Küllü;Popelák
;Обжигающий;the Flaming;燃え立つ;der Brennende;el Hirviente;;il Fiammeggiante;o Flamejante;Płonący;Alevli;Hořící
Fiery_end;Fiery_end;Fiery_end;Fiery_end;Fiery_end;Fiery_end;Fiery_end;Fiery_end;Fiery_end;Fiery_end;Fiery_end;Fiery_end
;;;;;;;;;;;
Toxic;Toxic;Toxic;Toxic;Toxic;Toxic;Toxic;Toxic;Toxic;Toxic;Toxic;Toxic
;Отравитель;the Poisoning;毒使い;der Vergiftende;el Venenoso;;il Tossico;o Envenenador;Otruwacz;Zehirli;Travič
;Неприкасаемый;the Untouchable;不可触者 ;der Unberührbare;el Intocable;;l'Intoccabile;o Intocável;Niedotykalny;Dokunulmaz;Nedotknutelný
;Зараженный;the Infected;感染者 ;der Infizierte;el Infectado;;l'Infetto;o Infectado;Zaraziciel;Enfekte;Nakažený
;Чумотворец;the Plaguebringer;病をもたらす者 ;der Pestbringer;el Contaminador;;l'Untore;o Portador da Peste;Sprowadzacz Zarazy;Vebalı;Morozvěst
;Ядовитый;the Venomous;有毒なる;der Giftbringende;el Tóxico;;il Velenoso;o Venenoso;Truciciel;Zehir Saçan;Jedovatý
Toxic_end;Toxic_end;Toxic_end;Toxic_end;Toxic_end;Toxic_end;Toxic_end;Toxic_end;Toxic_end;Toxic_end;Toxic_end;Toxic_end
;;;;;;;;;;;
Acidic;Acidic;Acidic;Acidic;Acidic;Acidic;Acidic;Acidic;Acidic;Acidic;Acidic;Acidic
;Изъеденный;the Corroded;蝕まれし者 ;der Zerfressene;el Corroído;;il Corroso;o Corroído;Skorodowany;Aşınmış;Zkorodovaný
;Уродливый;the Wretched;悲惨なる;der Elende;el Despreciable;;il Miserabile;o Desgraçado;Żałosny;Dağılmış;Ubohý
;Безобразный;the Disfigured;醜い;der Verunstaltete;el Desfigurado;;lo Sfigurato;o Desfigurado;Przepoczwarzony;Bozulmuş;Znetvořený
Acidic_end;Acidic_end;Acidic_end;Acidic_end;Acidic_end;Acidic_end;Acidic_end;Acidic_end;Acidic_end;Acidic_end;Acidic_end;Acidic_end
;;;;;;;;;;;
;;;;;;;;;;;
Watchful;Watchful;Watchful;Watchful;Watchful;Watchful;Watchful;Watchful;Watchful;Watchful;Watchful;Watchful
;Всевидящий;the All-Seeing;全てを見る者 ;der Allsehende;el Omnisciente;;l'Onnivedente;o Vigia Absoluto;Wszechwidzący;Hep Gören;Vševědoucí
;Наблюдатель;the Beholder;観察者 ;der Beobachter;el Observador;;lo Scrutatore;o Observador;Beholder;İzleyen;Pozorovatel
;Страж;the Warden;看守 ;der Aufseher;el Guardián;;il Carceriere;o Carcereiro;Opiekun;Bekçi;Dozorce
;Недремлющий;the Unslumbering;眠らざる者 ;der Nichtschlafende;el Incansable;;il Semprevigile;o Indiferente;Nieśpiący;Uyumaz;Nespící
;Остроглазый;the Sharpsighted;監視者 ;der Scharfsichtige;el Contemplador;;il Perspicace;o Perspicaz;Ostrowidzący;Keskin Gözlü;Ostrozraký
;Проницательный;the Clairvoyant;見透す者 ;der Hellsichtige;el Clarividente;;il Chiaroveggente;o Vidente;Jasnowidzący;Kahin;Jasnovědec
Watchful_end;Watchful_end;Watchful_end;Watchful_end;Watchful_end;Watchful_end;Watchful_end;Watchful_end;Watchful_end;Watchful_end;Watchful_end;Watchful_end
;;;;;;;;;;;
;;;;;;;;;;;
boss_name_part_1;boss_name_part_1;boss_name_part_1;boss_name_part_1;boss_name_part_3;boss_name_part_1;boss_name_part_5;boss_name_part_6;boss_name_part_8;boss_name_part_7;boss_name_part_9;boss_name_part_8
;Аг;Ag;アグ;Ag;Ag;;Ag;Ag;Ag;Ag;Ag
;Аза;Aza;アザ;Aza;Aza;;Aza;Aza;Aza;Aza;Aza
;Аль;Al;アル;Al;Al;;Al;Al;Al;Al;Al
;Ар;Ar;アラ;Ar;Ar;;Ar;Ar;Ar;Ar;Ar
;Ас;As;アズ;As;As;;As;As;As;As;As
;Ва;Wa;ワ;Wa;Wa;;Wa;Wa;Wa;Wa;Wa
;Ви;Vi;ヴィ;Vi;Vi;;Vi;Vi;Vi;Vi;Vi
;Во;Wo;ウォ;Wo;Wo;;Wo;Wo;Wo;Wo;Wo
;До;Do;ド;Do;Do;;Do;Do;Do;Do;Do
;Да;Da;ダ;Da;Da;;Da;Da;Da;Da;Da
;Два;Dva;ドヴァ;Dva;Dva;;Dva;Dva;Dva;Dva;Dva
;Зак;Zak;ザク;Zak;Zak;;Zak;Zak;Zak;Zak;Zak
;Иззи;Yzzi;イジ;Yzzi;Yzzi;;Yzzi;Yzzi;Yzzi;Yzzi;Yzzi
;Йо;Jo;ヨ;Jo;Jo;;Jo;Jo;Jo;Jo;Jo
;Йорра;Jorra;ヨラ;Jorra;Jorra;;Jorra;Jorra;Jorra;Jorra;Jorra
;Ка;Ka;カ;Ka;Ka;;Ka;Ka;Ka;Ka;Ka
;Ма;Ma;マ;Ma;Ma;;Ma;Ma;Ma;Ma;Ma
;Раг;Rag;ラグ;Rag;Rag;;Rag;Rag;Rag;Rag;Rag
;Сак;Sak;サク;Sak;Sak;;Sak;Sak;Sak;Sak;Sak
;Сог;Sog;ソグ;Sog;Sog;;Sog;Sog;Sog;Sog;Sog
;Урра;Urra;ウラ;Urra;Urra;;Urra;Urra;Urra;Urra;Urra
;Э;E;エ;E;E;;E;E;E;E;E
;Эзза;Ezza;エザ;Ezza;Ezza;;Ezza;Ezza;Ezza;Ezza;Ezza
boss_name_part_1_end;boss_name_part_1_end;boss_name_part_1_end;boss_name_part_1_end;boss_name_part_1_end;boss_name_part_1_end;boss_name_part_1_end;boss_name_part_1_end;boss_name_part_1_end;boss_name_part_1_end;boss_name_part_1_end;boss_name_part_1_end
;;;;;;;;;;;
boss_name_part_2;boss_name_part_2;boss_name_part_2;boss_name_part_2;boss_name_part_2;boss_name_part_2;boss_name_part_2;boss_name_part_2;boss_name_part_2;boss_name_part_2;boss_name_part_2;boss_name_part_2
;ар;ar;アル;ar;ar;;ar;ar;ar;ar;ar
;баар;baar;バール;baar;baar;;baar;baar;baar;baar;baar
;бад;bad;バド;bad;bad;;bad;bad;bad;bad;bad
;ганар;ganar;ガナール;ganar;ganar;;ganar;ganar;ganar;ganar;ganar
;гарот;garoth;ガロス;garoth;garoth;;garoth;garoth;garoth;garoth;garoth
;гат;gath;ガス;gath;gath;;gath;gath;gath;gath;gath
;гонот;gonoth;ゴノス;gonoth;gonoth;;gonoth;gonoth;gonoth;gonoth;gonoth
;гор;goh;ゴー;goh;goh;;goh;goh;goh;goh;goh
;гур;gur;グール;gur;gur;;gur;gur;gur;gur;gur
;дос;dos;ドス;dos;dos;;dos;dos;dos;dos;dos
;дум;dum;ドゥム;dum;dum;;dum;dum;dum;dum;dum
;зан;zan;ザン;zan;zan;;zan;zan;zan;zan;zan
;дар;dar;ダール;dar;dar;;dar;dar;dar;dar;dar
;зар;zar;ザール;zar;zar;;zar;zar;zar;zar;zar
;ззун;zzun;ズン;zzun;zzun;;zzun;zzun;zzun;zzun;zzun
;зот;zot;ゾット;zot;zot;;zot;zot;zot;zot;zot
;кар;kar;カール;kar;kar;;kar;kar;kar;kar;kar
;кор;kor;コール;kor;kor;;kor;kor;kor;kor;kor
;лаак;laak;ラーク;laak;laak;;laak;laak;laak;laak;laak
;роз;roz;ロズ;roz;roz;;roz;roz;roz;roz;roz
;рот;rot;ロット;rot;rot;;rot;rot;rot;rot;rot
;тазар;tazar;タザール;tazar;tazar;;tazar;tazar;tazar;tazar;tazar
;тар;tar;タール;tar;tar;;tar;tar;tar;tar;tar
boss_name_part_2_end;boss_name_part_2_end;boss_name_part_2_end;boss_name_part_2_end;boss_name_part_2_end;boss_name_part_2_end;boss_name_part_2_end;boss_name_part_2_end;boss_name_part_2_end;boss_name_part_2_end;boss_name_part_2_end;boss_name_part_2_end
;;;;;;;;;;;
boss_name_brigand;boss_name_brigand;boss_name_brigand;boss_name_brigand;boss_name_brigand;boss_name_brigand;boss_name_brigand;boss_name_brigand;boss_name_brigand;boss_name_brigand;boss_name_brigand;boss_name_brigand
;Абер;Aber;アベル;Aber;Aber;;Aber;Aber;Aber;Aber;Aber
;Адал;Adal;アダール;Adal;Adal;;Adal;Adal;Adal;Adal;Adal
;Алан;Alan;アラン;Alan;Alan;;Alan;Alan;Alan;Alan;Alan
;Альвин;Alwyn;アルウィン;Alwyn;Alwyn;;Alwyn;Alwyn;Alwyn;Alwyn;Alwyn
;Альфред;Alfred;アルフレド;Alfred;Alfred;;Alfred;Alfred;Alfred;Alfred;Alfred
;Анзельм;Anselm;アンセルム;Anselm;Anselm;;Anselm;Anselm;Anselm;Anselm;Anselm
;Аренн;Arenn;アレン;Arenn;Arenn;;Arenn;Arenn;Arenn;Arenn;Arenn
;Арн;Arn;アルン;Arn;Arn;;Arn;Arn;Arn;Arn;Arn
;Берт;Bert;バート;Bert;Bert;;Bert;Bert;Bert;Bert;Bert
;Герлот;Gerlot;ゲルロット;Gerlot;Gerlot;;Gerlot;Gerlot;Gerlot;Gerlot;Gerlot
;Джебар;Jebar;イェバール;Jebar;Jebar;;Jebar;Jebar;Jebar;Jebar;Jebar
;Джодар;Jodar;ヨダール;Jodar;Jodar;;Jodar;Jodar;Jodar;Jodar;Jodar
;Дирк;Dirk;ディルク;Dirk;Dirk;;Dirk;Dirk;Dirk;Dirk;Dirk
;Дитрих;Dietrich;ディートリク;Dietrich;Dietrich;;Dietrich;Dietrich;Dietrich;Dietrich;Dietrich
;Иврик;Ivrick;アイヴリク;Ivrick;Ivrick;;Ivrick;Ivrick;Ivrick;Ivrick;Ivrick
;Идрих;Idrich;アイドリク;Idrich;Idrich;;Idrich;Idrich;Idrich;Idrich;Idrich
;Йорр;Yorr;ヨール;Yorr;Yorr;;Yorr;Yorr;Yorr;Yorr;Yorr
;Йотан;Jotan;ヨタン;Jotan;Jotan;;Jotan;Jotan;Jotan;Jotan;Jotan
;Йоран;Yoran;ヨラン;Yoran;Yoran;;Yoran;Yoran;Yoran;Yoran;Yoran
;Ирвен;Yrven;イルヴェン;Yrven;Yrven;;Yrven;Yrven;Yrven;Yrven;Yrven
;Кнуд;Knud;クヌート;Knud;Knud;;Knud;Knud;Knud;Knud;Knud
;Лотар;Lotar;ロタール;Lotar;Lotar;;Lotar;Lotar;Lotar;Lotar;Lotar
;Линд;Lynd;リンド;Lynd;Lynd;;Lynd;Lynd;Lynd;Lynd;Lynd
;Манн;Mann;マン;Mann;Mann;;Mann;Mann;Mann;Mann;Mann
;Овир;Ovyr;オヴィール;Ovyr;Ovyr;;Ovyr;Ovyr;Ovyr;Ovyr;Ovyr
;Ормонд;Ormond;オルモンド;Ormond;Ormond;;Ormond;Ormond;Ormond;Ormond;Ormond
;Ральд;Rald;ラルド;Rald;Rald;;Rald;Rald;Rald;Rald;Rald
;Рам;Ram;ラム;Ram;Ram;;Ram;Ram;Ram;Ram;Ram
;Рикерд;Rickerd;リッケルト;Rickerd;Rickerd;;Rickerd;Rickerd;Rickerd;Rickerd;Rickerd
;Рольд;Rold;ロルド;Rold;Rold;;Rold;Rold;Rold;Rold;Rold
;Свенн;Svenn;スヴェン;Svenn;Svenn;;Svenn;Svenn;Svenn;Svenn;Svenn
;Стон;Ston;ストン;Ston;Ston;;Ston;Ston;Ston;Ston;Ston
;Тирон;Tyron;テュロン;Tyron;Tyron;;Tyron;Tyron;Tyron;Tyron;Tyron
;Унар;Unar;ウナール;Unar;Unar;;Unar;Unar;Unar;Unar;Unar
;Фрид;Fried;フリード;Fried;Fried;;Fried;Fried;Fried;Fried;Fried
;Хейд;Hejd;ヘイド;Hejd;Hejd;;Hejd;Hejd;Hejd;Hejd;Hejd
;Хольд;Hold;ホルド;Hold;Hold;;Hold;Hold;Hold;Hold;Hold
;Эберт;Ebert;エベルト;Ebert;Ebert;;Ebert;Ebert;Ebert;Ebert;Ebert
;Эдман;Edman;エドマン;Edman;Edman;;Edman;Edman;Edman;Edman;Edman
;Эльм;Elm;エルム;Elm;Elm;;Elm;Elm;Elm;Elm;Elm
;Эрн;Ern;エルン;Ern;Ern;;Ern;Ern;Ern;Ern;Ern
;Юрг;Jurg;ユルグ;Jurg;Jurg;;Jurg;Jurg;Jurg;Jurg;Jurg
boss_name_brigand_end;boss_name_brigand_end;boss_name_brigand_end;boss_name_brigand_end;boss_name_brigand_end;boss_name_brigand_end;boss_name_brigand_end;boss_name_brigand_end;boss_name_brigand_end;boss_name_brigand_end;boss_name_brigand_end;boss_name_brigand_end
;;;;;;;;;;;
;;;;;;;;;;;
Title_end;Title_end;Title_end;Title_end;Title_end;Title_end;Title_end;Title_end;Title_end;Title_end;Title_end;Title_end