prefixes;types;Русский;English;中文;Deutsch;Español;Français;Italiano;Português;Polski;Türkçe;Čeština
Possessed;all;Одержимый;Possessed;悪霊;Possessed;Possessed;Possessed;Possessed;Possuído;Possessed;Delirmiş;Possessed
Powerful;Melee;Могучий;Powerful;強者;Powerful;Powerful;Powerful;Powerful;Poderoso;Powerful;Güçlü;Powerful
Vindictive;all;Мстительный;Vindictive;報復者;Vindictive;Vindictive;Vindictive;Vindictive;Vingativo;Vindictive;Kindar;Vindictive
Persistent;all;Живучий;Persistent;不屈;Persistent;Persistent;Persistent;Persistent;Persistente;Persistent;İnatçı;Persistent
Trapmaker;Melee, Ranged;Ловчий;Trapmaker;罠師;Trapmaker;Trapmaker;Trapmaker;Trapmaker;Armadilheiro;Trapmaker;Tuzakçı;Trapmaker
Resistant;all;Стойкий;Resistant;抵抗者;Resistant;Resistant;Resistant;Resistant;Resistente;Resistant;Dirençli;Resistant
Summoner;noone;Призыватель;Summoner;召喚師;Summoner;Summoner;Summoner;Summoner;Evocador;Summoner;Diriltici;Summoner
Fatebinded;noone;Связанный;Fatebinded;呪縛;Fatebinded;Fatebinded;Fatebinded;Fatebinded;Destinado;Fatebinded;Bağlı;Fatebinded
Berserking;Melee;Берсерк;Berserking;狂暴;Berserking;Berserking;Berserking;Berserking;Frenético;Berserking;Çıldırmış;Berserking
Immortal;all;Бессмертный;Immortal;不死者;Immortal;Immortal;Immortal;Immortal;Imortal;Immortal;Ölümsüz;Immortal
Illusionist;noone;Иллюзионист;Illusionist;奇術師;Illusionist;Illusionist;Illusionist;Illusionist;Ilusionista;Illusionist;İllüzyonist;Illusionist
Overcharged;Mage;Переполненный маной;Overcharged;過充電;Overcharged;Overcharged;Overcharged;Overcharged;Sobrecarregado;Overcharged;Aşırı Yüklenmiş;Overcharged
Leeching;all;Вытягивающий силы;Leeching;搾取;Leeching;Leeching;Leeching;Leeching;Sanguessuga;Leeching;Asalak;Leeching
Auramancer;noone;Ауромант;Auramancer;オーラ術師;Auramancer;Auramancer;Auramancer;Auramancer;Auramante;Auramancer;Aura Büyücüsü;Auramancer
Unstable;Mage;Нестабильный;Unstable;不安定;Unstable;Unstable;Unstable;Unstable;Instável;Unstable;Dengesiz;Unstable
Raging;Melee;Яростный;Raging;激怒;Raging;Raging;Raging;Raging;Furioso;Raging;Öfkeli;Raging
Nimble;all;Стремительный;Nimble;機敏;Nimble;Nimble;Nimble;Nimble;Ligeiro;Nimble;Çevik;Nimble
Exhausting;all;Изнуряющий;Exhausting;消耗;Exhausting;Exhausting;Exhausting;Exhausting;Exaustivo;Exhausting;Yorucu;Exhausting
Masochistic;all;Мазохист;Masochistic;自虐的;Masochistic;Masochistic;Masochistic;Masochistic;Masoquista;Masochistic;Mazoşist;Masochistic
Restorating;all;Регенерирующий;Restorating;治療師;Restorating;Restorating;Restorating;Restorating;Restaurador;Restorating;Yenilenen;Restorating
Fiery;noone;Пылающий;Fiery;火炎;Fiery;Fiery;Fiery;Fiery;Ardente;Fiery;Alevli;Fiery
Toxic;noone;Ядовитый;Toxic;毒;Toxic;Toxic;Toxic;Toxic;Tóxico;Toxic;Toksik;Toxic
Acidic;noone;Кислотный;Acidic;酸;Acidic;Acidic;Acidic;Acidic;Ácido;Acidic;Asidik;Acidic
Watchful;Ranged;Зоркий;Watchful;見張り;Watchful;Watchful;Watchful;Watchful;Vigilante;Watchful;Uyanık;Watchful