Номера по спискам;Русский;English;中文;Deutsch;Español;Français;Italiano;Português;Polski;Türkçe;Čeština
специальные теги, не удалять, не изменять, при добавлении переносить вниз;buff_name;buff_name;buff_name;buff_name;buff_name;buff_name;buff_name;buff_name;buff_name;buff_name;buff_name
1;Кислотная ванна;Acid Bath;酸浴;Säurebad;Baño de ácido;;Pioggia Acida;Banho Ácido;Kwasowa Kąpiel;Asit Banyosu;Kyselinová koupel
2;Агония;Agony;苦悶;Agonie;Agonía;;Agonia;Agonia;Agonia;Agoni;Agónie
3;Приход;Bad Trip;バッドトリップ;Horrortrip;Vértigo;;Bad Trip;Viagem Ruim;Urwany Film;Ölüm Tribi;Úlet
4;Кровотечение;Bleeding;出血;Bluten;Hemorragia;;Sanguinamento;Sangramento;Krwawienie;Kanama;Krvácení
5;Слепота;Blind;盲目;Blindheit;Ceguera;;Cecità;Cegueira;Ślepota;Körlük;Slepota
6;Крепость;Sturdy;頑健;Robust;Robustez;;Robustezza;Robustez;Krzepkość;Sağlam;Statnost
7;Неуклюжесть;Clumsy;不器用;Ungeschickt;Torpeza;;Goffaggine;Imperícia;Niezdarność;Sakar;Malátnost
8;Замешательство;Confusion;混乱;Verwirrung;Confusión;;Confusione;Confusão;Dezorientacja;Kafa Karışıklığı;Zmatenost
9;Боевой раж;Battle Rage;激昂;Kampfeswut;Furia de batalla;;Furia Battagliera;Fúria de Batalha;Szał Bitewny;Savaş Öfkesi;Válečná zuřivost
10;Обезвоживание;Dehydration;脱水症状;Dehydriert;Deshidratación;;Disidratazione;Desidratação;Odwodnienie;Dehidrasyon;Dehydratace
11;Промокание;Wet;ずぶ濡れ;Nass;Humedad;;Fradiciume;Molhado;Wilgoć;Islak;Promočení
12;Опьянение;Drunk;酩酊;Betrunken;Borrachera;;Ubriachezza;Embriaguez;Pijaństwo;Sarhoş;Opilost
13;Неуловимость;Elusive;隠密;Flüchtig;Evasión;;Elusività;Elusivo;Nieuchwytność;Yakalanmaz;Nepolapitelnost
14;Разъяренность;Furious;激怒;Raserei;Ira;;Furia;Fúria;Furia;Öfkeli;Rozzuřenost
15;Потрясающая точность;Exceptional Precision;卓越した精度;Außergewöhnliche Präzision;Precisión excepcional;;Precisione Eccezionale;Precisão Excepcional;Niesamowita Precyzja;Mükemmel İsabet;Výjimečná přesnost
16;Мучительный голод;Terrible Hunger;極度の飢え;Schrecklicher Hunger;Hambre terrible;;Fame Terribile;Fome Terrível;Wielki Głód;Şiddetli Açlık;Ukrutný hlad
17;Хрупкость;Frail;虚弱;Gebrechlich;Frágil;;Fragilità;Fragilidade;Wątłość;Kırılganlık;Křehkost
18;Бодрость;Vigorous;清涼感;Kraftvoll;Vigor;;Vigore;Vigor;Energiczność;Dinç;Vitálnost
19;Оледенение;Frozen;凍結;Gefroren;Congelamiento;;Congelamento;Congelamento;Zamrożenie;Donmuş;Zmrazení
20;Голод;Hunger;飢え;Hunger;Hambre;;Fame;Fome;Głod;Açlık;Hlad
21;Боль;Pain;苦痛;Schmerz;Dolor;;Dolore;Dor;Ból;Ağrı;Bolest
22;Сильная боль;Strong Pain;激痛;Starker Schmerz;Dolor agudo;;Forte Dolore;Dor Forte;Mocny Ból;Şiddetli Ağrı;Silná bolest
23;Тошнота;Nausea;嘔吐;Übelkeit;Náuseas;;Nausea;Náusea;Wymioty;Bulantı;Nevolnost
24;Поимка в сеть;Netted;ネット;Eingefangen;Enraizamiento;;Costrizione;Imobilidade;W Sieci;Ağa Yakalanmış;Lapen v sítí
25;Горение;Burning;炎上;Brennend;En llamas;;In Fiamme;Queimando;Podpalenie;Yanmış;Hoření
26;Жертвенная кровь;Sacrificial Blood;血の犠牲;Opferblut;Sangre para sacrificio;;Sangue Sacrificale;Sangue Sacrificial;Poświęcona Krew;Kurban Kanı;Obětní krev
27;Сытость;Satiety;満腹感;Sättigung;Saciedad;;Sazietà;Saciedade;Najedzenie;Tokluk;Nasycenost
28;Легкий голод;Light Hunger;軽度の飢え;Leichter Hunger;Hambre leve;;Fame Leggera;Fome Leve;Mały Głód;Hafif Açlık;Malý hlad
29;Окаменение;Petrification;石化;Versteinerung;Petrificación;;Pietrificazione;Petrificação;Petryfikacja;Taşlaşma;Zkamenění
30;Отравление;Poisoning;毒;Vergiftung;Envenenamiento;;Avvelenamento;Envenenamento;Zatrucie;Zehirlenme;Otrava
31;Одержимость;Possession;憑依;Besessen;Posesión;;Possessione;Possessão;Przechwycenie;Cinnet;Posedlost
32;Ускоренная регенерация;Rapid Restoration;迅速な回復;Schnelle Regeneration;Regeneración rápida;;Rigenerazione Rapida;Regeneração Rápida;Szybka Regeneracja;Hızlı Yenilenme;Rychlé doplnění
33;Болевой шок;Pain Shock;激痛性ショック;Schmerzschock;Dolor traumático;;Shock da Dolore;Dor Insuportável;Szok Bólowy;Ağrı Şoku;Šok z bolesti
34;Сон;Sleep;睡眠;Schlaf;Sueño;;Sonno;Sono;Sen;Uyku;Spánek
35;Голодная смерть;Starvation;飢餓;Verhungernd;Inanición;;Inedia;Fome;Głodówka;Açlıktan Ölme;Hladovění
36;Каменная кожа;Stone Skin;石肌;Steinhaut;Piel de piedra;;Pelle di Pietra;Pele de Pedra;Kamienna Skóra;Taş Deri;Kamenná kůže
37;Оглушение;Stun;スタン;Betäubung;Aturdimiento;;Stordimento;Atordoamento;Ogłuszenie;Sersemleme;Omráčení
38;Жажда;Thirst;喉の渇き;Durst;Sed;;Sete;Sede;Pragnienie;Susama;Žízeň
39;Нестабильность;Instability;不安定;Instabilität;Inestabilidad;;Instabilità;Instabilidade;Niestabilność;Kararsız;Nestabilita
40;Ослабление;Weakness;弱体化;Geschwächt;Debilidad;;Debolezza;Fraqueza;Słabość;Halsizlik;Oslabenost
41;Восприимчивость;Receptive;早わかり;Empfänglich;Recepción;;Ricettività;Receptivo;Podatność;Çabuk Kavrama;Citlivost
42;//Золотое касание//;//Golden Touch//;//ゴールデン・タッチ//;//Golden Touch//;//Toque dorado//;;//Tocco d'Oro//;//Toque de Ouro//;//Złoty Dotyk//;//Altın Dokunuş//;//Zlatý dotek//
43;Истинное виденье;True Sight;真の視界;Wahre Sicht;Visión verdadera;;Vera Vista;Visão Verdadeira;Prawdziwy Wzrok;Duru Görü;Pravý pohled
44;Похищение жизни;Life Drain;体力吸収;Lebensentzug;Robo de vida;;Prosciugamento Vitale;Roubo de Vida;Wykradanie Zdrowia;Can Çalma;Sání života
45;Похищение энергии;Energy Drain;エネルギー吸収;Energieentzug;Robo de energía;;Prosciugamento Energetico;Roubo de Energia;Wykradanie Energii;Enerji Çalma;Sání energie
46;//Сломанная броня//;//Broken Armor//;//アーマーブレイク//;//Broken Armor//;//Armadura rota//;;//Armatura Rotta//;//Armadura Quebrada//;//Złamany Pancerz//;//Kırık Zırh//;//Rozbitá zbroj//
47;Ясное зрение;Clear Vision;明瞭な視界;Klare Sicht;Visión clara;;Visione Nitida;Visão Nítida;Czysta Wizja;Net Görü;Jasná vize
48;Легкая жажда;Light Dehydration;軽度の脱水症状;Leichte Dehydrierung;Deshidratación leve;;Disidratazione Leggera;Desidratação Leve;Lekkie Odwodnienie;Hafif Dehidrasyon;Lehká dehydratace
49;Жажда;Dehydration;脱水症状;Dehydrierung;Deshidratación;;Disidratazione;Desidratação;Odwodnienie;Dehidrasyon;Dehydratace
50;Страшная жажда;Deadly Dehydration;致命的な脱水症状;Tödliche Dehydrierung;Deshidratación mortal;;Disidratazione Mortale;Desidratação Mortal;Śmiertelne Odwodnienie;Ölümcül Dehidrasyon;Smrtící dehydratace
51;Легкая травма руки;Mild Hand Injury;軽度の手の負傷;Leichte Handverletzung;Herida leve en la mano;;Ferita Lieve - Mano;Ferimento Moderado na Mão;Lekka Rana Ręki;Hafif El Yaralanması;Lehké poranění ruky
52;Травма руки;Hand Injury;手の負傷;Handverletzung;Herida en la mano;;Ferita - Mano;Ferimento na Mão;Rana Ręki;El Yaralanması;Poranění ruky
53;Тяжелая травма руки;Severe Hand Injury;重度の手の負傷;Schwere Handverletzung;Herida grave en la mano;;Ferita Grave - Mano;Ferimento Severo na Mão;Poważna Rana Ręki;Ağır El Yaralanması;Těžké poranění ruky
54;Легкая травма ноги;Mild Leg Injury;軽度の脚の負傷;Leichte Beinverletzung;Herida leve en la pierna;;Ferita Lieve - Gamba;Ferimento Moderado na Perna;Lekka Rana Nogi;Hafif Bacak Yaralanması;Lehké poranění nohy
55;Травма ноги;Leg Injury;脚の負傷;Beinverletzung;Herida en la pierna;;Ferita - Gamba;Ferimento na Perna;Rana Nogi;Bacak Yaralanması;Poranění nohy
56;Тяжелая травма ноги;Severe Leg Injury;重度の脚の負傷;Schwere Beinverletzung;Herida grave en la pierna;;Ferita Grave - Gamba;Ferimento Severo na Perna;Poważna Rana Nogi;Ağır Bacak Yaralanması;Těžké poranění nohy
57;Легкая травма головы;Mild Head Injury;軽度の頭部の負傷;Leichte Kopfverletzung;Herida leve en la cabeza;;Ferita Lieve - Testa;Ferimento Moderado na Cabeça;Lekka Rana Głowy;Hafif Baş Yaralanması;Lehké poranění hlavy
58;Травма головы;Head Injury;頭部の負傷;Kopfverletzung;Herida en la cabeza;;Ferita - Testa;Ferimento na Cabeça;Rana Głowy;Baş Yaralanması;Poranění hlavy
59;Тяжелая травма головы;Severe Head Injury;重度の頭部の負傷;Schwere Kopfverletzung;Herida grave en la cabeza;;Ferita Grave - Testa;Ferimento Severo na Cabeça;Ciężka Rana Głowy;Ağır Baş Yaralanması;Těžké poranění hlavy
60;Легкая травма торса;Mild Torso Injury;軽度の胴体の負傷;Leichte Rumpfverletzung;Herida leve en el torso;;Ferita Lieve - Torso;Ferimento Moderado no Torso;Lekka Rana Tułowia;Hafif Gövde Yaralanması;Lehké poranění trupu
61;Травма торса;Torso Injury;胴体の負傷;Rumpfverletzung;Herida en el torso;;Ferita - Torso;Ferimento no Torso;Rana Tułowia;Gövde Yaralanması;Poranění trupu
62;Тяжелая травма торса;Severe Torso Injury;重度の胴体の負傷;Schwere Rumpfverletzung;Herida grave en el torso;;Ferita Grave - Torso;Ferimento Severo no Torso;Poważna Rana Tułowia;Ağır Gövde Yaralanması;Těžké poranění trupu
63;Легкая интоксикация;Light Intoxication;軽度の中毒;Leichte Vergiftung;Intoxicación leve;;Intossicazione Lieve;Intoxicação Leve;Lekkie Zatrucie;Hafif İntoksikasyon;Lehká intoxikace
64;Интоксикация;Intoxication;中毒;Vergiftung;Intoxicación;;Intossicazione;Intoxicação;Zatrucie;İntoksikasyon;Intoxikace
65;Тяжелая интоксикация;Severe Intoxication;重度の中毒;Schwere Vergiftung;Intoxicación grave;;Intossicazione Grave;Intoxicação Severa;Poważne Zatrucie;Yoğun İntoksikasyon;Vážná intoxikace
66;Смертельная интоксикация;Fatal Intoxication;致命的な中毒;Tödliche Vergiftung;Intoxicación fatal;;Intossicazione Fatale;Intoxicação Fatal;Śmiertelne Zatrucie;Ölümcül İntoksikasyon;Fatální intoxikace
67;Вопреки всему;Against The Odds;//予想外//;Gegen alle Widrigkeiten;Contra todo pronóstico;;Contro Ogni Previsione;//Contra as Chances//;Wbrew Przeciwnościom;Her Şeye Rağmen;Navzdory všemu
68;//Удар милосердия//;//Coup De Grace//;//クー・デ・グラース//;//Coup De Grace//;//Coup De Grace//;;//Coup De Grace//;//Golpe de Misericórdia//;//Coup De Grace//;//Öldürücü Darbe//;//Rána z milosti//
69;//Тантрум//;//Tantrum//;//逆上//;//Tantrum//;//Tantrum//;;//Scatto d'Ira//;//Surto de Fúria//;//Tantrum//;//Sinir Krizi//;//Tantrum//
70;Лечение пиявками;Leech Therapy;ヒル治療;Blutegeltherapie;Hirudoterapia;;Salassoterapia;Terapia Sanguessuga;Terapia Pijawkami;Sülük Terapisi;Terapie pijavicemi
71;Обездвиженность;Immobilization;硬直;Immobilisierung;Inmovilización;;Immobilità;Imobilização;Unieruchomienie;Hareketsizleşme;Znehybnění
72;Кома;Coma;昏睡;Koma;Coma;;Coma;Coma;Śpiączka;Koma;Kóma
73;Проклятие;Cursed;呪い;Verflucht;Maldición;;Maledizione;Amaldiçoado;Klątwa;Lanetli;Prokletí
74;Легкая травма руки (стабил.);Mild Hand Injury (Stabilized);軽度の手の負傷（安定化）;Leichte Handverletzung (stabilisert);Herida leve en la mano (estabilizada);;Ferita Lieve - Mano (Stabile);Ferimento Moderado na Mão (Estabilizado);Lekka Rana Ręki (Ustabilizowana);Hafif El Yaralanması (Stabilize);Lehké poranění ruky (stabilizované)
75;Травма руки (стабил.);Hand Injury (Stabilized);手の負傷（安定化）;Handverletzung (stabilisert);Herida en la mano (estabilizada);;Ferita - Mano (Stabile);Ferimento na Mão (Estabilizado);Rana Ręki (Ustabilizowana);El Yaralanması (Stabilize);Poranění ruky (stabilizované)
76;Тяжелая травма руки (стабил.);Severe Hand Injury (Stabilized);重度の手の負傷（安定化）;Schwere Handverletzung (stabilisert);Herida grave en la mano (estabilizada);;Ferita Grave - Mano (Stabile);Ferimento Severo na Mão (Estabilizado);Poważna Rana Ręki (Ustabilizowana);Ağır El Yaralanması (Stabilize);Těžké poranění ruky (stabilizované)
77;Легкая травма ноги (стабил.);Mild Leg Injury (Stabilized);軽度の脚の負傷（安定化）;Leichte Beinverletzung (stabilisert);Herida leve en la pierna (estabilizada);;Ferita Lieve - Gamba (Stabile);Ferimento Moderado na Perna (Estabilizado);Lekka Rana Nogi (Ustabilizowana);Hafif Bacak Yaralanması (Stabilize);Lehké poranění nohy (stabilizované)
78;Травма ноги (стабил.);Leg Injury (Stabilized);脚の負傷（安定化）;Beinverletzung (stabilisert);Herida en la pierna (estabilizada);;Ferita - Gamba (Stabile);Ferimento na Perna (Estabilizado);Rana Nogi (Ustabilizowana);Bacak Yaralanması (Stabilize);Poranění nohy (stabilizované)
79;Тяжелая травма ноги (стабил.);Severe Leg Injury (Stabilized);重度の脚の負傷（安定化）;Schwere Beinverletzung (stabilisert);Herida grave en la pierna (estabilizada);;Ferita Grave - Gamba (Stabile);Ferimento Severo na Perna (Estabilizado);Poważna Rana Nogi (Ustabilizowana);Ağır Bacak Yaralanması (Stabilize);Těžké poranění nohy (stabilizované)
80;Легкая травма головы (стабил.);Mild Head Injury (Stabilized);軽度の頭部の負傷（安定化）;Leichter Kopfverletzung (stabilisert);Herida leve en la cabeza (estabilizada);;Ferita Lieve - Testa (Stabile);Ferimento Moderado na Cabeça (Estabilizado);Lekka Rana Głowy (Ustabilizowana);Hafif Baş Yaralanması (Stabilize);Lehké poranění hlavy (stabilizované)
81;Травма головы (стабил.);Head Injury (Stabilized);頭部の負傷（安定化）;Kopfverletzung (stabilisert);Herida en la cabeza (estabilizada);;Ferita - Testa (Stabile);Ferimento na Cabeça (Estabilizado);Rana Głowy (Ustabilizowana);Baş Yaralanması (Stabilize);Poranění hlavy (stabilizované)
82;Тяжелая травма головы (стабил.);Severe Head Injury (Stabilized);重度の頭部の負傷（安定化）;Schwere Kopfverletzung (stabilisert);Herida grave en la cabeza (estabilizada);;Ferita Grave - Testa (Stabile);Ferimento Severo na Cabeça (Estabilizado);Poważna Rana Głowy (Ustabilizowana);Ağır Baş Yaralanması (Stabilize);Těžké poranění hlavy (stabilizované)
83;Легкая травма торса (стабил.);Mild Torso Injury (Stabilized);軽度の胴体の負傷（安定化）;Leichte Rumpfverletzung (stabilisert);Herida leve en el torso (estabilizada);;Ferita Lieve - Torso (Stabile);Ferimento Moderado no Torso (Estabilizado);Lekka Rana Tułowia (Ustabilizowana);Hafif Gövde Yaralanması (Stabilize);Lehké poranění trupu (stabilizované)
84;Травма торса (стабил.);Torso Injury (Stabilized);胴体の負傷（安定化）;Rumpfverletzung (stabilisert);Herida en el torso (estabilizada);;Ferita - Torso (Stabile);Ferimento no Torso (Estabilizado);Rana Tułowia (Ustabilizowana);Gövde Yaralanması (Stabilize);Poranění trupu (stabilizované)
85;Тяжелая травма торса (стабил.);Severe Torso Injury (Stabilized);重度の胴体の負傷（安定化）;Schwere Rumpfverletzung (stabilisert);Herida grave en el torso (estabilizada);;Ferita Grave - Torso (Stabile);Ferimento Severo no Torso (Estabilizado);Poważna Rana Tułowia (Ustabilizowana);Ağır Gövde Yaralanması (Stabilize);Těžké poranění trupu (stabilizované)
86;Щит поднят;Shield Raised;レイズ・シールド;Erhobener Schild;Resguardo;;Scudo Alzato;Escudo Erguido;Podniesiona Tarcza;Kalkanı Kaldır;Zvednutý štít
87;Чары молний;Lightning Enchantment;雷のエンチャント;Blitzverzauberung;Encantamiento de rayos;;Incantamento Fulmineo;Encantamento de Relâmpago;Zaklęcie Piorunujące;Yıldırım Efsunu;Bleskové očarování
88;Метка пиршества;Mark of the Feast;饗宴の印;Zeichen das Festmahls;Marca del festín;;Marchio del Banchetto;Marca do Banquete;Piętno Uczty;Ziyafet İşareti;Znamení hostiny
89;Молниеносные рефлексы;Lightning Reflexes;雷の反射;Blitzschnelle Reflexe;Reflejos relámpagos;;Riflessi Fulminei;Reflexos Relâmpagos;Piorunujący Refleks;Yıldırım Refleksler;Bleskové reflexy
90;Алый штандарт;Crimson Banner;クリムゾン・バナー;Karmesinrotes Banner;Estandarte carmesí;;Stendardo Scarlatto;Estandarte Rubro;Karmazynowy Baner;Kızıl Sancak;Šarlatová zástava
91;Кровавая клятва;Blood Vow;血の誓約;Blutschwur;Juramento de sangre;;Voto del Sangue;Voto de Sangue;Krwawa Przysięga;Kan Yemini;Krvavá přísaha
92;Нечестивое благословение;Unholy Blessing;不浄なる祝福;Unheiliger Segen;Bendición profana;;Empia Benedizione;Benção Profana;Przeklęte Błogosławieństwo;Melun Kutsama;Bezbožné požehnání
93;Стойка фехтовальщика;Fencer's Stance;剣士の構え;Fechterhaltung;Postura de duelista;;Posa dello Schermagliatore;Postura de Esgrima;Postawa Szermierza;Eskrimci Duruşu;Šermířův postoj
94;Каменная броня;Stone Armor;石の鎧;Steinrüstung;Armadura de piedra;;Armatura di Pietra;Armadura de Pedra;Kamienny Pancerz;Taş Zırhı;Kamenná zbroj
95;Руническое усиление;Runic Empowerment;ルーンの力;Runische Verstärkung;Empoderamiento rúnico;;Potenziamento Runico;Fortalecimento Rúnico;Runiczne Wzmocnienie;Runik Güçlendirme;Runové posílení
96;Ошеломление;Daze;眩惑;Benommenheit;Atontar;;Spiazzamento;Confusão;Oszołomienie;Afallama;Ochromení
97;Защитная стойка;Defensive Stance;防御の構え;Defensivhaltung;Postura defensiva;;Posizione Difensiva;Postura Defensiva;Pozycja Obronna;Defansif Duruş;Obranný postoj
98;Резня;Massacre;皆殺し;Massaker;Masacre;;Massacro;Massacre;Masakra;Katliam;Masakr
99;Молот и наковальня;Hammer & Anvil;槌と金床;Hammer & Amboss;Contrapeso;;Incudine e Martello;Martelo E Bigorna;Młot i Kowadło;Örs ve Çekiç;Kladivo a kovadlina
100;Пиршество стали;Feast of Steel;鉄の饗宴;Festmahl des Stahls;Deleite de acero;;Furia d'Acciaio;Banquete de Aço;Uczta Stali;Çelik Şöleni;Požitek oceli
101;Парирование;Parry;パリイ;Parieren;Parada;;Parata;Defletir;Parowanie;Siper;Parry
102;Легкая травма лап;Mild Paw Injury;軽度の足の負傷;Leichte Pfotenverletzung;Herida leve en la pata;;Ferita Lieve - Zampa;Ferimento Moderado na Pata;Lekka Rana Łapy;Hafif Pati Yaralanması;Lehké poranění tlapy
103;Травма лапы;Paw Injury;足の負傷;Pfotenverletzung;Herida en la pata;;Ferita - Zampa;Ferimento na Pata;Rana Łapy;Pati Yaralanması;Poranění tlapy
104;Тяжелая травма лапы;Severe Paw Injury;重度の足の負傷;Schwere Pfotenverletzung;Herida grave en la pata;;Ferita Grave - Zampa;Ferimento Severo na Pata;Poważna Rana Łapy;Ağır Pati Yaralanması;Těžké poranění tlapy
105;Легкая травма лапы (стабил.);Mild Paw Injury (Stabilized);軽度の足の負傷（安定化）;Leichte Pfotenverletzung (stabilisiert);Herida leve en la pata (estabilizada);;Ferita Lieve - Zampa (Stabile);Ferimento Moderado na Pata (Estabilizado);Lekka Rana Łapy (Ustabilizowana);Hafif Pati Yaralanması (Stabilize);Lehké poranění tlapy (stabilizované)
106;Травма лапы (стабил.);Paw Injury (Stabilized);足の負傷（安定化）;Pfotenverletzung (stabilisiert);Herida en la pata (estabilizada);;Ferita - Zampa (Stabile);Ferimento na Pata (Estabilizado);Rana Łapy (Ustabilizowana);Pati Yaralanması (Stabilize);Poranění tlapy (stabilizované)
107;Тяжелая травма лапы (стабил.);Severe Paw Injury (Stabilized);重度の足の負傷（安定化）;Schwere Pfotenverletzung (stabilisiert);Herida grave en la pata (estabilizada);;Ferita Grave - Zampa (Stabile);Ferimento Severo na Pata (Estabilizado);Poważna Rana Łapy (Ustabilizowana);Ağır Pati Yaralanması (Stabilize);Těžké poranění tlapy (stabilizované)
108;Стойка непоколебимости;Unwavering Stance;不動の構え;Unbeugsame Haltung;Postura inquebrantable;;Posa Incrollabile;Postura Inabalável;Niezachwiana Postawa;Sarsılmaz Duruş;Neochvějný postoj
109;Прицеливание;Taking Aim;照準;Anvisieren;Apuntar;;Prendere la Mira;Mirar;Obieranie Celu;Hedef Alma;Zamíření
110;Подавление;Suppression;制圧射撃;Unterdrückung;Supresión;;Soppressione;Supressão;Stłumienie;Baskılama;Krycí střelba
111;Болезненные удары;Painful Stabs;ペインフル・スタブ;Schmerzhafte Stiche;Puñaladas lacerantes;;Pugnalate Dolorose;Punhaladas Dolorosas;Bolesne Dźgnięcia;Acıtan Bıçaklama;Bolestivá bodnutí
112;Метка охотника;Hunter's Mark;狩人の標的;Zeichen des Jägers;Marca de la caza;;Marchio del Cacciatore;Marca do Caçador;Piętno Łowcy;Avcı İşareti;Značka lovce
113;Зияющая рана;Gaping Wound;裂傷;Klaffende Wunde;Herida abierta;;Ferita Aperta;Ferimento Aberto;Otwarta Rana;Açık Yara;Otevřené rány
114;Вампирическая кровь;Vampiric Blood;吸血鬼の血;Vampirblut;Sangre vampírica;;Sangue Vampirico;Sangue Vampírico;Wampirza Krew;Vampir Kanı;Upíří krev
115;Кровавое безумие;Blood Craze;血液の注入;Blutrausch;Locura sanguinaria;;Mania Sanguinaria;Sede de Sangue;Krwawy Szał;Kan Çılgınlığı;Krvavé šílenství
116;Добровольная жертва;Willing Sacrifice;自発的な犠牲;Opferbereitschaft;Sacrificio a voluntad;;Sacrificio Volontario;Sacrifício Voluntário;Umyślne Poświęcenie;Gönüllü Kurban;Dobrovolná oběť
117;Перехваченная инициатива;Seized Initiative;主導権;Ergriffene Initiative;Iniciativa tomada;N/A;Presa di Iniziativa;Iniciativa Impedida;Korzystanie z Inicjatywy;Önceliği Kazanma;Chopení se iniciativy
118;Утрата инициативы;Initiative Loss;主導権を失った;Verlorene Initiative;Pérdida de iniciativa;N/A;Perdita di Iniziativa;Perda de Iniciativa;Utrata Inicjatywy;Önceliği Kaybetme;Ztráta iniciativy
119;Оборонительная тактика;Defensive Tactic;防御戦術;Defensive Taktik;Táctica defensiva;N/A;Tattica Difensiva;Tática Defensiva;Taktyka Defensywna;Defansif Taktik;Obranná taktika
120;Наступательная тактика;Offensive Tactic;攻撃戦術;Offensive Taktik;Táctica ofensiva;N/A;Tattica Offensiva;Tática Ofensiva;Taktyka Ofensywna;Ofansif Taktik;Útočná taktika
121;Жажда битвы;Thirst for Battle;戦いへの渇望;Kampfesdurst;Sed de batalla;N/A;Sete di Battaglia;Sede de Batalha;Głód Bitwy;Savaşa Susamış;Hlad po bitvě
122;Прилив адреналина;Adrenaline Rush;興奮;Adrenalinrausch;Subidón de adrenalina;N/A;Scarica di Adrenalina;Surto de Adrenalina;Napływ Adrenaliny;Adrenalin Patlaması;Nával adrenalinu
123;Благословение;Blessing;祝福;Segen;Bendición;N/A;Benedizione;Bênção;Błogosławieństwo;Kutsama;Požehnání
124;Троллиная регенерация;Troll Regeneration;トロールの再生;Troll-Regeneration;Regeneración de trol;;Rigenerazione del Troll;Regeneração de Troll;Regeneracja Trolli;Trol Yenilenmesi;
;buff_name_end;buff_name_end;buff_name_end;buff_name_end;buff_name_end;buff_name_end;buff_name_end;buff_name_end;buff_name_end;buff_name_end;buff_name_end
;;;;;;;;;;;
;buff_type;buff_type;buff_type;buff_type;buff_type;buff_type;buff_type;buff_type;buff_type;buff_type;buff_type
1;Физический;Physical;物理;Physisch;Físico;;Condizione Fisica;Físico;Fizyczne;Fiziksel;Fyzické
2;Магический;Magical;魔術;Magisch;Mágico;;Condizione Magica;Mágico;Magiczne;Büyüsel;Magické
3;Ментальный;Mental;精神;Mental;Mental;;Condizione Mentale;Mental;Mentalne;Mental;Psychické
4;Состояние;Condition;体調;Zustand;Dolencia;;Disturbo;Condição;Kondycja;Kondisyon;Stav
5;Ранение;Wound;負傷;Wunde;Lesión;;Ferita;Ferimento;Rana;Yaralanma;Zranění
;buff_type_end;buff_type_end;buff_type_end;buff_type_end;buff_type_end;buff_type_end;buff_type_end;buff_type_end;buff_type_end;buff_type_end;buff_type_end
;;;;;;;;;;;
;buff_desc;buff_desc;buff_desc;buff_desc;buff_desc;buff_desc;buff_desc;buff_desc;buff_desc;buff_desc;buff_desc
1;None;None;None;None;None;;None;None;None;None;None
2;~r~Ноги заплетаются~/~: шанс походить на случайную клетку при перемещении.#~r~Смерть близка~/~: каждые несколько ходов максимальное здоровье персонажа понижается.;~r~Stumbling~/~: a chance to walk to a random tile when moving.#~r~Near Death~/~: every few turns the character's Max Health is being reduced.;~r~よろめき~/~：移動時にランダムなタイルに進む可能性がある#~r~死の淵~/~：数ターンごとにキャラクターの最大体力が減少する;~r~Stolpern~/~: Chance, zu einem zufälligen Feld zu gehen, wenn man sich bewegt.#~r~Dem Tod nahe~/~: alle paar Runden wird die maximale Gesundheit des Charakters reduziert.;~r~Tropiezo~/~: probabilidad de caminar a una casilla aleatoria al moverte.#~r~A punto de morir~/~: la vida máxima del personaje se reduce cada cierta cantidad de turnos.;;~r~Incespicamento~/~: possibilità di muoversi in una direzione diversa da quella scelta.#~r~Morente~/~: la Salute Massima del personaggio cala ogni pochi turni.;~r~Tropeçar~/~: chance de andar para um espaço aleatório ao se mover.#~r~Moribundo~/~: depois de alguns turnos a Vida Máx. do personagem é reduzida.;~r~Potknięcie~/~: szansa na wejście na losowe pole w trakcie poruszania się.#~r~Blisko Śmierci~/~: w każdej turze Maksymalne Zdrowie postaci zostaje zmniejszone.;~r~Sendeleme~/~: hareket ederken, rastgele bir karo ilerleme şansı.#~r~Ölüme Yakın~/~: her birkaç tur karakterin Maks. Can değeri azalır.;~r~Klopýtání~/~: šance na pohyb náhodným směrem během chůze.#~r~Blízko smrti~/~: každých pár tahů je sníženo maximální zdraví postavy.
3;Невозможность получения положительных ментальных эффектов.;Can't receive positive mental effects.;好ましい精神的影響を受けられない;Kann keine positiven mentalen Effekte erhalten.;No puede recibir efectos mentales positivos.;;Insensibile agli effetti mentali positivi.;Não pode receber efeitos mentais positivos.;Nie można otrzymać pozytywnych efektów mentalnych.;Pozitif mental etkiler işlemez.;Není možné získat pozitivní psychické efekty.
4;Каждый ход ухудшает состояние части тела на ~r~1%~/~.;Each turn reduces the affected Body Part's condition by ~r~1%~/~.;毎ターン、影響を受けている部位の状態が~r~1%~/~ずつ悪化する;Jede Runde reduziert den Zustand des betroffenen Körperteils um ~r~1%~/~.;Cada turno, se reduce un ~r~1%~/~ el estado de la parte del cuerpo afectada.;;L'integrità della Parte del Corpo in oggetto cala dell'~r~1%~/~ ad ogni turno.;A cada turno a condição da Parte do Corpo afetada é reduzida em ~r~1%~/~.;W każdej turze zmniejsza kondycję dotkniętej Części Ciała o ~r~1%~/~.;Her tur, etkilenen Uzuv kondisyonu ~r~1%~/~ azalır.;Každý tah snižuje stav dané části těla ~r~1%~/~.
5;None;None;None;None;None;;None;None;None;None;None
6;None;None;None;None;None;;None;None;None;None;None
7;~r~Ноги заплетаются~/~: шанс походить на случайную клетку при перемещении.;~r~Stumbling~/~: a chance to walk to a random tile when moving.;~r~よろめき~/~：移動時にランダムなタイルに進む可能性がある;~r~Stolpern~/~: Chance, zu einem zufälligen Feld zu gehen, wenn man sich bewegt.;~r~Tropiezo~/~: probabilidad de caminar a una casilla aleatoria al moverte.;;~r~Incespicamento~/~: possibilità di muoversi in una direzione diversa da quella scelta.;~r~Tropeçar~/~: chance de andar para um espaço aleatório ao se mover.;~r~Potknięcie~/~: szansa na wejście na losowe pole w trakcie poruszania się.;~r~Sendeleme~/~: hareket ederken, rastgele bir karo ilerleme şansı.;~r~Klopýtání~/~: šance na pohyb náhodným směrem během chůze.
8;~r~Невозможность атаковать и применять способности~/~.;~r~Can't attack or use Abilities~/~.;~r~攻撃したりアビリティを使用することはできない~/~.;~r~Kann nicht angreifen oder Fähigkeiten einsetzen~/~.;~r~No se puede atacar ni usar habilidades~/~.;;~r~Impossibile attaccare o usare Abilità~/~.;~r~Não pode atacar ou usar habilidades~/~.;~r~Nie może atakować lub używać zdolności~/~.;~r~Saldıramaz veya Yetenekleri kullanamaz~/~.;~r~Nelze se pohybovat ani používat dovednosti~/~.
9;None;None;None;None;None;;None;None;None;None;None
10;None;None;None;None;None;;None;None;None;None;None
11;None;None;None;None;None;;None;None;None;None;None
12;~r~Ноги заплетаются~/~: шанс походить на случайную клетку при перемещении.;~r~Stumbling~/~: a chance to walk to a random tile when moving.;~r~よろめき~/~：移動時にランダムなタイルに進む可能性がある;~r~Stolpern~/~: Chance, zu einem zufälligen Feld zu gehen, wenn man sich bewegt.;~r~Tropiezo~/~: probabilidad de caminar a una casilla aleatoria al moverte.;;~r~Incespicamento~/~: possibilità di muoversi in una direzione diversa da quella scelta.;~r~Tropeçar~/~: chance de andar para um espaço aleatório ao se mover;~r~Potknięcie~/~: szansa na wejście na losowe pole w trakcie poruszania się.;~r~Sendeleme~/~: hareket ederken, rastgele bir karo ilerleme şansı.;~r~Klopýtání~/~: šance na pohyb náhodným směrem během chůze.
13;Каждое перемещение и полученная атака увеличивают степень эффекта на ~w~1~/~.;Each movement and received attack prolongs the duration of the effect by ~w~1~/~.;移動したり攻撃を受けたりするたびにこの効果の持続時間が~w~1~/~ターン延長される;Jede Bewegung und jeder erlittene Angriff verlängert die Dauer der Wirkung um ~w~1~/~.;Cada movimiento y ataque recibido extiende la duración de este efecto ~w~1~/~ turno.;;Ogni movimento e attacco subito estendono la durata dell'effetto di ~w~1~/~.;Cada movimento e ataque recebido prolonga a duração do efeito em ~w~1~/~.;Każdy ruch lub otrzymanie ciosu przedłuża czas trwania efektu o ~w~1~/~.;Her hareket ve alınan saldırı, etkinin süresini ~w~1~/~ tur uzatır.;Každý pohyb a obdržený útok prodlužuje trvání tohoto efektu o ~w~1~/~ tah.
14;None;None;None;None;None;;None;None;None;None;None
15;None;None;None;None;None;;None;None;None;None;None
16;None;None;None;None;None;;None;None;None;None;None
17;None;None;None;None;None;;None;None;None;None;None
18;None;None;None;None;None;;None;None;None;None;None
19;~r~Невозможность выполнения действий~/~.;~r~Can't perform any actions~/~.;~r~いかなる行動も実行できない~/~;~r~Kann keine Aktionen ausführen~/~.;~r~No puedes realizar ninguna acción~/~.;;~r~Impossibile compiere alcuna azione~/~.;~r~Não pode executar nenhuma ação~/~.;~r~Brak możliwości wykonywania akcji~/~.;~r~Hiçbir aksiyon gerçekleştiremez~/~.;~r~Nelze provádět žádné akce~/~.
20;None;None;None;None;None;;None;None;None;None;None
21;None;None;None;None;None;;None;None;None;None;None
22;None;None;None;None;None;;None;None;None;None;None
23;None;None;None;None;None;;None;None;None;None;None
24;~r~Невозможность передвижения~/~.;~r~Can't move~/~.;~r~移動不能~/~;~r~Kann sich nicht bewegen~/~.;~r~No puedes moverte~/~.;;~r~Impossibile compiere movimenti~/~.;~r~Não pode se mover~/~.;~r~Brak możliwości poruszania się~/~.;~r~Hareket edemez~/~.;~r~Nejde se pohnout~/~.
25;None;None;None;None;None;;None;None;None;None;None
26;Каждый процент здоровья, потерянный целью с модификатором, восполняет заклинателю ~bl~3%~/~ запаса энергии.##Каждый раз когда цели модификатора наносится урон:##Заклинатель получает ~lg~+15%~/~ к силе магии#Активные перезарядки его способностей уменьшаются на ~w~2~/~ хода;The caster replenishes ~bl~3%~/~ Max Energy for each missing percent of the affected target's Max Health.##Whenever the target affected by this modifier takes Damage:##The caster gains ~lg~+15%~/~ Magic Power#The caster's active Сooldowns are reduced by ~w~2~/~ turns.;詠唱者は、影響を受けた対象の最大体力から失われた割合1%につき最大エネルギーが~bl~3%~/~回復する##この補正の影響を受けている対象がダメージを受けた時：##詠唱者は魔力を~lg~+10%~/~得る#詠唱者が持っているクールダウン時間が~w~1~/~ターンずつ短縮される;Der Zaubernde füllt ~bl~3%~/~ max. Energie für jedes fehlende Prozent der max. Gesundheit des betroffenen Ziels auf.##Jedes Mal, wenn das von diesem Modifikator betroffene Ziel Schaden nimmt:##Der Zaubernde gewinnt ~lg~+15%~/~ Magische Kraft#Die aktiven Abklingzeiten des Zaubernden werden um ~w~2~/~ Runde reduziert.;El taumaturgo recupera ~bl~3%~/~ de energía máxima por cada punto porcentual de vida máxima que le falte al objetivo.##Cuando el objetivo que sufre este efecto recibe daño:##El taumaturgo obtiene ~lg~+15%~/~ de poder mágico#Los enfriamientos del taumaturgo se reducen ~w~2~/~ turnos.;;L'invocatore ripristina ~bl~3%~/~ Energia Massima per ogni punto percentuale di Salute Massima mancante al bersaglio.##Quando il bersaglio affetto da questo effetto subisce Danni:##l'invocatore ottiene ~lg~+15%~/~ Potere Magico#I Tempi di Ricarica attivi dell'invocatore vengono ridotti di ~w~2~/~ turni.;O lançador recupera ~bl~3%~/~ de Energia Máx. para cada porcentagem faltante da Vida Máx. do alvo afetado.##Sempre que o alvo afetado por este modificador receber Dano:##O lançador ganha ~lg~+15%~/~ de Poder Mágico#As recargas ativas do lançador são diminuídas por ~w~2~/~ turnos.;Rzucający odnawia ~bl~3%~/~ Maksymalnej Energii za każdy brakujący procent Maksymalnego Zdrowia celu.##Jak tylko cel tego efektu otrzyma Obrażenia:##Rzucający otrzymuje ~lg~+15%~/~ Mocy Magicznej#Trwające Czasy Odnowienia rzucającego są zmniejszone o ~w~2~/~ tury.;Etkilenen hedefin her eksik Maks. Can yüzdesi başına, büyünün sahibi için ~bl~3%~/~ Maks. Enerji yenilenir.##Bu etkideki hedef Hasar aldıkça:##Büyünün sahibi ~lg~+15%~/~ Büyü Gücü kazanır#Büyünün sahibine ait aktif Dolum süreçleri ~w~2~/~ tur azalır.;Sesílajícímu se obnoví ~bl~3%~/~ maximální energie za každé chybějící procento max. zdraví daného cíle.##Kdykoliv cíl ovlivněný tímto efektem obdrží poškození:##Sesílající získá ~lg~+15%~/~ síly magie#Sníží se aktuální doby obnovení o ~w~2~/~ tahy.
27;None;None;None;None;None;;None;None;None;None;None
28;Живот начинает слегка урчать.;The stomach starts rumbling.;お腹が鳴り始める;Der Magen beginnt zu knurren.;Tu estómago comienza a retumbar.;;Lo stomaco inizia a brontolare.;O estômago começa a roncar.;Żołądek zaczyna burczeć.;Mide guruldamaya başlar.;Břicho se začíná ozývat.
29;Невозможность получения физических эффектов.#~r~Невозможность выполнения действий~/~.;Cannot receive physical effects.#~r~Can't perform any actions~/~.;物理的効果を得られなくなる#~r~いかなる行動も実行できない~/~.;Kann keine physikalischen Effekte empfangen.#~r~Kann keine Aktionen durchführen~/~.;No puedes recibir efectos físicos.#~r~No puedes realizar ninguna acción~/~.;;Insensibile agli effetti fisici.#~r~Impossibile compiere alcuna azione~/~.;Não pode receber efeitos físicos.#~r~Não pode executar nenhuma ação~/~.;Nie można otrzymać efektów fizycznych.#~r~Brak możliwości wykonywania akcji~/~.;Fiziksel etkiler işlemez.#~r~Hiçbir aksiyon gerçekleştiremez~/~.;Není možné obdržet fyzické efekty.#~r~Nelze provádět žádné akce~/~.
30;None;None;None;None;None;;None;None;None;None;None
31;// Злой дух получил контроль над телом. //;// The evil spirit gained control over your body. //;//邪悪なる魂が肉体のコントロールを得た//;// The evil spirit gained control over your body. //;// The evil spirit gained control over your body. //;;None;//O espírito maligno tomou o controle do seu corpo.//;// Zły duch kontroluje twoje ciało //;// Kötü ruhlar bedenini ele geçirmiş. //;// Zlý duch získal kontrolu nad tvým tělem. //
32;None;None;None;None;None;;None;None;None;None;None
33;~r~Ноги заплетаются~/~: шанс походить на случайную клетку при перемещении.#~r~Смерть близка~/~: каждые несколько ходов максимальное здоровье персонажа понижается.;~r~Stumbling~/~: a chance to walk to a random tile when moving.#~r~Near Death~/~: every few turns the character's Max Health is being reduced.;~r~よろめき~/~：移動時にランダムなタイルに進む可能性がある#~r~死の淵~/~：数ターンごとにキャラクターの最大体力が減少する;~r~Stolpern~/~: eine Chance, zu einem zufälligen Feld zu gehen, wenn man sich bewegt.#~r~Dem Tod nahe~/~: alle paar Runden wird die maximale Gesundheit des Charakters reduziert.;~r~Tropiezo~/~: probabilidad de caminar a una casilla aleatoria al moverte.#~r~A punto de morir~/~: la vida máxima del personaje se reduce cada cierta cantidad de turnos.;;~r~Incespicamento~/~: possibilità di muoversi in una direzione diversa da quella scelta.#~r~Morente~/~: la Salute Massima del personaggio cala ogni pochi turni.;~r~Tropeçar~/~: chance de andar para um espaço aleatório ao se mover.#~r~Moribundo~/~: depois de alguns turnos a Vida Máx. do personagem é reduzida.;~r~Potknięcie~/~: szansa na wejście na losowe pole w trakcie poruszania się.#~r~Blisko Śmierci~/~: w każdej turze Maksymalne Zdrowie postaci zostaje zmniejszone.;~r~Sendeleme~/~: hareket ederken, rastgele bir karo ilerleme şansı.#~r~Ölüme Yakın~/~: her birkaç tur karakterin Maks. Can değeri azalır.;~r~Klopýtání~/~: šance na pohyb náhodným směrem během chůze.#~r~Blízko smrti~/~: každých pár tahů je sníženo maximální zdraví postavy.
34;~r~Невозможность выполнения действий~/~.;~r~Can't perform any actions~/~.;~r~いかなる行動も実行できない~/~;~r~Kann keine Aktionen ausführen~/~.;~r~No puedes realizar ninguna acción~/~.;;~r~Impossibile compiere alcuna azione~/~.;~r~Não pode executar nenhuma ação~/~.;~r~Brak możliwości wykonywania akcji~/~.;~r~Hiçbir aksiyon gerçekleştiremez~/~.;~r~Nelze provádět žádné akce~/~.
35;~r~Смерть близка~/~: каждые несколько ходов максимальное здоровье снижается.;~r~Near Death~/~: every few turns the character's Max Health is being reduced.;~r~死の淵~/~：数ターンごとにキャラクターの最大体力が減少する;~r~Dem Tod nahe~/~: alle paar Runden wird die maximale Gesundheit des Charakters reduziert.;~r~A punto de morir~/~: la vida máxima del personaje se reduce cada cierta cantidad de turnos.;;~r~Morente~/~: la Salute Massima del personaggio cala ogni pochi turni.;~r~Moribundo~/~: depois de alguns turnos a Vida Máx. do personagem é reduzida.;~r~Potknięcie~/~: szansa na wejście na losowe pole w trakcie poruszania się.#~r~Blisko Śmierci~/~: w każdej turze Maksymalne Zdrowie postaci zostaje zmniejszone.;~r~Ölüme Yakın~/~: her birkaç tur karakterin Maks. Can değeri azalır.;~r~Blízko smrti~/~: každých pár tahů je sníženo maximální zdraví postavy.
36;None;None;None;None;None;;None;None;None;None;None
37;~r~Невозможность выполнения действий~/~.;~r~Can't perform any actions~/~.;~r~いかなる行動も実行できない~/~;~r~Kann keine Aktionen ausführen~/~.;~r~No puedes realizar ninguna acción~/~.;;~r~Impossibile compiere alcuna azione~/~.;~r~Não pode executar nenhuma ação~/~.;~r~Brak możliwości wykonywania akcji~/~.;~r~Hiçbir aksiyon gerçekleştiremez~/~.;~r~Nelze provádět žádné akce~/~.
38;None;None;None;None;None;;None;None;None;None;None
39;// Перемещение становится непредсказуемым!//;//You move unpredictably!//;//予測できない方向に移動する！//;//You move unpredictably!//;//You move unpredictably!//;;None;//Você se move imprevisivelmente!//;//Poruszasz się nieprzewidywalnie//;//Belirsiz hareket ediyorsun!//;//Pohybuješ se nepředvídatelně!//
40;None;None;None;None;None;;None;None;None;None;None
41;None;None;None;None;None;;None;None;None;None;None
42;None;None;None;None;None;;None;None;None;None;None
43;Возможность замечать невидимые цели.;Able to spot invisible targets.;不可視の対象を発見できる;In der Lage, unsichtbare Ziele zu erkennen.;Puedes detectar enemigos invisibles.;;Capacità di individuare bersagli invisibili.;Capaz de detectar alvos invisíveis.;Daje umiejętność zobaczenia niewidzialnych.;Görünmez hedefleri tespit edebilme.;Je možné spatřit neviditelné cíle.
44;None;None;None;None;None;;None;None;None;None;None
45;None;None;None;None;None;;None;None;None;None;None
46;// Надетое снаряжение изнашивается быстрее. //;// Equipped gear wears down faster. //;// 装備品の損耗が加速する //;// Equipped gear wears down faster. //;// Equipped gear wears down faster. //;;//Gli oggetti equipaggiati si rompono più rapidamente.//;//Equipamentos em uso se desgastam mais rápido.//;// Założone wyposażenie zużywa się szybciej //;// Kuşanılmış teçhizat daha hızlı aşınır. //;// Kuşanılmış teçhizat daha hızlı aşınır. //
47;None;None;None;None;None;;None;None;None;None;None
48;None;None;None;None;None;;None;None;None;None;None
49;None;None;None;None;None;;None;None;None;None;None
50;~r~Смерть близка~/~: каждые несколько ходов максимальное здоровье снижается.;~r~Near Death~/~: every few turns the character's Max Health is being reduced.;~r~死の淵~/~：数ターンごとにキャラクターの最大体力が減少する;~r~Dem Tod nahe~/~: alle paar Runden wird die maximale Gesundheit des Charakters reduziert.;~r~A punto de morir~/~: la vida máxima del personaje se reduce cada cierta cantidad de turnos.;;~r~Morente~/~: la Salute Massima del personaggio cala ogni pochi turni.;~r~Moribundo~/~: depois de alguns turnos a Vida Máx. do personagem é reduzida.;~r~Blisko Śmierci~/~: w każdej turze Maksymalne Zdrowie postaci zostaje zmniejszone.;~r~Ölüme Yakın~/~: her birkaç tur karakterin Maks. Can değeri azalır.;~r~Blízko smrti~/~: každých pár tahů je sníženo maximální zdraví postavy.
51;None;None;None;None;None;;None;None;None;None;None
52;None;None;None;None;None;;None;None;None;None;None
53;None;None;None;None;None;;None;None;None;None;None
54;None;None;None;None;None;;None;None;None;None;None
55;None;None;None;None;None;;None;None;None;None;None
56;Передвижение иногда ~r~обездвиживает~/~.;Movement may cause ~r~Immobilization~/~.;移動が~r~固着~/~を引き起こす可能性がある;Bewegung kann zu ~r~Immobilisierung~/~ führen.;El movimiento puede causar ~r~inmovilización~/~.;;Il movimento può causare ~r~Immobilità~/~.;Se movimentar pode causar ~r~Imobilização~/~.;Poruszanie się może wywołać ~r~Unieruchomienie~/~.;Hareket etmek, ~r~Hareketsizleşme~/~ etkisine sokabilir.;Pohyb může způsobit ~r~znehybnění~/~.
57;None;None;None;None;None;;None;None;None;None;None
58;None;None;None;None;None;;None;None;None;None;None
59;~r~Невозможность произнесения заклинаний~/~.;~r~Can't cast spells~/~.;~r~呪文を詠唱できない~/~.;~r~Kann nicht zaubern~/~.;~r~No puedes lanzar hechizos~/~.;;~r~Impossibile usare incantesimi~/~.;~r~Não pode lançar feitiços~/~.;~r~Brak możliwości rzucania czarów~/~.;~r~Büyü yapamaz~/~.;~r~Nelze sesílat kouzla~/~.
60;None;None;None;None;None;;None;None;None;None;None
61;None;None;None;None;None;;None;None;None;None;None
62;Возможно ~r~кровотечение~/~.;Possible ~r~Bleeding~/~.;~r~出血~/~する可能性がある;Mögliches ~r~Bluten~/~.;Es posible que te ~r~desangres~/~.;;Possibilità di ~r~Sanguinamento~/~.;Possível ~r~Sangramento~/~.;Możliwe ~r~Krwawienie~/~.;~r~Kanama~/~ oluşabilir.;Možnost ~r~krvácení~/~.
63;None;None;None;None;None;;None;None;None;None;None
64;None;None;None;None;None;;None;None;None;None;None
65;~r~Ноги заплетаются~/~: шанс походить на случайную клетку при перемещении.#Возможна ~r~тошнота~/~.;~r~Stumbling~/~: a chance to walk to a random tile when moving.#Possible ~r~Nausea~/~.;~r~よろめき~/~：移動時にランダムなタイルに進む可能性がある#~r~嘔吐~/~する可能性がある;~r~Stolpern~/~: eine Chance, zu einem zufälligen Feld zu gehen, wenn man sich bewegt.#Mögliche ~r~Übelkeit~/~.;~r~Tropiezo~/~: probabilidad de caminar a una casilla aleatoria al moverte.#Puede que sientas ~r~náuseas~/~.;;~r~Incespicamento~/~: possibilità di muoversi in una direzione diversa da quella scelta.#Possibilità di ~r~Nausea~/~.;~r~Tropeçar~/~: chance de andar para um espaço aleatório ao se mover.#Possível ~r~Náusea~/~.;~r~Potknięcie~/~: szansa na wejście na losowe pole w trakcie poruszania się.#Możliwe ~r~Wymioty~/~.;~r~Sendeleme~/~: hareket ederken, rastgele bir karo ilerleme şansı.#~r~Bulantı~/~ yapabilir.;~r~Klopýtání~/~: šance na pohyb náhodným směrem během chůze.#Možnost ~r~nevolnosti~/~.
66;~r~Ноги заплетаются~/~: шанс походить на случайную клетку при перемещении.#Возможны ~r~тошнота~/~ или ~r~кома~/~.;~r~Stumbling~/~: a chance to walk to a random tile when moving.#Possible ~r~Nausea~/~ or ~r~Coma~/~.;~r~よろめき~/~：移動時にランダムなタイルに進む可能性がある#~r~嘔吐~/~もしくは~r~昏睡~/~する可能性がある;~r~Stolpern~/~: eine Chance, zu einem zufälligen Feld zu gehen, wenn man sich bewegt.#Mögliche ~r~Übelkeit~/~ or ~r~Koma~/~.;~r~Tropiezo~/~: probabilidad de caminar a una casilla aleatoria al moverte.#Posibles ~r~náuseas~/~ o ~r~coma~/~.;;~r~Incespicamento~/~: possibilità di muoversi in una direzione diversa da quella scelta.#Possibilità di ~r~Nausea~/~ o ~r~Coma~/~..;~r~Tropeçar~/~: chance de andar para um espaço aleatório ao se mover.#Possível ~r~Náusea~/~ ou ~r~Coma~/~.;~r~Potknięcie~/~: szansa na wejście na losowe pole w trakcie poruszania się.#Możliwe ~r~Wymioty~/~ lub ~r~Śpiączka~/~.;~r~Sendeleme~/~: hareket ederken, rastgele bir karo ilerleme şansı.#~r~Koma~/~ veya ~r~Bulantı~/~ yapabilir.;~r~Klopýtání~/~: šance na pohyb náhodným směrem během chůze.#Možnost ~r~nevolnosti~/~ nebo ~r~kóma~/~.
67;Не даёт здоровью опуститься ниже предела в ~lg~10%~/~.##Убийство равного по силе или более опасного врага восстанавливает ~lg~20%~/~ запаса здоровья и энергии.;Prevents Health from dropping below ~lg~10%~/~.##Killing an Equal or more dangerous enemy replenishes ~lg~20%~/~ Max Health and Energy.;体力が~lg~10%~/~を下回らなくなる##同等もしくはより危険な敵を殺害すると、最大体力と最大エネルギーの~lg~20%~/~が補充される;Verhindert, dass die Gesundheit unter ~lg~10%~/~ sinkt.##Das Töten eines ebenbürtigen oder gefährlicheren Feindes füllt ~lg~20%~/~ max. Gesundheit und Energie auf.;Impide que los puntos de vida caigan por debajo del ~lg~10%~/~.##Matar a un enemigo de fuerza semejante o más peligroso recupera un ~lg~20%~/~ de la vida y energía máximas.;;Impedisce alla Salute di scendere sotto la soglia del ~lg~10%~/~.##Uccidere un nemico non Debole ripristina ~lg~20%~/~ Salute Massima ed Energia.;Impede que a Vida caia abaixo de ~lg~10%~/~.##Matar um inimigo Igual ou mais perigoso restaura ~lg~20%~/~ da Vida e Energia Máx.;Chroni Zdrowie przed spadkiem poniżej ~lg~10%~/~.##Zabicie przeciwnika, który jest równy lub silniejszy od ciebie odnawia ~lg~20%~/~ Maksymalnego Zdrowia i Energii.;Can artık ~lg~10%~/~ altına düşmez.##Denk veya daha tehlikeli bir düşmanı öldürmek, ~lg~20%~/~ Maks. Can ve Enerji yeniler.;Zabraňuje zdraví klesnoud pod ~lg~10%~/~.##Zabití rovnocenného nebo nebezpečnějšího nepřítele obnoví ~lg~20%~/~ maximálního zdraví a energie.
68;none;none;none;none;none;;None;None;None;none;none
69;//Сбрасывает боль по окончанию способности.//;/// Relieves all pain when the buff expires.//;/// 強化の終了時にすべての苦痛を緩和する//;/// Relieves all pain when the buff expires.//;/// Relieves all pain when the buff expires.//;;None;//Alivia toda a dor quando o aprimoramento expira.//;/// Relieves all pain when the buff expires.//;/// Olumlu etkilerin süresi dolduğunda tüm ağrıyı hafifler.//;/// Po vypršení efektu uleví od vší bolesti.//
70;None;None;None;None;None;;None;None;None;None;None
71;~r~Невозможность передвижения~/~.;~r~Can't move~/~.;~r~移動不能~/~.;~r~Kann sich nicht bewegen~/~.;~r~No puedes moverte~/~.;;~r~Impossibile compiere movimenti~/~.;~r~Não pode se mover~/~.;~r~Brak możliwości poruszania się~/~.;~r~Hareket edemez~/~.;~r~Neschopnost pohybu~/~.
72;Иммунитет к получению ментальных эффектов.#~r~Невозможность передвижения~/~.#~r~Смерть близка~/~: каждые несколько ходов максимальное здоровье снижается.;Mental effects immunity.#~r~Can't move~/~.#~r~Near Death~/~: every few turns the character's Max Health is being reduced.;精神的効果に対する免疫#~r~移動不能~/~#~r~死の淵~/~：数ターンごとにキャラクターの最大体力が減少する;Mental beeinflußt Immunität.#~r~Kann sich nicht bewegen.~/~.#~r~Dem Tode nahe~/~: alle paar Runden wird die max. Gesundheit des Charakters reduziert.;Inmunidad a los efectos mentales.~r~No puedes moverte~/~.~r~A punto de morir~/~: la vida máxima del personaje se reduce cada cierta cantidad de turnos.;;Insensibile agli effetti mentali.#~r~Impossibile compiere movimenti~/~.#~r~Morente~/~: la Salute Massima del personaggio cala ogni pochi turni.;Imunidade aos efeitos mentais.#~r~Não pode se mover~/~.#~r~Moribundo~/~: depois de alguns turnos a Vida Máx. do personagem é reduzida.;Odporność na efekty mentalne.#~r~Brak możliwości poruszania się~/~.#~r~Blisko Śmierci~/~: w każdej turze Maksymalne Zdrowie postaci zostaje zmniejszone.;Mental etkilere karşı bağışıklık.#~r~Hareket edemez~/~.#~r~Ölüme Yakın~/~: her birkaç tur karakterin Maks. Can değeri azalır.;Imunita proti mentálním efektům.#~r~Neschopnost pohybu~/~.#~r~Blízko smrti~/~: každých pár tahů je sníženo maximální zdraví postavy.
73;None;None;None;None;None;;None;None;None;None;None
74;Травма стабилизирована и больше не копит боль.;Injury is stabilized and no longer causes pain to accumulate.;負傷が安定化されたので、以降は苦痛が蓄積しない;Die Verletzung ist stabilisiert und führt nicht mehr zur Anhäufung von Schmerzen.;La herida está estabilizada y ya no generará dolor.;;La ferità è stabile e non determina alcun aumento del dolore.;O ferimento está estabilizado e não acumulará mais dor.;Rana jest ustabilizowana i nie sprawia, że Ból rośnie.;Yaralanma stabilize edildi ve artık ağrının birikmesine sebep olmaz.;Zranění je stabilizované a bolest už více neroste.
75;Травма стабилизирована и больше не копит боль.;Injury is stabilized and no longer causes pain to accumulate.;負傷が安定化されたので、以降は苦痛が蓄積しない;Die Verletzung ist stabilisiert und führt nicht mehr zur Anhäufung von Schmerzen.;La herida está estabilizada y ya no generará dolor.;;La ferità è stabile e non determina alcun aumento del dolore.;O ferimento está estabilizado e não acumulará mais dor.;Rana jest ustabilizowana i nie sprawia, że Ból rośnie.;Yaralanma stabilize edildi ve artık ağrının birikmesine sebep olmaz.;Zranění je stabilizované a bolest už více neroste.
76;Травма стабилизирована и больше не копит боль.;Injury is stabilized and no longer causes pain to accumulate.;負傷が安定化されたので、以降は苦痛が蓄積しない;Die Verletzung ist stabilisiert und führt nicht mehr zur Anhäufung von Schmerzen.;La herida está estabilizada y ya no generará dolor.;;La ferità è stabile e non determina alcun aumento del dolore.;O ferimento está estabilizado e não acumulará mais dor.;Rana jest ustabilizowana i nie sprawia, że Ból rośnie.;Yaralanma stabilize edildi ve artık ağrının birikmesine sebep olmaz.;Zranění je stabilizované a bolest už více neroste.
77;Травма стабилизирована и больше не копит боль.;Injury is stabilized and no longer causes pain to accumulate.;負傷が安定化されたので、以降は苦痛が蓄積しない;Die Verletzung ist stabilisiert und führt nicht mehr zur Anhäufung von Schmerzen.;La herida está estabilizada y ya no generará dolor.;;La ferità è stabile e non determina alcun aumento del dolore.;O ferimento está estabilizado e não acumulará mais dor.;Rana jest ustabilizowana i nie sprawia, że Ból rośnie.;Yaralanma stabilize edildi ve artık ağrının birikmesine sebep olmaz.;Zranění je stabilizované a bolest už více neroste.
78;Травма стабилизирована и больше не копит боль.;Injury is stabilized and no longer causes pain to accumulate.;負傷が安定化されたので、以降は苦痛が蓄積しない;Die Verletzung ist stabilisiert und führt nicht mehr zur Anhäufung von Schmerzen.;La herida está estabilizada y ya no generará dolor.;;La ferità è stabile e non determina alcun aumento del dolore.;O ferimento está estabilizado e não acumulará mais dor.;Rana jest ustabilizowana i nie sprawia, że Ból rośnie.;Yaralanma stabilize edildi ve artık ağrının birikmesine sebep olmaz.;Zranění je stabilizované a bolest už více neroste.
79;Травма стабилизирована и больше не копит боль.;Injury is stabilized and no longer causes pain to accumulate.;負傷が安定化されたので、以降は苦痛が蓄積しない;Die Verletzung ist stabilisiert und führt nicht mehr zur Anhäufung von Schmerzen.;La herida está estabilizada y ya no generará dolor.;;La ferità è stabile e non determina alcun aumento del dolore.;O ferimento está estabilizado e não acumulará mais dor.;Rana jest ustabilizowana i nie sprawia, że Ból rośnie.;Yaralanma stabilize edildi ve artık ağrının birikmesine sebep olmaz.;Zranění je stabilizované a bolest už více neroste.
80;Травма стабилизирована и больше не копит боль.;Injury is stabilized and no longer causes pain to accumulate.;負傷が安定化されたので、以降は苦痛が蓄積しない;Die Verletzung ist stabilisiert und führt nicht mehr zur Anhäufung von Schmerzen.;La herida está estabilizada y ya no generará dolor.;;La ferità è stabile e non determina alcun aumento del dolore.;O ferimento está estabilizado e não acumulará mais dor.;Rana jest ustabilizowana i nie sprawia, że Ból rośnie.;Yaralanma stabilize edildi ve artık ağrının birikmesine sebep olmaz.;Zranění je stabilizované a bolest už více neroste.
81;Травма стабилизирована и больше не копит боль.;Injury is stabilized and no longer causes pain to accumulate.;負傷が安定化されたので、以降は苦痛が蓄積しない;Die Verletzung ist stabilisiert und führt nicht mehr zur Anhäufung von Schmerzen.;La herida está estabilizada y ya no generará dolor.;;La ferità è stabile e non determina alcun aumento del dolore.;O ferimento está estabilizado e não acumulará mais dor.;Rana jest ustabilizowana i nie sprawia, że Ból rośnie.;Yaralanma stabilize edildi ve artık ağrının birikmesine sebep olmaz.;Zranění je stabilizované a bolest už více neroste.
82;Травма стабилизирована и больше не копит боль.;Injury is stabilized and no longer causes pain to accumulate.;負傷が安定化されたので、以降は苦痛が蓄積しない;Die Verletzung ist stabilisiert und führt nicht mehr zur Anhäufung von Schmerzen.;La herida está estabilizada y ya no generará dolor.;;La ferità è stabile e non determina alcun aumento del dolore.;O ferimento está estabilizado e não acumulará mais dor.;Rana jest ustabilizowana i nie sprawia, że Ból rośnie.;Yaralanma stabilize edildi ve artık ağrının birikmesine sebep olmaz.;Zranění je stabilizované a bolest už více neroste.
83;Травма стабилизирована и больше не копит боль.;Injury is stabilized and no longer causes pain to accumulate.;負傷が安定化されたので、以降は苦痛が蓄積しない;Die Verletzung ist stabilisiert und führt nicht mehr zur Anhäufung von Schmerzen.;La herida está estabilizada y ya no generará dolor.;;La ferità è stabile e non determina alcun aumento del dolore.;O ferimento está estabilizado e não acumulará mais dor.;Rana jest ustabilizowana i nie sprawia, że Ból rośnie.;Yaralanma stabilize edildi ve artık ağrının birikmesine sebep olmaz.;Zranění je stabilizované a bolest už více neroste.
84;Травма стабилизирована и больше не копит боль.;Injury is stabilized and no longer causes pain to accumulate.;負傷が安定化されたので、以降は苦痛が蓄積しない;Die Verletzung ist stabilisiert und führt nicht mehr zur Anhäufung von Schmerzen.;La herida está estabilizada y ya no generará dolor.;;La ferità è stabile e non determina alcun aumento del dolore.;O ferimento está estabilizado e não acumulará mais dor.;Rana jest ustabilizowana i nie sprawia, że Ból rośnie.;Yaralanma stabilize edildi ve artık ağrının birikmesine sebep olmaz.;Zranění je stabilizované a bolest už více neroste.
85;Травма стабилизирована и больше не копит боль.;Injury is stabilized and no longer causes pain to accumulate.;負傷が安定化されたので、以降は苦痛が蓄積しない;Die Verletzung ist stabilisiert und führt nicht mehr zur Anhäufung von Schmerzen.;La herida está estabilizada y ya no generará dolor.;;La ferità è stabile e non determina alcun aumento del dolore.;O ferimento está estabilizado e não acumulará mais dor.;Rana jest ustabilizowana i nie sprawia, że Ból rośnie.;Yaralanma stabilize edildi ve artık ağrının birikmesine sebep olmaz.;Zranění je stabilizované a bolest už více neroste.
86;None;None;None;None;None;;None;None;None;None;None
87;None;None;None;None;None;;None;None;None;None;None
88;Атаки по цели с модификатором получают ~lg~+50%~/~ к похищению жизни.;Attacks against targets under this effect receive ~lg~+50%~/~ Life Drain.;この効果を受けている対象への攻撃は~lg~+50%~/~の体力吸収を受ける;Angriffe gegen Ziele unter diesem Effekt erhalten ~lg~+50%~/~ Lebensentzug.;Los ataques robarán un ~lg~+50%~/~ del daño como vida.;;Gli attacchi contro bersagli colpiti da questo effetto ottengono ~lg~+50%~/~ Prosciugamento Vitale.;Ataques contra alvos sob este efeito recebem ~lg~+50%~/~ de Roubo de Vida.;Ataki przeciwko celom, które posiadają ten efekt otrzymują ~lg~+50%~/~ Wykradania Zdrowia.;Bu etkideki hedefe karşı yapılan saldırılar, ~lg~+50%~/~ Can Çalma kazanır.;Útoky proti cílům s tímto efektem získávají ~lg~+50%~/~ sání života.
89;None;None;None;None;None;;None;None;None;None;None
90;None;None;None;None;None;;None;None;None;None;None
91;None;None;None;None;None;;None;None;None;None;None
92;None;None;None;None;None;;None;None;None;None;None
93;Каждое успешное попадание увеличивает степень эффекта (макс. ~w~6~/~) и продлевает его длительность на ~w~1~/~ ход.;Each successful attack grants an additional stack of the effect (up to ~w~6~/~) and prolongs its duration by ~w~1~/~ turn.;攻撃が成功するたびに効果が積み重なり（最大~w~6~/~回まで)、効果時間が~w~1~/~ターンずつ伸びる;Jeder erfolgreiche Angriff gewährt eine zusätzliche Stapelung des Effekts (bis zu ~w~6~/~) und verlängert seine Dauer um ~w~1~/~ Runde.;Cada ataque exitoso otorga otra carga del efecto (hasta ~w~6~/~) y extiende su duración ~w~1~/~ turno.;;Ogni attacco inferto conferisce un ulteriore livello dell'effetto (fino a un massimo di ~w~6~/~) e ne estende la durata di ~w~1~/~ turno.;Cada ataque com sucesso acumula uma carga adicional do efeito (até ~w~6~/~) e prolonga sua duração por ~w~1~/~ turno.;Każdy udany atak daje dodatkowy punkt do efektu (do ~w~6~/~) oraz wydłuża działanie o ~w~1~/~ turę.;Her başarılı saldırı, bu etkiye ek istif (~w~6~/~ istife kadar) sağlar ve süresini ~w~1~/~ tur uzatır.;Každý úspěšný útok zaručuje další bod efektu (až do ~w~6~/~) a prodlužuje jeho trvání o ~w~1~/~ tah.
94;None;None;None;None;None;;None;None;None;None;None
95;None;None;None;None;None;;None;None;None;None;None
96;~r~Невозможность использования способностей~/~.;~r~Can't use abilities~/~.;~r~アビリティ使用不能~/~.;~r~Kann Fähigkeiten nicht verwenden~/~.;~r~No puedes usar capacidades~/~.;;~r~Impossibile usare abilità~/~.;~r~Não pode usar habilidades~/~.;~r~Brak możliwości używania zdolności~/~.;~r~Yetenekler kullanılamaz~/~.;~r~Nelze používat dovednosti~/~.
97;Каждое полученное попадание увеличивает степень эффекта (макс. ~w~6~/~) и продлевает его длительность на ~w~1~/~ ход.;Each received attack grants an additional stack of the effect (up to ~w~6~/~) and prolongs its duration by ~w~1~/~ turn.;攻撃を受けるたびに効果が積み重なり（最大~w~6~/~回まで）、効果時間が~w~1~/~ターンずつ伸びる;Jeder erhaltene Angriff gewährt eine zusätzliche Stapelung des Effekts (bis zu ~w~6~/~) und verlängert seine Dauer um ~w~1~/~ Runde.;Cada ataque recibido otorga otra carga del efecto (hasta ~w~6~/~) y extiende su duración ~w~1~/~ turno.;;Ogni attacco subito conferisce un ulteriore livello dell'effetto (fino a un massimo di ~w~6~/~) e ne estende la durata di ~w~1~/~ turno.;Cada ataque recebido acumula uma carga adicional do efeito (até ~w~6~/~) e prolonga sua duração por ~w~1~/~ turno.;Każdy udany atak daje dodatkowy punkt do efektu (do ~w~6~/~) oraz wydłuża działanie o ~w~1~/~ turę.;Her başarılı saldırı, bu etkiye ek istif (~w~6~/~ istife kadar) sağlar ve süresini ~w~1~/~ tur uzatır.;Každý obdržený útok zaručuje další bod efektu (až do ~w~6~/~) a prodlužuje jeho trvání o ~w~1~/~ tah.
98;Каждое успешное попадание увеличивает степень эффекта (макс. ~w~6~/~) и продлевает его длительность на ~w~1~/~ ход.;Each successful attack grants an additional stack of the effect (up to ~w~6~/~) and prolongs its duration by ~w~1~/~ turn.;攻撃が成功するたびに効果が積み重なり（最大~w~6~/~回まで)、効果時間が~w~1~/~ターンずつ伸びる;Jeder erfolgreiche Angriff gewährt eine zusätzliche Stapelung des Effekts (bis zu ~w~6~/~) und verlängert seine Dauer um ~w~1~/~ Runde.;Cada ataque exitoso otorga otra carga del efecto (hasta ~w~6~/~) y extiende su duración ~w~1~/~ turno.;;Ogni attacco inferto conferisce un ulteriore livello dell'effetto (fino a un massimo di ~w~6~/~) e ne estende la durata di ~w~1~/~ turno.;Cada ataque com sucesso acumula uma carga adicional do efeito (até ~w~6~/~) e prolonga sua duração por ~w~1~/~ turno.;Każdy udany atak daje dodatkowy punkt do efektu (do ~w~6~/~) oraz wydłuża działanie o ~w~1~/~ turę.;Her başarılı saldırı, bu etkiye ek istif (~w~6~/~ istife kadar) sağlar ve süresini ~w~1~/~ tur uzatır.;Každý úspěšný útok zaručuje další bod efektu (až do ~w~6~/~) a prodlužuje jeho trvání o ~w~1~/~ tah.
99;Каждое успешное попадание увеличивает степень эффекта (макс. ~w~6~/~) и продлевает его длительность на ~w~1~/~ ход.;Each successful attack grants an additional stack of the effect (up to ~w~6~/~) and prolongs its duration.;攻撃が成功するたびに効果が積み重なり（最大~w~6~/~回まで)、効果時間が~w~1~/~ターンずつ伸びる;Jeder erfolgreiche Angriff gewährt eine zusätzliche Stapelung des Effekts (bis zu ~w~6~/~) und verlängert seine Dauer um ~w~1~/~ Runde.;Cada ataque exitoso otorga otra carga del efecto (hasta ~w~6~/~) y extiende su duración.;;Ogni attacco inferto conferisce un ulteriore livello dell'effetto (fino a un massimo di ~w~6~/~) e ne estende la durata.;Cada ataque com sucesso acumula uma carga adicional do efeito (até ~w~6~/~) e prolonga sua duração.;Każdy udany atak daje dodatkowy punkt do efektu (do ~w~6~/~) oraz wydłuża działanie o ~w~1~/~ turę.;Her başarılı saldırı, bu etkiye ek istif (~w~6~/~ istife kadar) sağlar ve süresini ~w~1~/~ tur uzatır.;Každý úspěšný útok zaručuje další bod efektu (až do ~w~6~/~) a prodlužuje jeho trvání o ~w~1~/~ tah.
100;Каждое убийство увеличивает степень эффекта (макс. ~w~6~/~) и продлевает его длительность на ~w~2~/~ хода.;Each kill grants an additional stack of the effect (up to ~w~6~/~) and prolongs its duration by ~w~2~/~ turns.;殺害するたびに効果が積み重なり（最大~w~6~/~回まで)、効果時間が~w~2~/~ターンずつ伸びる;Jede Tötung gewährt eine zusätzliche Stapelung des Effekts (bis zu ~w~6~/~) und verlängert seine Dauer um ~w~2~/~ Runden.;Cada asesinato otorga otra carga del efecto (hasta ~w~6~/~) y extiende su duración ~w~2~/~ turnos.;;Ogni uccisione conferisce un ulteriore livello dell'effetto (fino a un massimo di ~w~6~/~) e ne estende la durata di ~w~2~/~ turni.;Cada inimigo morto acumula uma carga adicional do efeito (até ~w~6~/~) e prolonga sua duração por ~w~2~/~ turnos.;Każde zabicie daje dodatkowy punkt do efektu (do ~w~6~/~) oraz wydłuża działanie o ~w~2~/~ tury.;Her öldürme, bu etkiye ek istif (~w~6~/~ istife kadar) sağlar ve süresini ~w~2~/~ tur uzatır.;Každé zabití zaručuje další bod efektu (až do ~w~6~/~) a prodlužuje jeho trvání o ~w~2~/~ tahy.
101;None;None;None;None;None;;None;None;None;None;None
102;None;None;None;None;None;;None;None;None;None;None
103;None;None;None;None;None;;None;None;None;None;None
104;None;None;None;None;None;;None;None;None;None;None
105;None;None;None;None;None;;None;None;None;None;None
106;None;None;None;None;None;;None;None;None;None;None
107;None;None;None;None;None;;None;None;None;None;None
108;Каждое успешное попадание увеличивает степень эффекта (макс. ~w~6~/~) и продлевает его длительность на ~w~1~/~ ход.;Each successful attack grants an additional stack of the effect (up to ~w~6~/~) and prolongs its duration by ~w~1~/~ turn.;攻撃が成功するたびに効果が積み重なり（最大~w~6~/~回まで)、効果時間が~w~1~/~ターンずつ伸びる;Jeder erfolgreiche Angriff gewährt eine zusätzliche Stapelung des Effekts (bis zu ~w~6~/~) und verlängert seine Dauer um ~w~1~/~ Runde.;Cada ataque exitoso otorga otra carga del efecto (hasta ~w~6~/~) y extiende su duración ~w~1~/~ turno.;;Ogni attacco inferto conferisce un ulteriore livello dell'effetto (fino a un massimo di ~w~6~/~) e ne estende la durata di ~w~1~/~ turno.;Cada ataque com sucesso acumula uma carga adicional do efeito (até ~w~6~/~) e prolonga sua duração por ~w~1~/~ turno.;Każdy udany atak daje dodatkowy punkt do efektu (do ~w~6~/~) oraz wydłuża działanie o ~w~1~/~ turę.;Her başarılı saldırı, bu etkiye ek istif (~w~6~/~ istife kadar) sağlar ve süresini ~w~1~/~ tur uzatır.;Každý úspěšný útok zaručuje další bod efektu (až do ~w~6~/~) a prodlužuje jeho trvání o ~w~1~/~ tah.
109;None;None;None;None;None;;None;None;None;None;None
110;Каждый успешный выстрел увеличивает степень эффекта (макс. ~w~6~/~) и продлевает его длительность на ~w~2~/~ хода.;Each successful shot grants an additional stack of the effect (up to ~w~6~/~) and prolongs its duration by ~w~2~/~ turns.;射撃が成功するたびに効果が積み重なり（最大~w~6~/~回まで)、効果時間が~w~2~/~ターンずつ伸びる;Jeder erfolgreiche Schuss gewährt eine zusätzliche Stapelung des Effekts (bis zu ~w~6~/~) und verlängert seine Dauer um ~w~2~/~ Runde.;Cada disparo exitoso otorga otra carga del efecto (hasta ~w~6~/~) y extiende su duración ~w~2~/~ turnos.;;Ogni tiro andato a segno conferisce un ulteriore livello dell'effetto (fino a un massimo di ~w~6~/~) e ne estende la durata di ~w~2~/~ turni.;Cada disparo com sucesso acumula uma carga adicional do efeito (até ~w~6~/~) e prolonga sua duração por ~w~2~/~ turnos.;Każdy celny strzał daje dodatkowy punkt do efektu (do ~w~6~/~) oraz wydłuża działanie o ~w~2~/~ tury.;Her başarılı atış, bu etkiye ek istif (~w~6~/~ istife kadar) sağlar ve süresini ~w~2~/~ tur uzatır.;Každý úspěšná střela zaručuje další bod efektu (až do ~w~6~/~) a prodlužuje jeho trvání o ~w~2~/~ tahy.
111;Каждое успешное попадание увеличивает степень эффекта (макс. ~w~6~/~) и продлевает его длительность на ~w~1~/~ ход.;Each successful attack grants an additional stack of the effect (up to ~w~6~/~) and prolongs its duration by ~w~1~/~ turn.;攻撃が成功するたびに効果が積み重なり（最大~w~6~/~回まで)、効果時間が~w~1~/~ターンずつ伸びる;Jeder erfolgreiche Angriff gewährt eine zusätzliche Stapelung des Effekts (bis zu ~w~6~/~) und verlängert seine Dauer.;Cada ataque exitoso otorga otra carga del efecto (hasta ~w~6~/~) y extiende su duración ~w~1~/~ turno.;;Ogni attacco inferto conferisce un ulteriore livello dell'effetto (fino a un massimo di ~w~6~/~) e ne estende la durata di ~w~1~/~ turno.;Cada ataque com sucesso acumula uma carga adicional do efeito (até ~w~6~/~) e prolonga sua duração por ~w~1~/~ turno.;Każdy udany atak daje dodatkowy punkt do efektu (do ~w~6~/~) oraz wydłuża działanie.;Her başarılı saldırı, bu etkiye ek istif (~w~6~/~ istife kadar) sağlar ve süresini ~w~1~/~ tur uzatır.;Každý úspěšný útok zaručuje další bod efektu (až do ~w~6~/~) a prodlužuje jeho trvání o ~w~1~/~ tah.
112;Каждый выстрел по цели увеличивает урон и шанс кровотечения следующего выстрела по ней же.;Each shot against the target grants bonus Damage and Bleed Chance to following shots against it.;対象に対して射撃するたびに、以降の対象への射撃のダメージと出血確率にボーナスを得る;Jeder Schuss auf das Ziel gewährt Bonusschaden und Bluten-Chance bei nachfolgenden Schüssen gegen das Ziel.;Cada disparo contra el objetivo les otorga daño y chance de sangrar a los próximos disparos.;None;Ogni colpo inferto al bersaglio aumenta Danni e Prob. di Sanguinamento dei colpi successivi.;Cada disparo contra o alvo concede Dano extra e Chance de Sangramento aos disparos conseguintes contra o mesmo alvo.;Każdy strzał daje bonusowe Obrażenia oraz szansę na Krwawienie kolejnym strzałom, które wymierzone są w ten cel.;Hedefe yapılan her atış, aynı hedefe ardı sıra yapılacak atışlara bonus Hasar ve Kanatma Şansı kazandırır.;None
113;Использование способностей открывает ~r~кровотечение~/~.;Using abilities causes ~r~Bleeding~/~.;アビリティの使用により~r~出血~/~が引き起こされる;Der Einsatz von Fertigkeiten führt zu ~r~Bluten~/~.;Usar capacidades causará ~r~hemorragia~/~.;;L'utilizzo di abilità provoca ~r~Sanguinamento~/~.;Usar habilidades causa ~r~Sangramento~/~.;Używanie zdolności powoduje ~r~Krwawienie~/~.;Yetenekleri kullanmak ~r~Kanama~/~ oluşturabilir.;Používání dovedností způsobuje ~r~krvácení~/~.
114;Восполняет ~lg~6%~/~ запаса здоровья и ~bl~12%~/~ запаса энергии каждый ход.;Replenishes ~lg~6%~/~ Max Health and ~bl~12%~/~ Max Energy per turn.;ターンごとに最大体力~lg~6%~/~と最大エネルギー~bl~12%~/~が補充される;Füllt ~lg~6%~/~ max. Gesundheit und ~bl~12%~/~ max. Energie pro Runde auf.;Recupera un ~lg~6%~/~ de energía máxima y un ~bl~12%~/~ de energía máxima por turno.;;Ripristina ~lg~6%~/~ Salute Massima e ~bl~12%~/~ Energia Massima ad ogni turno.;Restaura ~lg~6%~/~ de Vida Máx. e ~bl~12%~/~ de Energia Máx. por turno.;Odnawia ~lg~6%~/~ Maksymalnego Zdrowia i ~bl~12%~/~ Maksymalnej Energi na turę.;Her tur ~lg~6%~/~ Maks. Can ve ~bl~12%~/~ Maks. Enerji yenilenir.;Obnoví ~lg~6%~/~ max. zdraví a ~bl~12%~/~ max. energie za tah.
115;Каждое успешное попадание увеличивает степень эффекта (макс. ~w~6~/~) и продлевает его длительность на ~w~1~/~ ход.;Each successful attack grants an additional stack of the effect (up to ~w~6~/~) and prolongs its duration by ~w~1~/~ turn.;攻撃が成功するたびに効果が積み重なり（最大~w~6~/~回まで)、効果時間が~w~1~/~ターンずつ伸びる;Jeder erfolgreiche Angriff gewährt eine zusätzliche Stapelung des Effekts (bis zu ~w~6~/~) und verlängert seine Dauer um ~w~1~/~ Runde.;Cada ataque exitoso otorga otra carga del efecto (hasta ~w~6~/~) y extiende su duración ~w~1~/~ turno.;;Ogni attacco inferto conferisce un ulteriore livello dell'effetto (fino a un massimo di ~w~6~/~) e ne estende la durata di ~w~1~/~ turno.;Cada ataque com sucesso acumula uma carga adicional do efeito (até ~w~6~/~) e prolonga sua duração por ~w~1~/~ turno.;Każdy udany atak daje dodatkowy punkt do efektu (do ~w~6~/~) oraz wydłuża działanie o ~w~1~/~ turę.;Her başarılı saldırı, bu etkiye ek istif (~w~6~/~ istife kadar) sağlar ve süresini ~w~1~/~ tur uzatır.;Každý úspěšný útok zaručuje další bod efektu (až do ~w~6~/~) a prodlužuje jeho trvání o ~w~1~/~ tah.
116;Каждый раз, когда заклинатель ~r~теряет~/~ здоровье, аналогичное количество здоровья ~lg~восстанавливается~/~ всем союзникам в его зоне видимости, а их активные перезарядки снижаются на ~w~1~/~ ход.;Each time the caster takes ~r~Damage~/~, the same amount of health is ~lg~replenished~/~ for their allies within the caster's Vision and their active Cooldowns are reduced by ~w~1~/~ turn.;詠唱者が~r~ダメージ~/~を受けるたび、詠唱者の視界内に存在する味方に対して、同量の体力が~lg~補充~/~され、発生中のクールダウンが~w~1~/~ターン短縮される;Jedes Mal, wenn der Zaubernde ~r~Schaden~/~ nimmt, wird die gleiche Menge an Gesundheit für seine Verbündeten innerhalb des Sichtfeldes des Zaubernden ~lg~aufgefüllt~/~ und ihre aktiven Abklingzeiten werden um ~w~1~/~ Runde reduziert.;Cada vez que el taumaturgo recibe ~r~daño~/~, sus aliados dentro de su visión ~lg~recuperan~/~ esa misma cantidad de vida y sus enfriamientos se reducen ~w~1~/~ turno.;;Quando l'invocatore subisce ~r~Danni~/~, la stessa quantità di Salute viene ~lg~ripristinata~/~ agli alleati presenti entro il suo campo visivo, riducendo inoltre i loro Tempi di Ricarica attivi di ~w~1~/~ turno.;Cada vez que o lançador recebe ~r~Dano~/~, a mesma quantidade de vida é ~lg~restaurada~/~ para os aliados dentro do campo de visão do lançador, e as Recargas ativas deles são reduzidas por ~w~1~/~ turno.;Za każdym razem, gdy rzucający otrzyma ~r~Obrażenia~/~, ta sama ilość w Zdrowiu jest ~lg~odnowiona~/~ jego sojusznikom w zasięgu wzroku rzucającego. Ich aktywne Czasy Odnowień są zmniejszone o ~w~1~/~ turę.;Büyünün sahibi her ~r~Hasar~/~ aldığında, onun Görüş Alanı içerisindeki müttefiklerinin aynı miktarda canı ~lg~yenilenir~/~ ve aktif Dolum süreçleri ~w~1~/~ tur azalır.;Pokaždé, když sesílající obdrží ~r~poškození~/~, je ~lg~obnoveno~/~ stejné množství zdraví jeho spojencům, kteří jsou v jeho dohledu a jejich doba obnovení je snížena o ~w~1~/~ tah.
117;None;None;None;None;None;;None;None;None;None;None
118;None;None;None;None;None;;None;None;None;None;None
119;Сила эффекта пересчитывается в зависимости от количества врагов в зоне видимости.;The effect's strength is calculated dynamically based on the amount of enemies within Vision.;この効果の強さは視界内の敵の数に応じて動的に計算される;Die Stärke des Effekts wird dynamisch auf Grundlage der Anzahl der Feinde im Sichtfeld berechnet.;La fuerza del efecto se calcula de forma dinámica según la cantidad de enemigos dentro de tu rango de visión.;;La potenza dell'effetto è calcolata in base alla quantità di nemici presenti entro il campo visivo del personaggio.;A potência deste efeito é calculada dinamicamente com base na quantidade de inimigos dentro de seu Campo de Visão.;Siła efektu jest obliczana dynamicznie na bazie ilości przeciwników w zasięgu Widoku.;Etkinin kuvveti, Görüş Alanı içerisindeki düşman sayısına göre dinamik olarak hesaplanır.;Síla tohoto efektu je vypočítána dynamicky na základě počtu nepřátel v dohledu.
120;Сила эффекта пересчитывается в зависимости от количества врагов в зоне видимости.;The effect's strength is calculated dynamically based on the amount of enemies within Vision.;この効果の強さは視界内の敵の数に応じて動的に計算される;Die Stärke des Effekts wird dynamisch auf Grundlage der Anzahl der Feinde im Sichtfeld berechnet.;La fuerza del efecto se calcula de forma dinámica según la cantidad de enemigos dentro de tu rango de visión.;;La potenza dell'effetto è calcolata in base alla quantità di nemici presenti entro il campo visivo del personaggio.;A potência deste efeito é calculada dinamicamente com base na quantidade de inimigos dentro de seu Campo de Visão.;Siła efektu jest obliczana dynamicznie na bazie ilości przeciwników w zasięgu Widoku.;Etkinin kuvveti, Görüş Alanı içerisindeki düşman sayısına göre dinamik olarak hesaplanır.;Síla tohoto efektu je vypočítána dynamicky na základě počtu nepřátel v dohledu.
121;Сила эффекта пересчитывается в зависимости от уровня здоровья.;The effect's strength is calculated dynamically based on the amount of Health.;この効果の強さは体力の量に応じて動的に計算される;Die Stärke des Effekts wird dynamisch auf Grundlage der Gesundheit berechnet.;La fuerza del efecto se calcula de forma dinámica según la cantidad de vida.;;La potenza dell'effetto è calcolata in base alla quantità di Salute del personaggio.;A potência deste efeito é calculada dinamicamente com base na quantidade de Vida do personagem.;Siła efektu jest obliczana dynamicznie na bazie ilości Zdrowia.;Etkinin kuvveti, Görüş Alanı içerisindeki düşman sayısına göre dinamik olarak hesaplanır.;Síla tohoto efektu je vypočítána dynamicky na základě množství zdraví.
122;Уменьшает все активные перезарядки способностей на ~w~1~/~ каждый ход.;Reduces all active Cooldowns by ~w~1~/~ each turn.;ターンごとに発動中のクールダウンが~w~1~/~ターンずつ短縮される;Reduziert alle aktiven Abklingzeiten um ~w~1~/~ in jeder Runde.;Cada turno. reduce todos los enfriamientos activos ~w~1~/~ turno.;;Ogni turno riduce i Tempi di Ricarica attivi di ~w~1~/~ turno.;Cada turno reduz a Duração de Recarga ativa por ~w~1~/~ turn.;Redukuje wszystkie aktywne Czasy Odnowień o ~w~1~/~ w każdej turze.;Her tur, tüm aktif Dolum süreçleri ~w~1~/~ azalır.;Každé kolo sníží aktivní doby obnovení o ~w~1~/~ tah.
123;None;None;None;None;None;None;None;None;None;None;None
124;None;None;None;None;None;;None;None;None;None;
;buff_desc_end;buff_desc_end;buff_desc_end;buff_desc_end;buff_desc_end;buff_desc_end;buff_desc_end;buff_desc_end;buff_desc_end;buff_desc_end;buff_desc_end