;Русский;English;中文;Deutsch;Español;Français;Italiano;Português;Polski;Türkçe;Čeština
;Names;Names;Names;Names;Names;Names;Names;Names;Names;Names;Names
;male_human;male_human;male_human;male_human;male_human;male_human;male_human;male_human;male_human;male_human;male_human
;Абер;Aber;アーベル;Aber;Aber;;Aber;Aber;Aber;Aber;Aber
;Адал;Adal;アダル;Adal;Adal;;Adal;Adal;Adal;Adal;Adal
;Альвин;Alwyn;アルウィン;Alwyn;Alwyn;;Alwyn;Alwyn;Alwyn;Alwyn;Alwyn
;Альфред;Alfred;アルフレッド;Alfred;Alfred;;Alfred;Alfred;Alfred;Alfred;Alfred
;Арн;Arn;アルン;Arn;Arn;;Arn;Arn;Arn;Arn;Arn
;Джодар;Jodar;ヨダール;Jodar;Jodar;;Jodar;Jodar;Jodar;Jodar;Jodar
;Иврик;Ivrick;イヴリック;Ivrick;Ivrick;;Ivrick;Ivrick;Ivrick;Ivrick;Ivrick
;Идрих;Idrich;アイドリック;Idrich;Idrich;;Idrich;Idrich;Idrich;Idrich;Idrich
;Йорр;Yorr;ヨール;Yorr;Yorr;;Yorr;Yorr;Yorr;Yorr;Yorr
;Йотан;Jotan;ヨタン;Jotan;Jotan;;Jotan;Jotan;Jotan;Jotan;Jotan
;Йоран;Yoran;ヨーラン;Yoran;Yoran;;Yoran;Yoran;Yoran;Yoran;Yoran
;Ирвен;Yrven;ヨルヴェン;Yrven;Yrven;;Yrven;Yrven;Yrven;Yrven;Yrven
;Овир;Ovyr;オヴィール;Ovyr;Ovyr;;Ovyr;Ovyr;Ovyr;Ovyr;Ovyr
;Рольд;Rold;ロールド;Rold;Rold;;Rold;Rold;Rold;Rold;Rold
;Свенн;Svenn;スヴェン;Svenn;Svenn;;Svenn;Svenn;Svenn;Svenn;Svenn
;Стон;Ston;ストン;Ston;Ston;;Ston;Ston;Ston;Ston;Ston
;Тирон;Tyron;ティロン;Tyron;Tyron;;Tyron;Tyron;Tyron;Tyron;Tyron
;Унар;Unar;ユナール;Unar;Unar;;Unar;Unar;Unar;Unar;Unar
;Хейд;Hejd;ヘイド;Hejd;Hejd;;Hejd;Hejd;Hejd;Hejd;Hejd
;Эберт;Ebert;エバート;Ebert;Ebert;;Ebert;Ebert;Ebert;Ebert;Ebert
;Эдман;Edman;エドマン;Edman;Edman;;Edman;Edman;Edman;Edman;Edman
;Эльм;Elm;エルム;Elm;Elm;;Elm;Elm;Elm;Elm;Elm
;Эрн;Ern;エルン;Ern;Ern;;Ern;Ern;Ern;Ern;Ern
;male_human_end;male_human_end;male_human_end;male_human_end;male_human_end;male_human_end;male_human_end;male_human_end;male_human_end;male_human_end;male_human_end
;;;;;;;;;;;
;female_human;female_human;female_human;female_human;female_human;female_human;female_human;female_human;female_human;female_human;female_human
;Ада;Ada;アーダ;Ada;Ada;;Ada;Ada;Ada;Ada;Ada
;Альвира;Alwyra;アルウィラ;Alwyra;Alwyra;;Alwyra;Alwyra;Alwyra;Alwyra;Alwyra
;Берта;Berta;ベルタ;Berta;Berta;;Berta;Berta;Berta;Berta;Berta
;Брюнна;Brunna;ブルンナ;Brunna;Brunna;;Brunna;Brunna;Brunna;Brunna;Brunna
;Вальда;Valda;ヴァルダ;Valda;Valda;;Valda;Valda;Valda;Valda;Valda
;Ивонна;Yvonna;イヴォンナ;Yvonna;Yvonna;;Yvonna;Yvonna;Yvonna;Yvonna;Yvonna
;Ида;Ida;アイダ;Ida;Ida;;Ida;Ida;Ida;Ida;Ida
;Иза;Isa;アイサ;Isa;Isa;;Isa;Isa;Isa;Isa;Isa
;Кора;Kora;コーラ;Kora;Kora;;Kora;Kora;Kora;Kora;Kora
;Линда;Linda;リンダ;Linda;Linda;;Linda;Linda;Linda;Linda;Linda
;Ода;Oda;オーダ;Oda;Oda;;Oda;Oda;Oda;Oda;Oda
;Сильва;Sylva;シルヴァ;Sylva;Sylva;;Sylva;Sylva;Sylva;Sylva;Sylva
;Эбба;Ebba;エバ;Ebba;Ebba;;Ebba;Ebba;Ebba;Ebba;Ebba
;female_human_end;female_human_end;female_human_end;female_human_end;female_human_end;female_human_end;female_human_end;female_human_end;female_human_end;female_human_end;female_human_end
;;;;;;;;;;;
;Names_end;Names_end;Names_end;Names_end;Names_end;Names_end;Names_end;Names_end;Names_end;Names_end;Names_end
;;;;;;;;;;;
;;;;;;;;;;;
NPC_info;NPC_info;NPC_info;NPC_info;NPC_info;NPC_info;NPC_info;NPC_info;NPC_info;NPC_info;NPC_info;NPC_info
;;;;;;;;;;;
;// race & sex;;;;;;;;;;
;;;;;;;;;;;
male;Мужской;Male;男性;Männlich;Hombre;;Maschio;Masculino;Mężczyzna;Erkek;Muž
female;Женский;Female;女性;Weiblich;Mujer;;Femmina;Feminino;Kobieta;Kadın;Žena
human;человек;Human;人間;Mensch;Humano;;Umano;Humano;Człowiek;İnsan;Člověk
;;;;;;;;;;;
;// settlements;;;;;;;;;;
;;;;;;;;;;;
osbrook;Осбрук;Osbrook;オスブルック;Osbrook;Osbrook;;Osbrook;Osbrook;Osbrook;Osbrook;Osbrook
mannshire;Манншир;Mannshire;マンシャー;Mannshire;Mannshire;;Mannshire;Mannshire;Mannshire;Mannshire;Mannshire
;;;;;;;;;;;
;// factions;;;;;;;;;;
;;;;;;;;;;;
Grand Magistrate;Великий Магистрат;Grand Magistrate;大判事派;Großer Magistrat;Gran Magisterio;;Gran Magistratura;Grande Magistrado;Wielki Magistrat;Büyük Yargıç;Velký Magistrát
;;;;;;;;;;;
;// occupations;;;;;;;;;;
;;;;;;;;;;;
elder;Старейшина;Elder;長老;Ältester;Anciano;;Anziano;Ancião;Starszy Wioski;İhtiyar;Stařešina
innkeeper;Трактирщик;Innkeeper;宿屋の主人;Gastwirt;Tabernero;;Locandiere;Estalajadeiro;Karczmarz;Hancı;Hospodský
hostess;Хозяйка;Hostess;女主人;Gastwirtin;Camarera;;Locandiera;Estalajadeira;Służka;Garson;Služka
stableman;Конюх;Stableman;厩務員;Stallknecht;Trabajador del establo;;Stalliere;Cavalariço;Stajenny;Seyis;Podkoní
guard;Стражник;Guard;衛兵;Wache;Guardia;;Guardia;Guarda;Strażnik;Muhafız;Strážce
guard_sergeant;Сержант;Sergeant;隊長;Unteroffizier;Sargento;;Sergente;Sargento;Sierżant;Çavuş;Seržant
peasant;Крестьянин;Peasant;農民;Bauer;Plebe;;Bracciante;Camponês;Wieśniak;Köylü;Sedlák
butcher;Мясник;Butcher;肉屋;Metzger;Carnicero;;Macellaio;Açougueiro;Rzeźnik;Kasap;Řezník
food_trader;Торговка едой;Food Trader;食品商人;Lebensmittelhändler;Comerciante de alimentos;;Commerciante di Alimentari;Mercador de alimentos;Sprzedawca Jedzenia;Gıda Tüccarı;Prodavač jídla
vegetable_trader;Торговка овощами;Vegetable Trader;野菜商人;Gemüsehändler;Comerciante de vegetales;;Commerciante di Verdura;Mercador de vegetais;Sprzedawca Warzyw;Sebze Tüccarı;Prodavač zeleniny
fruit_trader;Торговка фруктами;Fruit Trader;果物商人;Obsthändler;Comerciante de frutas;;Fruttivendolo;Mercador de frutas;Sprzedawca Owoców;Meyve Tüccarı;Prodavač ovoce
merchant;Купец;Merchant;商人;Händler;Mercader;;Mercante;Mercador;Handlarz;Tüccar;Obchodník
smith;Кузнец;Smith;鍛冶屋;Schmied;Herrero;;Fabbro;Ferreiro;Kowal;Demirci;Kovář
herbalist;Травник;Herbalist;薬草屋;Kräuterkundiger;Herbolario;;Erborista;Herborista;Zielarz;Aktar;Bylinkář
carpenter;Плотник;Carpenter;大工;Zimmermann;Carpintero;;Falegname;Carpinteiro;Stolarz;Marangoz;Tesař
drunkard;Пьяница;Drunkard;酔っ払い;Trunkenbold;Borracho;;Ubriacone;Bêbado;Pijaczyna;Ayyaş;Ožrala
beggar;Попрошайка;Beggar;乞食;Bettler;Mendigo;;Mendicante;Pedinte;Żebrak;Dilenci;Žebrák
miller;Мельник;Miller;製粉屋;Müller;Molinero;;Mugnaio;Moleiro;Młynarz;Değirmenci;Mlynář
tailor;Портной;Tailor;仕立屋;Schneider;Sastre;;Sarta;Alfaiate;Krawiec;Terzi;Krejčí
emissar;Посланник;Emissar;使者;Gesandter;Embajador;;Emissario;Emissário;Emisariusz;Temsilci;Vyslanec
daughter;Купеческая дочка;Merchant's Daughter;商人の娘;Händlerstochter;Hija del mercader;;Figlia del Mercante;Filha do mercador;Córka Handlarza;Tüccarın Kızı;Obchodníkova dcera
governor;Наместник;Governor;知事;Gouverneur;Gobernador;;Governatore;Governante;Burmistrz;Vali;Guvernér
innkeeperess;Трактирщица;Innkeeperess;宿屋の女主人;Gastwirtin;Tabernera;;Locandiera;Estalajadeira;Gospodyni;Hancı;Hospodská
host;Хозяин;Host;主人;Gastgeber;Anfitrión;;Ospite;Anfitrião;Gospodarz;Garson;Hostitel
apprentice;Подмастерье;Apprentice;見習い;Lehrling;Aprendiz;;Apprendista;Aprendiz;Nowicjusz;Çırak;Učeň
old_hilda;Крестьянка;Peasant;農民;Bauer;Aldeana;;Bracciante;Camponesa;Wieśniak;Köylü;Sedlák
healer;Священник;Priest;聖職者;Priester;Sacerdote;;Sacerdote;Sacerdote;Kapłan;Rahip;Kněz
shepherd;Пастух;Shepherd;羊飼い;Schäfer;Pastor;;Pastore;Pastor;Pasterz;Çoban;Pastýř
;;;;;;;;;;;
NPC_info_end;NPC_info_end;NPC_info_end;NPC_info_end;NPC_info_end;NPC_info_end;NPC_info_end;NPC_info_end;NPC_info_end;NPC_info_end;NPC_info_end;NPC_info_end
;;;;;;;;;;;
Constant_Name;Constant_Name;Constant_Name;Constant_Name;Constant_Name;Constant_Name;Constant_Name;Constant_Name;Constant_Name;Constant_Name;Constant_Name;Constant_Name
1;Одар;Odar;オダール;Odar;Odar;;Odar;Odar;Odar;Odar;Odar
2;Брюкк;Brukk;ブルック;Brukk;Brukk;;Brukk;Brukk;Brukk;Brukk;Brukk
3;Берт;Bert;バート;Bert;Bert;;Bert;Bert;Bert;Bert;Bert
4;Кнуд;Knud;クヌート;Knud;Knud;;Knud;Knud;Knud;Knud;Knud
5;Анзельм;Anselm;アンセルム;Anselm;Anselm;;Anselm;Anselm;Anselm;Anselm;Anselm
6;Ормонд;Ormond;オルモンド;Ormond;Ormond;;Ormond;Ormond;Ormond;Ormond;Ormond
7;Хольд;Hold;ホルド;Hold;Hold;;Hold;Hold;Hold;Hold;Hold
8;Маргит;Margyt;マルギル;Margyt;Margyt;;Margyt;Margyt;Margyt;Margyt;Margyt
9;Гина;Gina;ジーナ;Gina;Gina;;Gina;Gina;Gina;Gina;Gina
10;Фрид;Frid;フリド;Frid;Frid;;Frid;Frid;Frid;Frid;Fried
11;Юрг;Jurg;ユルグ;Jurg;Jurg;;Jurg;Jurg;Jurg;Jurg;Jurg
12;Рона;Rona;ロナ;Rona;Rona;;Rona;Rona;Rona;Rona;Rona
13;Рам;Ram;ラム;Ram;Ram;;Ram;Ram;Ram;Ram;Ram
14;Урса;Ursa;ウルサ;Ursa;Ursa;;Ursa;Ursa;Ursa;Ursa;Ursa
15;Рикерд;Rickerd;リッケルト;Rickerd;Rickerd;;Rickerd;Rickerd;Rickerd;Rickerd;Rickerd
16;Джебар;Jebar;イェベール;Jebar;Jebar;;Jebar;Jebar;Jebar;Jebar;Jebar
17;Гюнда;Gunda;グンダ;Gunda;Gunda;;Gunda;Gunda;Gunda;Gunda;Gunda
18;Ральд;Rald;ラルド;Rald;Rald;;Rald;Rald;Rald;Rald;Rald
19;Агна;Agna;アグナ;Agna;Agna;;Agna;Agna;Agna;Agna;Agna
20;Джош;Josh;ヨシュ;Josh;Josh;;Josh;Josh;Josh;Josh;Josh
21;Кельз;Celz;ケルツ;Celz;Celz;;Celz;Celz;Celz;Celz;Celz
22;Лотар;Lotar;ロタール;Lotar;Lotar;;Lotar;Lotar;Lotar;Lotar;Lotar
23;Фрида;Frida;フリーダ;Frida;Frida;;Frida;Frida;Frida;Frida;Frida
24;Дитрих;Dietrich;ディートリク;Dietrich;Dietrich;;Dietrich;Dietrich;Dietrich;Dietrich;Dietrich
25;Линд;Lynd;リンド;Lynd;Lynd;;Lynd;Lynd;Lynd;Lynd;Lynd
26;Хильда;Hilda;ヒルダ;Hilda;Hilda;;Hilda;Hilda;Hilda;Hilda;Hilda
27;Аренн;Arenn;アレン;Arenn;Arenn;;Arenn;Arenn;Arenn;Arenn;Arenn
28;Сельма;Selma;セルマ;Selma;Selma;;Selma;Selma;Selma;Selma;Selma
29;Герлот;Gerlot;ゲルロット;Gerlot;Gerlot;;Gerlot;Gerlot;Gerlot;Gerlot;Gerlot
30;Ута;Uta;ウタ;Uta;Uta;;Uta;Uta;Uta;Uta;Uta
31;Дирк;Dirk;ディルク;Dirk;Dirk;;Dirk;Dirk;Dirk;Dirk;Dirk
32;Ирма;Irma;イルマ;Irma;Irma;;Irma;Irma;Irma;Irma;Irma
33;Дора;Dora;ドーラ;Dora;Dora;;Dora;Dora;Dora;Dora;Dora
34;Вебер;Weber;ウェベール;Weber;Weber;N/A;Weber;Weber;Weber;Weber;Weber
35;Альба;Alba;アルバ;Alba;Alba;;Alba;Alba;Alba;Alba;Alba
36;Алан;Alan;アラン;Alan;Alan;;Alan;Alan;Alan;Alan;Alan
37;Манн;Mann;マン;Mann;Mann;;Mann;Mann;Mann;Mann;Mann
Constant_Name_end;Constant_Name_end;Constant_Name_end;Constant_Name_end;Constant_Name_end;Constant_Name_end;Constant_Name_end;Constant_Name_end;Constant_Name_end;Constant_Name_end;Constant_Name_end;Constant_Name_end