;Русский;English;中文;Deutsch;Español;Français;Italiano;Português;Polski;Türkçe;Čeština
специальные теги, не удалять, не изменять, при добавлении переносить вниз;potion_name;potion_name;potion_name;potion_name;potion_name;potion_name;potion_name;potion_name;potion_name;potion_name;potion_name
good_pt_healing;исцеления / Исцеляющее;of Healing / Healing;癒しの / 癒しの;der Heilung / Heilend;de Curación / Curativa;;della Salute / Debellante;de Cura / Cura;Leczenia / Leczenia;İyileştiren;léčení / Léčivý
bad_pt_harm;вреда / Губительное;of Harm / Harmful;有害な / 有害な;der Schädigung / Schädigend;de Daño / Dañina;;del Pericolo / Pericolosa;de Prejuízo / Prejudicial;Bólu / Boląca;Zararlı;škodlivosti / Škodlivý
bad_pt_poison;отравления / Ядовитое;of Poison / Poisonous;毒の / 毒の;des Giftes / Giftig;de Veneno / Venenosa;;del Veleno / Velenosa;de Veneno / Venenosa;Trucizny / Trująca;Zehirli;jedu / Jedovatý
bad_pt_explosion;взрыва / Взрывоопасное;of Explosion / Explosive;爆発の / 爆発の;der Explosion / Explosiv;de Explosión / Explosiva;;dell'Esplosione / Esplosiva;de Explosão / Explosiva;Eksplozji / Wybuchowa;Patlayıcı;výbuchu / Výbušný
good_pt_pure;очищения / Очищающее;of Purification / Purifying;浄化の / 浄化の;der Reinigung / Reinigend;de Purificación / Purificadora;;della Purificazione / Purificante;de Purificação / Purificante;Oczyszczenia / Oczyszczająca;Arındırıcı;očisty / Očistný
bad_pt_narcotic;галлюцинаций / Наркотическое;of Hallucinations / Narcotic;幻覚の / 幻覚の;der Halluzinationen / Narkotisch;de Vértigo / Narcótica;;delle Allucinazioni / Allucinante;de Alucinações / Narcótica;Halucynacji / Narkotyczna;Halüsinojen;halucinací / Omamný
good_pt_teleport;//;//;//;//;//;;//;//;//;//;//
bad_pt_unstable;//;//;//;//;//;;//;//;//;//;//
good_pt_anestetic;анестезии / Обезболивающее;of Anesthesia / Anesthetic;麻酔の / 麻酔の;der Anästhesie / Anästhetisch;de Anestesia / Anestésica;;dell'Anestesia / Anestetizzante;de Anestesia / Anestésica;Znieczulenia / Znieczulająca;Anestezik;anestezie / Umrtvovací
good_pt_curiosity;любопытства / Любопытное;of Curiosity / Curious;好奇心の / 好奇心の;der Neugierde / Neugierig;de Curiosidad / Curiosa;;della Curiosità / Curiosa;de Curiosidade / Curiosa;Ciekawości / Ciekawa;Meraklı;zvídavosti / Zvídavý
bad_pt_oblivious;//;//;//;//;//;;//;//;//;//;//
good_pt_advancing;//;//;//;//;//;;//;//;//;//;//
good_pt_lifesteal;вампиризма / Вампирическое;of Life Drain / Vampiric;吸血鬼の / 吸血鬼の;des Lebensentzugs / Vampirisch;de Robo de vida / Vampírica;;del Prosciugamento / Vampirica;de Roubo de Vida / Vampírica;Wykradania Zdrowia / Wampiryczna;Can Çalan;sání života / Upírský
bad_pt_manaburn;выжигания / Выжигающее;of Manaburn / Manaburning;消耗の / 消耗の;des Manabrands / Manaverbrennend;de Quemadura de maná / Quemadora;;del Consumo / Logorante;de Queima de Mana / Mana Ardente;Spalania Many / Spalająca Manę;Mana Yakan;pálení many / Manu spalující
good_pt_mana;энергии / Восстанавливающее;of Energy / Energizing;活力の / 活力の;der Energie / Energetisch;de Energía / Energizante;;dell'Energia / Stimolante;de Energia / Energizante;Energii / Energetyczna;Enerjik;energie / Energizující
bad_pt_painfull;страданий / Болезненное;of Suffering / Painful;苦痛の / 苦痛の;des Leidens / Schmerzhaft;de Sufrimiento / Dolorosa;;della Sofferenza / Dolorosa;de Sofrimento / Dolorosa;Cierpienia / Bolesna;Ağrılı;utrpení / Bolestný
good_pt_painkilling;болеутоления / Болеутоляющее;of Painkilling / Painkilling;鎮痛の / 鎮痛の;der Schmerzstillung / Schmerzstillend;de Aliviamiento del dolor / Analgésica;;del Sollievo / Confortante;de Analgésico / Analgésica;Uśnieżająca / Uśnieżenia;Ağrı Kesici;zklidnění / Zklidňující
bad_pt_sedative;усыпления / Снотворное;of Sleeping / Sedative;眠りの / 眠りの;des Schlafens / Sedierend;de Sueño / Somnífera;;del Sonno / Sedativa;de Sono / Sedativa;Śpiąca / Usypiająca;Yatıştırıcı;spánku / Spací
good_pt_antivenom;противоядия / Знахарское;of Antivenom / Antivenomous;毒消しの / 毒消しの;des Gegengifts / Entgiftend;de Antiveneno / Antiveneno;;dell'Antidoto / Antivenefica;Antiveneno / Antídoto;Odtrucia / Odtruwająca;Panzehirli;protijedu / Protijedový
good_pt_stoneskin;каменной кожи / Защитное;of Stoneskin / Protective;保護の / 保護の;der Steinhaut / Schützend;de Piel de piedra / Protectora;;della Pietra / Protettiva;de Pele de Pedra / Protetora;Kamienna / Ochronna;Koruyucu;kamenné kůže / Ochranný
good_pt_satitution;насыщения / Питательное;of Satiety / Nutritional;満腹の / 満腹の;der Sättigung / Sättigend;de Saciedad / Nutricional;;della Sazietà / Nutriente;de Saciedade / Nutritiva;Nasycenia / Nasycająca;Doyurucu;nasycenosti / Výživný
bad_pt_hunger;голода / Истощающее;of Hunger / Famished;空腹の / 空腹の;des Hungers / Aushungernd;de Hambre / Famélica;;della Fame / Famelica;de Fome / Faminta;Głodu / Głodująca;Acıktıran;hladu / Hladový
bad_pt_ignition;воспламенения / Огнеопасное;of Ignition / Flammable;発火の / 発火の;der Entzündung / Entzündend;de Ignición / Inflamable;;delle Fiamme / Ardente;de Ignição / Inflamável;Podpalenia / Podpalająca;Tutuşturucu;zapálení / Hořlavý
bad_pt_freezing;оледенения / Замораживающее;of Frost / Freezing;凍結の / 凍結の;des Frosts / Einfrierend;de Escarcha / Congelante;;del Gelo / Congelante;de Gelo / Congelante;Zamrożenia / Zamrażająca;Dondurucu;mrazu / Mrazivý
bad_pt_confuse;замешательства / Дезориентирующее;of Confusion / Disorienting;混乱の / 混乱の;der Verwirrung / Desorientierend;de Confusión / Desorientadora;;della Confusione / Disorientante;de Confusão / Desorientadora;Zdziwienia / Dezorientująca;Kafa Karıştıran;zmatení / Matoucí
bad_pt_blinding;слепоты / Ослепляющее;of Blindness / Blinding;盲目の / 盲目の;der Blindheit / Blendend;de Ceguera / Cegadora;;della Cecità / Accecante;de Cegueira / Ofuscante;Ślepoty / Oślepiająca;Körleştiren;slepoty / Oslepující
good_pt_regeneration;регенерации / Лечебное;of Restoration / Restorative;回復の / 回復の;der Wiederherstellung / Wiederherstellend;de Regeneración / Restaurativa;;del Ristoro / Tonificante;de Recuperação / Restauradora;Odnowienia / Odnawiająca;Canlandırıcı;doplnění / Doplňující
good_pt_evasive;неуловимости / Уклончивое;of Elusiveness / Evasive;隠密の / 隠密の;der Unbestimmtheit / Ausweichend;de Evasión / Evasiva;;dell'Elusività / Sfuggente;de Evasão / Evasiva;Omijająca / Omijania;Savuşturucu;úhybnosti / Úhybný
good_pt_accuracy;точности / Стабилизирующее;of Precision / Stabilizing;精密さの / 精密さの;der Präzision / Stabilisierend;de Precisión / Estabilizadora;;della Precisione / Stabilizzante;de Precisão / Estabilizante;Precyzji / Stabilizująca;Keskin Gözlü;přesnosti / Stabilizující
good_pt_fortifying;крепости / Укрепляющее;of Sturdiness / Fortifying;頑丈さの / 頑丈さの;der Robustheit / Stärkend;de Robustez / Fortificadora;;della Robustezza / Fortificante;de Resistência / Fortificante;Twardości / Fortyfikująca;Güçlendirici;statnosti / Posilující
good_pt_rage;ярости / Разъяряющее;of Rage / Infuriating;憤怒の / 憤怒の;der Wut / Wütendmachen;de Furia / Furiosa;;della Furia / Infuriante;de Fúria / Enfurecedora;Wściekłości / Wściekła;Çıldırtan;zuřivosti / Rozčilující
good_pt_deadless;смертоносности / Беспощадное;of Deadliness / Merciless;致命の / 致命の;der Tödlichkeit / Gnadenlos;de Mortalidad / Despiadada;;della Letalità / Inesorabile;de Letalidade / Impiedosa;Zabójczości / Bezlitosna;Acımasız;smrtelnosti / Nelítostný
bad_pt_drunk;опьянения / Крепкое;of Drunkenness / Potent;酒精の / 酒精の;der Trunkenheit / Potent;de Embriaguez / Potente;;dell'Ebbrezza / Forte;de Embriaguez / Alcoólica;Pijaństwa / Mocna;Sarhoş Edici;opilosti / Silný
bad_pt_clymsy;неуклюжести / Неуклюжее;of Clumsiness / Awkward;不器用さの / 不器用さの;der Ungeschicklichkeit / Unbeholfen;de Torpeza / Vergonzosa;;della Goffaggine / Maldestra;de Inabilidade / Desajeitada;Nieostrożności / Dziwna;Beceriksiz;nemotornosti / Divný
bad_pt_fragility;хрупкости / Смягчающее;of Fragility / Softening;軟化の / 軟化の;der Gebrechlichkeit / Weichmachend;de Fragilidad / Suavizante;;della Fragilità / Smorzante;de Fragilidade / Amolecedora;Kruchości / Delikatna;Kırılgan;křehkosti / Změkčující
bad_pt_weakening;ослабления / Обессиливающее;of Weakness / Enervating;弱体化の / 弱体化の;der Schwächung / Entkräftend;de Debilidad / Enervante;;della Debolezza / Estenuante;de Fraqueza / Enfraquecedora;Osłabienia / Osłabiająca;Güçsüzleştiren;slabosti / Vyčerpávající
good_pt_enrichment;//;//;//;//;//;;//;//;//;//;//
good_pt_mana_drain;похищения энергии / Вытягивающее;of Energy Drain / Siphoning;吸収の / 吸収の;des Energieentzugs / Aussaugend;de Robo de energía / Drenante;;dello Sfiancamento / Sfiancante;de Roubo de Energia / Sugadora;Wykradania Energii / Wysysająca;Enerji Çalan;sání energie / Sifonický
bad_pt_intoxication;интоксикации / Токсичное;of Intoxication / Toxic;有毒の / 有毒の;der Vergiftung / Toxisch;de Intoxicación / Tóxica;;dell'Intossicazione / Intossicante;de Intoxicação / Tóxica;Zatrucia / Toksyczna;Toksik;intoxikace / Toxický
;potion_name_end;potion_name_end;potion_name_end;potion_name_end;potion_name_end;potion_name_end;potion_name_end;potion_name_end;potion_name_end;potion_name_end;potion_name_end
;;;;;;;;;;;
;potion_effect;potion_effect;potion_effect;potion_effect;potion_effect;potion_effect;potion_effect;potion_effect;potion_effect;potion_effect;potion_effect
good_pt_healing;Исцеление;Healing;回復;Heilung;curativo / curativa / curativos / curativas;;Guarigione;Cura;Leczenie;İyileştirme;Léčení
bad_pt_harm;Вред;Harm;有害;Schädigung;Daño;;Dolore;Prejuízo;Ból;Zararlı;Bolest
bad_pt_poison;Отравление;Poison;毒;Gift;Veneno;;Veleno;Veneno;Zatrucie;Zehirlenme;Jed
bad_pt_explosion;Взрыв;Explosion;爆発;Explosion;Explosión;;Esplosione;Explosão;Eksplozja;Patlayıcı;Výbuch
good_pt_pure;Очищение;Purification;浄化;Reinigung;Purificación;;Purificazione;Purificação;Oczyszczenie;Arındırma;Očištění
bad_pt_narcotic;Приход;Bad Trip;幻覚;Horrortrip;Vértigo;;Bad Trip;Viagem Ruim;Urwany Film;Ölüm Tribi;Úlet
good_pt_teleport;//;//;//;//;//;;//;//;//;//;//
bad_pt_unstable;//;//;//;//;//;;//;//;//;//;//
good_pt_anestetic;Анестезия;Anesthesia;麻酔;Anästhesie;Anestesia;;Anestesia;Anestesia;Uśnieżenie;Anestezi;Umrtvení
good_pt_curiosity;Восприимчивость;Receptivity;受容力;Aufnahmebereitschaft;Receptividad;;Ricettività;Receptividade;Wrażliwość;Çabuk Kavrama;Vnímavost
bad_pt_oblivious;//;//;//;//;//;;//;//;//;//;//
good_pt_advancing;//;//;//;//;//;;//;//;//;//;//
good_pt_lifesteal;Похищение жизни;Life Drain;体力吸収;Lebensentzug;Robo de vida;;Prosciugamento Vitale;Roubo de Vida;Wykradanie Zdrowia;Can Çalma;Sání života
bad_pt_manaburn;Выжигание энергии;Energy Burn;エネルギー消耗;Energiebrand;Daño a la energía;;Consumo Energetico;Queima de Energia;Wykradanie Energii;Enerji Yakma;Pálení energie
good_pt_mana;Энергия;Energy;エネルギー;Energie;Energía;;Energia;Energia;Energia;Enerji;Energie
bad_pt_painfull;Страдание;Suffering;苦痛;Leiden;Sufrimiento;;Sofferenza;Sofrimento;Cierpienie;Ağrı Verici;Utrpení
good_pt_painkilling;Болеутоление;Painkilling;鎮痛;Schmerzstillung;Analgésica;;Antidolorifico;Analgésico;Uśnieżenie;Ağrı Kesici;Znecitlivění
bad_pt_sedative;Усыпление;Sedation;鎮静;Sedierung;Sedación;;Sedativo;Sedação;Opanowanie;Uyku;Uspání
good_pt_antivenom;Противоядие;Antivenom;抗毒;Gegengift;Antiveneno;;Antidoto;Antiveneno;Odtrucie;Panzehir;Protijed
good_pt_stoneskin;Каменная кожа;Stoneskin;石肌;Steinhaut;Piel de piedra;;Pelle di Pietra;Pele de Pedra;Kamienna Skóra;Taş Deri;Kamenná kůže
good_pt_satitution;Насыщение;Satiation;飽食;Sättigung;Saciedad;;Sazietà;Saciedade;Sytość;Tokluk;Nasycení
bad_pt_hunger;Голод;Hunger;飢餓;Hunger;Hambre;;Fame;Fome;Głód;Açlık;Hlad
bad_pt_ignition;Воспламенение;Ignition;発火;Entzündung;Ignición;;Incendio;Ignição;Podpalenie;Yanmış;Vzplanutí
bad_pt_freezing;Оледенение;Freezing;氷結;Frieren;Congelación;;Congelamento;Congelamento;Zamrożenie;Donmuş;Zmrazení
bad_pt_confuse;Замешательство;Confusion;混乱;Verwirrung;Confusión;;Confusione;Confusão;Dezorientacja;Kafa Karışıklığı;Zmatení
bad_pt_blinding;Слепота;Blindness;盲目;Blindheit;Ceguera;;Cecità;Cegueira;Ślepota;Körlük;Slepota
good_pt_regeneration;Регенерация;Restoration;回復;Wiederherstellung;Regeneración;;Rigenerazione;Recuperação;Odnawianie;Hızlı Yenilenme;Doplnení
good_pt_evasive;Неуловимость;Elusiveness;隠密;Flüchtigkeit;Evasión;;Elusività;Evasão;Unikliwość;Yakalanmaz;Prchavost
good_pt_accuracy;Точность;Accuracy;精度;Genauigkeit;Precisión;;Precisione;Precisão;Celność;Mükemmel İsabet;Přesnost
good_pt_fortifying;Крепость;Sturdiness;頑健;Robustheit;Aguante;;Resistenza;Resistência;Krzepkość;Sağlam;Statnost
good_pt_rage;Ярость;Rage;激怒;Wut;Furia;;Rabbia;Fúria;Szał;Savaş Öfkesi;Zuřivost
good_pt_deadless;Смертоносность;Deadliness;致命;Tödlichkeit;Mortalidad;;Letalità;Letalidade;Zabójczość;Ölümcüllük;Smrtelnost
bad_pt_drunk;Опьянение;Drunkeness;酩酊;Trunkenheit;Borrachera;;Ebbrezza;Embriaguez;Pijaństwo;Sarhoş;Opilost
bad_pt_clymsy;Неуклюжесть;Clumsiness;不器用;Ungeschicklichkeit;Torpeza;;Goffaggine;Inabilidade;Niezdarność;Sakar;Nemotornost
bad_pt_fragility;Хрупкость;Frailness;軟化;Gebrechlichkeit;Fragilidad;;Fragilità;Fragilidade;Porażka;Kırılganlık;Křehkost
bad_pt_weakening;Ослабление;Weakness;弱体化;Schwäche;Debilidad;;Debolezza;Fraqueza;Słabość;Halsizlik;Slabost
good_pt_enrichment;//;//;//;//;//;;//;//;//;//;//
good_pt_mana_drain;Похищение энергии;Energy Drain;エネルギー吸収;Energieentzug;Robo de energía;;Prosciugamento Energetico;Roubo de Energia;Wykradanie Energii;Enerji Çalma;Sání energie
bad_pt_intoxication;Интоксикация;Intoxication;中毒;Vergiftung;Intoxicación;;Intossicazione;Intoxicação;Zatrucie;İntoksikasyon;Intoxikace
;potion_effect_end;potion_effect_end;potion_effect_end;potion_effect_end;potion_effect_end;potion_effect_end;potion_effect_end;potion_effect_end;potion_effect_end;potion_effect_end;potion_effect_end
;;;;;;;;;;;
;potion_quality;potion_quality;potion_quality;potion_quality;potion_quality;potion_quality;potion_quality;potion_quality;potion_quality;potion_quality;potion_quality
;Безупречное;Flawless;最高級;Makellos;Perfecta;;Pozione Impeccabile;Impecável;Czysta;Kusursuz;Bezchybný
;Сбалансированное;Balanced;バランス;Ausgewogen;Balanceada;;Pozione Bilanciata;Balanceada;Zbalansowana;Dengeli;Vyvážený
;Сомнительное;Dubious;不審;Fragwürdig;Dudosa;;Pozione Equivoca;Duvidosa;Podejrzana;Kararsız;Pochybný
;Вредоносное;Harmful;有害;Schädigend;Peligrosa;;Pozione Nociva;Prejudicial;Szkodliwa;Zararlı;Škodlivý
;potion_quality_end;potion_quality_end;potion_quality_end;potion_quality_end;potion_quality_end;potion_quality_end;potion_quality_end;potion_quality_end;potion_quality_end;potion_quality_end;potion_quality_end
;;;;;;;;;;;
;potion_desc;potion_desc;potion_desc;potion_desc;potion_desc;potion_desc;potion_desc;potion_desc;potion_desc;potion_desc;potion_desc
good_pt_healing;Восстанавливает здоровье.;Restores Health.;体力を回復する。;Stellt Gesundheit wieder her.;Recupera puntos de vida.;;Ripristina la Salute.;Recupera vida.;Odnawia Zdrowie.;Can yenilenir.;Doplňuje zdraví.
bad_pt_harm;Наносит урон.;Damages Health.;体力にダメージを受ける。;Schädigt Gesundheit.;Daña los puntos de vida.;;Danneggia la Salute.;Perde vida.;Obniża Zdrowie.;Can zarar alır.;Poškozuje zdraví.
bad_pt_poison;Отравляет.;Poisons.;毒を受ける。;Vergiftet.;Envenena.;;Ti avvelena.;Envenena.;Zatruwa.;Zehirler.;Otráví.
bad_pt_explosion;Наносит травмирующий урон.;Deals Bodypart Damage;体の部位にダメージを与える。;Fügt Körperteilen Schaden zu.;Inflige daño al cuerpo.;;Infligge Danni Anatomici.;Causa dano às partes do corpo.;Zadaje obrażenia częsciom ciała.;Uzuv Hasarı verir.;Uděluje poškození části těla.
good_pt_pure;Избавляет от нескольких активных эффектов.;Removes some active effects.;発生中の効果をいくつか取り除く。;Entfernt einige aktive Effekte.;Elimina algunos efectos activos.;;Elimina alcuni effetti attivi.;Remove alguns efeitos negativos.;Usuwa część aktywnych efektów.;Bazı aktif etkileri kaldırır.;Odstraňuje některé aktivní efekty.
bad_pt_narcotic;Вызывает галлюцинации.;Causes Bad Trip.;幻覚を発生させる。;Löst einen Horrortrip aus.;Causa vértigo.;;Provoca Bad Trip.;Causa viagem ruim.;Powoduje Urwany Film.;Ölüm Tribi geçirtir.;Způsobuje úlet.
good_pt_teleport;//;//;//;//;//;;//;//;//;//;//
bad_pt_unstable;//;//;//;//;//;;//;//;//;//;//
good_pt_anestetic;Полностью снимает боль. Дает полную сопротивляемость боли на некоторое время.;Resets Pain. Gives full resistance to Pain for some time.;苦痛を元に戻す。#一定時間、苦痛に対して完全な耐性を得る。;Löst den Schmerz auf. Verleiht einige Zeit vollen Widerstand gegen Schmerz.;Reinicia el dolor. Otorga resistencia total al dolor por un tiempo.;;Azzera il Dolore. Ti rende temporaneamente resistente al Dolore.;Remove a dor. Concede resistência total à dor por algum tempo.;Resetuje Ból, daje pełną odporność na Ból na pewien czas.;Ağrıyı sıfırlar. Bir süre Ağrı direncini tam kapasiteye çıkarır.;Vynuluje bolest. Na nějaký čas poskytne plnou odolnost proti bolesti.
good_pt_curiosity;Делает восприимчивым.;Makes you Receptive.;物覚えが良くなる。;Macht dich aufmerksamer.;Te otorga recepción.;;Conferisce Ricettività.;Torna você receptivo.;Czyni cię Podatnym.;Çabuk Kavrama sağlar.;Dělá tě vnímavým.
bad_pt_oblivious;//;//;//;//;//;;//;//;//;//;//
good_pt_advancing;//;//;//;//;//;;//;//;//;//;//
good_pt_lifesteal;Позволяет похищать жизнь у врагов.;Allows you to Drain Health with your physical attacks.;物理攻撃で体力を吸収できるようになる。;Erlaubt dir, mit deinen phys. Angriffen, Leben zu entziehen..;Te permite robar vida con tus ataques físicos.;;Conferisce Prosciugamento Vitale ai tuoi attacchi fisici.;Permite que você roube vida com seus ataques físicos.;Pozwala na Wykradanie Zdrowia atakami fizycznymi.;Fiziksel saldırılarla Can Çalma sağlar.;Umožňuje tvým fyzickým útokům sání života.
bad_pt_manaburn;Сжигает энергию.;Burns Energy.;エネルギーを消費する。;Verbrennt Energie.;Quema la energía.;;Consuma Energia.;Queima sua energia.;Wypala Energię.;Enerji yakar.;Pálí energii.
good_pt_mana;Восстанавливает энергию.;Restores Energy.;エネルギーを回復する;Stellt Energie wieder her.;Recupera energía.;;Ripristina Energia.;Recupera energia.;Odnawia Energię.;Enerji yenilenir.;Doplňuje energii.
bad_pt_painfull;Причиняет боль.;Causes Pain.;苦痛を発生させる。;Verursacht Schmerz.;Causa dolor.;;Provoca Dolore.;Causa dor.;Powoduje Ból.;Ağrı yapar.;Způsobuje bolest.
good_pt_painkilling;Облегчает боль.;Decreases Pain.;苦痛を緩和する。;Verringert Schmerz.;Reduce el dolor.;;Riduce il Dolore.;Diminui a dor.;Zmniejsza Ból.;Ağrı azalır.;Snižuje bolest.
bad_pt_sedative;Погружает в сон.;Puts you to Sleep.;睡眠を引き起こす。;Versetzt dich in Schlaf.;Te pone a dormir.;;Ti fa addormentare.;Faz você dormir.;Kładzie cię spać.;Uyku yapar.;Uspí tě.
good_pt_antivenom;Снимает отравление. Снижает уровень интоксикации.;Removes Poisoning. Decreases Intoxication.;毒を取り除く。中毒を取り除く。;Entfernt Vergiftung. Verringert Intoxikation.;Cura cualquier envenenamiento. Reduce la intoxicación.;;Elimina Avvelenamento. Riduce Intossicazione.;Remove o envenenamento. Diminui a intoxicação.;Usuwa Truciznę, Zmniejsza Zatrucie.;Zehirlenme kaybolur. İntoksikasyon azalır.;Odstraňuje otravu. Sníží intoxikaci.
good_pt_stoneskin;Превращает кожу в камень.;Turns your skin into stone.;肌を石化する。;Verwandelt deine Haut in Stein.;Transforma tu piel en una capa de piedra.;;Trasforma la tua pelle in pietra.;Transforma sua pele em pedra.;Zamienia twoją skórę w kamień.;Derini taşlaştırır.;Proměňuje tvou kůži v kámen.
good_pt_satitution;Утоляет голод и жажду.;Satisfies Hunger and Thirst.;飢餓と渇水を満足させる。;Stillt Hunger und Durst.;Mata el hambre y la sed.;;Soddisfa Fame e Sete.;Sacia sua fome e sede.;Zaspokaja Głód i Pragnienie.;Açlık ve Susuzluk giderir.;Uspokojuje hlad a žízeň.
bad_pt_hunger;Вызывает голод или жажду.;Causes Hunger or Thirst.;飢餓と渇水を発生させる。;Verursacht Hunger oder Durst.;Causa hambre o sed.;;Provoca Fame o Sete.;Deixa você com fome e sede.;Powoduje Głód lub Pragnienie.;Açlık veya Susuzluğa neden olur.;Způsobuje hlad a žízeň.
bad_pt_ignition;Воспламеняет.;Ignites.;発火する。;Entzündet.;Prende fuego.;;Incendia.;Incendeia.;Podpala.;Tutuşturur.;Zapaluje.
bad_pt_freezing;Замораживает.;Freezes.;凍結する。;Friert ein.;Congela.;;Ti congela.;Congela.;Zamraża.;Dondurur.;Zamrazuje.
bad_pt_confuse;Вызывает замешательство.;Causes Confusion.;混乱を発生させる。;Verursacht Verwirrtheit.;Causa confusión.;;Provoca Confusione.;Causa confusão.;Powoduje dezorientację.;Kafa Karışıklığı yaratır.;Způsobuje zmatení.
bad_pt_blinding;Ослепляет.;Blinds.;目が見えなくなる。;Blendet.;Enceguece.;;Ti acceca.;Causa cegueira.;Oślepia.;Körlük yapar.;Oslepuje.
good_pt_regeneration;Ускоряет регенерацию.;Improves your Health Restoration;体力回復を増加させる。;Verbessert deine Gesundsheitsregeneration;Mejora tu regeneración de vida.;;Aumenta la tua Rigenerazione Salute.;Melhora sua recuperação de vida.;Zwiększa Regenerację Zdrowia.;Can Yenilenmesi artar.;Zlepšuje doplňování zdraví.
good_pt_evasive;Делает неуловимым.;Makes you Elusive.;発見されにくくなる。;Macht dich schwer zu fassen.;Te da evasión.;;Conferisce Elusività.;Torna você evasivo.;Czyni cię Nieuchwytnym.;Yakalanmaz yapar.;Dělá tě prchavým.
good_pt_accuracy;Делает потрясающе точным.;Makes you exceptionally Accurate.;精度をかなり改善する。;Macht dich außergewöhnlich genau.;Te da una precisión excepcional.;;Aumenta notevolmente la tua Precisione.;Torna você excepcionalmente preciso.;Czyni cię niezwykle Celnym.;Mükemmel İsabet sağlar.;Dělá tě výjimečně přesným.
good_pt_fortifying;Укрепляет.;Boosts your health.;体力を強化する。;Steigert deine Gesundheit.;Potencia tus puntos de vida.;;Potenzia la tua Salute.;Aumenta sua vida.;Poprawia twoje Zdrowie.;Can yükselir.;Zvýšuje tvoje zdraví.
good_pt_rage;Вызывает ярость.;Enrages.;激怒させる。;Macht wütend.;Enfurece.;;Ti manda su tutte le furie.;Enfurece.;Powoduje Wściekłość.;Öfkelendirir.;Rozzuřuje.
good_pt_deadless;Делает смертоносным.;Makes you Deadly.;瀕死になる。;Macht dich Tödlich.;Te vuelve mortal.;;Conferisce Furia Battagliera.;Torna você mais Mortífero.;Czyni cię Zabójczym.;Ölümcül yapar.;Dělá tě smrtícím.
bad_pt_drunk;Опьяняет.;Makes you Drunk.;酩酊状態になる。;Macht dich Betrunken.;Te emborracha.;;Conferisce Ubriachezza.;Te deixa Bêbado.;Czyni cię Pijanym.;Sarhoş eder.;Dělá tě opilým.
bad_pt_clymsy;Делает неуклюжим.;Makes you Clumsy.;不器用になる。;Macht dich Ungeschickt.;Te vuelve torpe.;;Conferisce Goffaggine.;Faz você ficar Desajeitado.;Czyni cię Niezdarnym.;Sakar yapar.;Dělá tě nemotorným.
bad_pt_fragility;Делает хрупким.;Makes you Fragile.;脆弱になる。;Macht dich Gebrechlich.;Te vuelve frágil.;;Conferisce Fragilità.;Torna você Frágil.;Czyni cię Podatnym.;Kırılgan yapar.;Dělá tě křehkým.
bad_pt_weakening;Ослабляет.;Weakens.;弱体化する。;Schwächt.;Debilita.;;Ti indebolisce.;Enfraquece.;Osłabia.;Halsizleştirir.;Oslabuje.
good_pt_enrichment;//;//;//;//;//;;//;//;//;//;//
good_pt_mana_drain;Позволяет похищать энергию у врагов.;Allows you to Drain Energy with your physical attacks.;物理攻撃でエネルギーを吸収できるようになる。;Erlaubt dir, mit deinen phys. Angriffen, Energie zu entziehen..;Te permite robar energía con tus ataques físicos.;;Conferisce Prosciugamento Energetico ai tuoi attacchi fisici.;Permite que você roube energia com seus ataques físicos.;Pozwala na wykradanie Energii atakami fizycznymi.;Fiziksel saldırılarla Enerji Çalma sağlar.;Umožňuje tvým fyzickým útokům sání energie.
bad_pt_intoxication;Увеличивает интоксикацию.;Increases Intoxication.;中毒を増加させる。;Erhöht Intoxikation.;Causa intoxicación.;;Aumenta Intossicazione.;Aumenta a intoxicação.;Zwiększa Zatrucie.;İntoksikasyon artar.;Zvyšuje intoxikaci.
;potion_desc_end;potion_desc_end;potion_desc_end;potion_desc_end;potion_desc_end;potion_desc_end;potion_desc_end;potion_desc_end;potion_desc_end;potion_desc_end;potion_desc_end