тип;Русский;English;中文;Deutsch;Español;Français;Italiano;Português;Polski;Türkçe;Čeština
;text;text;text;text;text;text;text;text;text;text;text
;;;;;;;;;;;
Escape the Dungeon;Выбраться из темницы;Escape the Dungeon;地下牢から脱出せよ;Fliehe aus dem Dungeon;Escapa de la mazmorra;;Fuggi dalla Prigione;Escape da masmorra;Wydostań się z Podziemi;Zindandan Kaç;Dostaň se z podzemí
Open Inventory;Открыть инвентарь;Open the Inventory;所持品を開け;Öffne das Inventar;Abre el inventario;;Apri il tuo Inventario;Abra o inventário;Otwórz Ekwipunek;Envanteri Aç;Otevři inventář
Take Off Shackles;Снять кандалы;Take Off Your Shackles;足枷を外せ;Entferne deine Fesseln;Libérate de las cadenas;;Togliti le Catene;Remova seus grilhões;Zdejmij Kajdany;Prangalardan Kurtul;Sundej si pouta
Examine the Cell;Осмотреть камеру;Examine the Cell;独房を調べろ;Untersuche die Zelle;Revisa la celda;;Esplora la Cella;Examine a cela;Rozejrzyj się po celi;Hücreyi Araştır;Prozkoumej celu
Search Locke's Body;Обыскать тело Лока;Search Locke's Body;ロックの亡骸を調べろ;Durchsuche Locke's Körper;Revisa el cuerpo de Locke;;Perquisisci il Corpo di Locke;Vasculhe o corpo de Locke;Przeszukaj ciało Lockego;Locke'un Üstünü Ara;Prohledej Lockovo tělo
Take Items;Забрать вещи;Pick Up the Items;アイテムを拾え;Nimm die Gegenstände;Toma los objetos;;Raccogli gli Oggetti;Pegue os itens;Podnieś przedmioty;Eşyaları Topla;Posbírej předměty
Satiate Hunger & Thirst;Утолить голод и жажду;Sate Your Hunger & Thirst;飢えと喉の渇きを満たせ;Stille deinen Hunger und Durst;Sacia tu hambre y sed;;Sazia Fame e Sete;Sacie sua fome e sede;Zaspokój Głód i Pragnienie;Açlık & Susuzluğunu Gider;Ukoj svůj hlad a žízeň
Escape the Cell;Выбраться из камеры;Escape From the Cell;独房から脱出せよ;Fliehe aus der Zelle;Escapa de la celda;;Fuggi dalla Cella;Escape da cela;Wydostań się z Celi;Hücreden Kaç;Dostaň se z cely
Pick the Lock;Взломать решетку;Pick the Lock;開錠せよ;Knacke das Schloss;Abre la cerradura;;Scassina la Serratura;Arrombe a fechadura;Otwórz zamek;Kilidi Aç;Odemkni zámek
Find the Exit;Найти выход;Find the Way Out;出口を探せ;Finde einen Weg hinaus;Encuentra la salida;;Trova una Via di Fuga;Encontra a saída;Znajdź drogę ucieczki;Çıkış Yolunu Bul;Najdi cestu ven
Kill the Guard;Убить стражника;Kill the Guard;番人を殺害せよ;Töte die Wache;Mata al guardia;;Uccidi la Guardia;Mate o guarda;Zabij strażnika;Gardiyanı Öldür;Zabij strážce
Examine the Hallway;Осмотреть коридор;Examine the Hallway;広間を調べろ;Untersuche den Gang;Explora el corredor;;Esamina il Corridoio;Examine o corredor;Rozejrzyj się w korytarzu;Koridoru Araştır;Prozkoumej chodbu
Disarm the Trap;Обезвредить ловушку;Disarm the Trap;罠を解除せよ;Entschärfe die Falle;Desarma la trampa;;Disarma la Trappola;Desarme a armadilha;Rozbrój pułapkę;Tuzağı Etkisizleştir;Zneškodni past
Go Further;Пройти дальше;Go Further Ahead;先へ進め;Gehe weiter;Sigue avanzando;;Continua ad Esplorare;Continue a explorar;Eksploruj dalej;İlerle;Pokračuj dál
Search the Stockroom;Обыскать склад;Search the Storage Room;倉庫を調べろ;Durchsuche den Lagerraum;Revisa la despensa;;Esplora il Magazzino;Vasculhe a despensa;Przeszukaj magazyn;Depoyu Araştır;Prohledej sklad
Open Health Tab;Открыть вкладку здоровья;Open the Health Tab;健康タブを開け;Öffne die Gesundheits-Reiter;Abre la pestaña "Salud";;Apri il Pannello Salute;Abra a guia de saúde;Otwórz zakładkę Zdrowia;Sağlık Sekmesini Aç;Otevři záložku zdraví
Stabilize Injury;Стабилизировать травму;Stabilize the Injury;負傷を安定化せよ;Staibilisiere die Verletzung;Estabiliza la herida;;Stabilizza la Ferita;Estabilize o ferimento;Ustabilizuj rany;Yaralanmayı Stabilize Et;Stabilizuj zranění
Use Salve;Применить мазь;Use a Healing Salve;治癒の軟膏を使え;Verwende eine Heilsalbe;Aplica un bálsamo curativo;;Usa un Balsamo Curativo;Use um bálsamo de cura;Użyj Maści Leczącej;İyileştirici Merhem Kullan;Použij léčebnou mast
Get Rid of Pain;Снять боль;Relieve the Pain;苦痛を和らげよ;Lindere den Schmerz;Alivia el dolor;;Allevia il Dolore;Alivie a dor;Pozbadź się Bólu;Ağrıyı Hafiflet;Ulev si od bolesti
Get Rid of Toxicity;Вывести токсины;Remove the Intoxication;中毒を取り除け;Entferne die Vergiftung;Remueve la intoxicación;;Elimina l'Intossicazione;Remova a intoxicação;Usuń Zatrucie;İntoksikasyonu Gider;Odstraň intoxikaci
Rest;Отдохнуть;Have Some Rest;休憩を取れ;Ruhe dich etwas aus;Descansa un poco;;Riposati;Descanse um pouco;Odpocznij;Biraz Dinlen;Trochu si odpočiň
Pick Up the Equipment;Подобрать снаряжение;Pick Up the Equipment;装備品を拾え;Nimm die Ausrüstung;Toma el equipo;;Trova altro Equipaggiamento;Pegue o equipamento;Podnieś wyposażenie;Ekipmanları Topla;Posbírej vybavení
Open the Gates;Открыть ворота;Open the Gates;門を開けろ;Öffne die Tore;Abre las puertas;;Apri le Porte;Abra os portões;Otwórz Bramy;Kapıları Aç;Otevři brány
Go Further1;Пройти коридор;Go Through the Hallway;広間へ進め;Gehe durch den Gang;Continúa por el corredor;;Attraversa il Corridoio;Atravesse o corredor;Przejdź korytarzem;Koridordan Geç;Projdi chodbou
Pick Up the Treatise;Подобрать трактат;Pick Up the Treatise;学術書を拾え;Hebe die Abhandlung auf;Toma el tratado;;Raccogli il Trattato;Pegue o manual;Podnieś Podręcznik;Tezi Al;Seber pojednání
Read the Treatise;Прочесть трактат;Read the Treatise;学術書を読め;Lies die Abhandlung;Lee el tratado;;Leggi il Trattato;Leia o manual;Przeczytaj Podręcznik;Tezi oku;Přečti si pojednání
Learn Fire Barrage Spell;Изучить заклинание "Огненный залп";Learn the "Fire Barrage" Spell;"炎弾" の魔術を習得せよ;Lerne den "Feuersperre"-Spruch;Aprende el hechizo "Descarga de fuego";;Apprendi l'Incantesimo "Raffica Ardente";Aprenda o feitiço "Barragem de Fogo";Naucz się czaru "Ognista Zapora";Alev Yağmuru Büyüsünü Öğren;Nauč se kouzlo "Ohnivá hráz"
Move to the Next Room;Перейти в следующую комнату;Move to the Next Room;次の部屋へ進め;Gehe in den nächsten Raum;Ve a la siguiente habitación;;Entra nella Stanza Successiva;Vá para a próxima sala;Udaj się do kolejnych pomieszczeń;Sonraki Odaya İlerle;Jdi do další místnosti
Search the Shelves;Обыскать полки;Search the Shelves;棚を調べろ;Durchsuche die Regale;Revisa las estanterías;;Ispeziona gli Scaffali;Vasculhe as estantes;Przeszukaj półki;Rafları Araştır;Prohledej police
Move Onward;Продолжить путь;Keep Going;そのまま進め;Geh weiter;Sigue avanzando;;Continua ad Esplorare;Continue a explorar;Eksploruj dalej;Devam Et;Jdi dál
Find the Transition;Найти переход на другой этаж;Find the Way to the Next Floor;次の階へ行く方法を探せ;Finde einen Weg zur nächsten Ebene;Consigue llegar al siguiente piso;;Fatti Strada fino alla Superficie;Encontre o caminho para o próximo andar;Odnajdź drogę na kolejne piętro;Sonraki Odaya Giden Bir Yol Bul;Najdi cestu do dalšího podlaží
Explore the Chapel;Исследовать часовню;Explore the Chapel;教会を調べろ;Erkunde die Kapelle;Explora la capilla;;Esplora la Cappella;Explore a capela;Zbadaj Kaplicę;Şapeli Araştır;Prohledej kapli
Destroy Statues;Уничтожить статуи;Destroy the Statues;像を破壊せよ;Zerstöre die Statuen;Destruye las estatuas;;Distruggi le Statue;Destrua as estátuas;Zniszcz Posągi;Heykelleri Yok Et;Znič sochy
Kill Archon;Убить Архонта;Kill the Archon;アルコンを殺害せよ;Töte den Archonten;Mata al Arconte;;Sconfiggi l'Arconte;Mate o Arconte;Zabij Archona;Arkhon'u Öldür;Zabij Archona
Pick Up the Stoneshard;Подобрать Осколок;Pick Up the Stoneshard;ストーンシャードを拾え;Nimm den Steinsplitter;Toma el Fragmento de la Piedra;;Raccogli l'Incantopietra;Pegue o Stoneshard;Podnieś Stoneshard;Stoneshard'ı Al;Seber Stoneshard
Talk with Companions;Поговорить с компаньонами;Talk with your Companions;仲間と話せ;Rede mit deinen Gefährten;Habla con tus compañeros;;Parla con i tuoi Compagni;Fale com seus companheiros;Porozmawiaj z kompanami;Yoldaşlarınla Konuş;Promluv se svými kumpány
;;;;;;;;;;;
GatheringCaravan;Сбор каравана;Gathering the Caravan;キャラバンを集めろ;Sammeln der Karawane;Reunir la caravana;;Ricostruire la Carovana;Reunindo a Caravana;Zbierz Karawanę;Karavanı Topla;Shromažďování karavany
GatheringCaravan_FindOdar;Поговорить со старейшиной Осбрука;Talk to the Elder of Osbrook;オスブルックの長老と話せ;Rede mit dem Ältesten von Osbrook;Habla con el anciano de Osbrook;;Completa tre contratti;Fale com o ancião de Osbrook;Porozmawiaj ze starszym wioski Osbrook;Osbrook İhtiyarıyla Konuş;Dokonči tři smlouvy
GatheringCaravan_Contracts;Выполнить три контракта;Fulfill Three Contracts;三つの契約を果たせ;Erfülle drei Aufträge.;Completa tres contratos;;Torna da Verren;Conclua três contratos;Wykonaj trzy kontrakty;Üç Sözleşmeyi Tamamla;Vrať se k Verrenovi
GatheringCaravan_RemindOdar;Напомнить старосте об уговоре;Remind the Elder About the Deal;長老に取引の件を確認しろ;Erinnere den Ältesten an die Vereinbarung;Habla con el anciano sobre el acuerdo;;N/A;Lembre o ancião sobre o acordo;N/A;Anlaşmayı İhtiyara Hatırlat;
GatheringCaravan_FindVerren;Встретиться с Верреном около конюшни;Meet Verren Near the Stables;ヴェレンと厩舎付近で落ち合え;Triff Verren bei den Ställen;Encuentra a Verren cerca del establo;;Incontra Verren presso le Stalle;Encontre Verren próximo aos Estábulos;Spotkaj się z Varrenem obok stajni;Verren ile Ahırın Yakınında Buluş;
GatheringCaravan_Travel;Отправиться с Верреном в Манншир;Travel to Mannshire With Verren;ヴェレンと共にマンシャーに向かえ;Reise mit Verren nach Mannshire;Viaja a Mannshire con Verren;;Viaggia fino a Mannshire con Verren;Viaje para Mannshire com Verren;Udaj się w podróż do Mannshire z Varrenem;Verren ile Mannshire'a Yolculuk Et;
GatheringCaravan_FindKnud;Найти старосту Манншира;Find the Elder of Mannshire;マンシャーの長老を探せ;Finde den Ältesten von Mannshire;Encuentra al anciano de Mannshire;;Trova l'Anziano di Mannshire;Encontre o ancião de Mannshire;Odnajdź starszego wioski Mannshire;Mannshire İhtiyarını Bul;
GatheringCaravan_ReturnVerren;Вернуться к Веррену;Return to Verren;ヴェレンの元へ戻れ;Kehre zu Verren zurück;Vuelve con Verren;;Torna da Verren;Retorne para Verren;Wróć do Varrena;Verren'a Geri Dön;
GatheringCaravan_FindOdar_desc;Веррен, мой старый знакомый, попал в передрягу и теперь ему нужна моя помощь. Прежде чем приступить к контракту, нужно вновь обзавестись караваном - без него сложно путешествовать по Альдору. К счастью, Веррену удалось договориться со старостой Осбрука: если мы выполним для деревни несколько контрактов, он предоставит нам телегу и пару лошадей.#Надо бы найти старосту, чтобы обсудить с ним детали. Трактирщик должен знать, где его найти.;Verren, my old acquaintance, has got himself into trouble and now needs my help. Before we can start our work on his contract, we need to gather a caravan. It would be way too difficult to travel through Aldor without one. Luckily, Verren managed to negotiate a deal with the Osbrook elder: if we complete a few contracts for the village, he'll provide us with a cart and two horses.#I need to locate the elder and discuss the details. The innkeeper should know where to find him.;古い知り合いであるヴェレンが厄介な問題に関わったうえ、私に助けを求めてきた。彼の契約に取り組む前に、キャラバンを集めなければならない。キャラバン無しでアルドールを旅して周るのは、比べものにならないくらい困難だからだ。幸いにも、ヴェレンはオスブルックの長老と話をつけていたようだ。村のためにいくつか契約仕事をこなせば、荷車と馬二頭をくれるという。#長老を訪ねて詳しい話を聞く必要がある。宿屋の主人ならば彼がどこにいるのか知っているだろう。;Verren, mein alter Bekannter, hat sich in Schwierigkeiten gebracht und braucht nun meine Hilfe. Bevor wir mit der Arbeit an seinem Auftrag beginnen können, müssen wir eine Karawane zusammenstellen. Es wäre viel zu schwierig, ohne eine solche Karawane durch Aldor zu reisen. Glücklicherweise hat Verren es geschafft, mit dem Ältesten von Osbrook ein Arrangement auszuhandeln: Wenn wir ein paar Aufträge für das Dorf abschließen, wird er uns einen Karren und zwei Pferde zur Verfügung stellen.#Ich muss den Ältesten ausfindig machen und die Einzelheiten besprechen. Der Gastwirt sollte wissen, wo er zu finden ist.;Verren, un viejo conocido, se ha metido en problemas y necesita mi ayuda. Antes de poder comenzar a trabajar en su contrato, necesitamos reunir una caravana. Sería muy complicado viajar por todo Aldor sin una. Por suerte, Verren consiguió llegar a un acuerdo con el anciano de Osbrook: si completamos unos contratos en su aldea, nos dará una carreta y dos caballos.#Necesito encontrar a este anciano y discutir los detalles. El tabernero debería saber dónde está.;;Verren, mia vecchia conoscenza, si è cacciato nei guai e ha bisogno del mio aiuto per uscirne. Prima di poterci mettere all'opera, però, avremo bisogno di una carovana: senza di essa non saremo in grado di percorrere grandi distanze. Fortunatamente, Verren ha stretto un patto con l'anziano di Osbrook: se completeremo alcuni contratti per conto del villaggio, egli ha promesso di fornirci un carro e due cavalli.#Devo trovare l'anziano per discutere i dettagli dell'accordo... forse il locandiere saprà dirmi dove si trova.;Verren, meu velho camarada, se meteu em problemas e precisa da minha ajuda. Antes de começarmos a trabalhar em seu contrato, precisamos reunir uma caravana. Seria difícil demais viajar para Aldor sem uma. Por sorte, Verren conseguiu negociar com o ancião de Osbrook: se completarmos alguns contratos, ele providenciará uma carroça e dois cavalos para nós.#Preciso localizar o ancião e discutir os detalhes. O estalajadeiro deve saber onde encontrá-lo.;Verren, mój stary znajomy, wpakował się w kłopoty i teraz potrzebuje mojej pomocy. Zanim będziemy mogli rozpocząć pracę nad jego kontraktem, musimy zebrać karawanę. Bez niej podróżowanie przez Aldor byłoby bardzo trudne. Na szczęście Verren dał radę wynegocjować umowę ze starszym wioski Osbrook: jeśli zrealizujemy kilka kontraktów dla osady, dostarczy nam wóz i dwa konie.#Muszę odnaleźć starszego wioski i omówić szczegóły. Karczmarz powinien wiedzieć, gdzie go znaleźć.;Eski dostum Verren başını belaya sokmuş ve yardımıma ihtiyacı var. Verren'ın sözleşmesinden önce bir karavan ayarlamamız gerekiyor. Aldor'da karavansız seyahat etmek çok zor olur. Neyse ki Verren, Osbrook ihtiyarıyla bir anlaşma yapmayı başardı: köy için birkaç sözleşme yaparsak, bize bir araba ve iki at verecekler.#İhtiyarı bulmam ve detayları konuşmam gerekiyor. Hancı onu nerede bulabileceğimi biliyor olmalı.;
GatheringCaravan_Contracts_desc;Веррен, мой старый знакомый, попал в передрягу и теперь ему нужна моя помощь. Прежде чем приступить к контракту, нужно вновь обзавестись караваном - без него сложно путешествовать по Альдору. К счастью, Веррену удалось договориться со старостой Осбрука: если мы выполним для деревни несколько контрактов, он предоставит нам телегу и пару лошадей.;Verren, my old acquaintance, has got himself into trouble and now needs my help. Before we can start our work on his contract, we need to gather a caravan. It would be way too difficult to travel through Aldor without one. Luckily, Verren managed to negotiate a deal with the Osbrook elder: if we complete a few contracts for the village, he'll provide us with a cart and two horses.;古い知り合いであるヴェレンが厄介な問題に関わったうえ、私に助けを求めてきた。彼の契約に取り組む前に、キャラバンを集めなければならない。キャラバン無しでアルドールを旅して周るのは、比べものにならないくらい困難だからだ。幸いにも、ヴェレンはオスブルックの長老と話をつけていたようだ。村のためにいくつか契約仕事をこなせば、荷車と馬二頭をくれるという。;Verren, mein alter Bekannter, hat sich in Schwierigkeiten gebracht und braucht nun meine Hilfe. Bevor wir mit der Arbeit an seinem Auftrag beginnen können, müssen wir eine Karawane zusammenstellen. Es wäre viel zu schwierig, ohne eine solche Karawane durch Aldor zu reisen. Glücklicherweise hat Verren es geschafft, mit dem Ältesten von Osbrook ein Arrangement auszuhandeln: Wenn wir ein paar Aufträge für das Dorf abschließen, wird er uns einen Karren und zwei Pferde zur Verfügung stellen.;Verren, un viejo conocido, se ha metido en problemas y necesita mi ayuda. Antes de poder comenzar a trabajar en su contrato, necesitamos reunir una caravana. Sería muy complicado viajar por todo Aldor sin una. Por suerte, Verren consiguió llegar a un acuerdo con el anciano de Osbrook: si completamos unos contratos en su aldea, nos dará una carreta y dos caballos.;;Verren, mia vecchia conoscenza, si è cacciato nei guai e ha bisogno del mio aiuto per uscirne. Prima di poterci mettere all'opera, però, avremo bisogno di una carovana: senza di essa non saremo in grado di percorrere grandi distanze. Fortunatamente, Verren ha stretto un patto con l'anziano di Osbrook: se completeremo alcuni contratti per conto del villaggio, egli ha promesso di fornirci un carro e due cavalli.;Verren, meu velho camarada, se meteu em problemas e precisa da minha ajuda. Antes de começarmos a trabalhar em seu contrato, precisamos reunir uma caravana. Seria difícil demais viajar para Aldor sem uma. Por sorte, Verren conseguiu negociar com o ancião de Osbrook: se completarmos alguns contratos, ele providenciará uma carroça e dois cavalos para nós.;Verren, mój stary znajomy, wpakował się w kłopoty i teraz potrzebuje mojej pomocy. Zanim będziemy mogli rozpocząć pracę nad jego kontraktem, musimy zebrać karawanę. Bez niej podróżowanie przez Aldor byłoby bardzo trudne. Na szczęście Verren dał radę wynegocjować umowę ze starszym wioski Osbrook: jeśli zrealizujemy kilka kontraktów dla osady, dostarczy nam wóz i dwa konie;Eski dostum Verren başını belaya sokmuş ve yardımıma ihtiyacı var. Verren'ın sözleşmesinden önce bir karavan ayarlamamız gerekiyor. Aldor'da karavansız seyahat etmek çok zor olur. Neyse ki Verren, Osbrook ihtiyarıyla bir anlaşma yapmayı başardı: köy için birkaç sözleşme yaparsak, bize bir araba ve iki at verecekler.;
GatheringCaravan_FindVerren_desc;Контракты выполнены. Староста сдержал своё слово: конюх уже запрягает наших лошадей. Нужно сообщить об этом Веррену - он, должно быть, уже у конюшни.;The contracts have been fulfilled. The elder kept his word: our horses are already being prepared. I need to talk to Verren, he's most likely already waiting for me at the stables.;契約を履行し、長老は約束を守った。我々の馬は既に準備されているようだ。ヴェレンと話をする必要がある。彼はおそらく厩舎で私を待っているだろう。;Die Aufträge wurden erfüllt. Der Älteste hat sein Wort gehalten: Unsere Pferde werden bereits vorbereitet. Ich muss mit Verren sprechen, er wartet wahrscheinlich schon bei den Ställen auf mich.;Los contratos han sido cumplidos. El anciano mantuvo su palabra: nuestros caballos ya están siendo preparados. Ahora debo hablar con Verren, que seguramente ya esté esperándome en el establo.;;Ho completato i contratti. L'anziano ha mantenuto la parola data, e i nostri cavalli saranno presto pronti. Devo parlare con Verren, probabilmente mi sta già aspettando presso le stalle del villaggio.;Os contratos foram concluídos. O ancião cumpriu com sua palavra: nossos cavalos já estão sendo preparados. Preciso falar com Verren, que provavelmente já está esperando nos estábulos.;Kontrakty zostały wypełnione. Starszy wioski dotrzymał słowa: nasze konie są już przygotowywane. Muszę pomówić z Varrenem, najprawdopodobniej czek na mnie przy stajniach.;Sözleşmeler yerine getirildi. İhtiyar sözünü tuttu: atlarımız zaten hazır. Verren ile konuşmam gerek, büyük olasılıkla beni ahırda bekliyor.;
GatheringCaravan_Travel_desc;Во время злоключений в аббатстве Веррен наткнулся на труп наёмника, пытавшегося очистить монастырь по контракту маннширского старейшины. Если культ уничтожен, почему бы нам не попытаться получить награду за него? Попробовать стоит.#Веррен будет ждать меня у конюшни, чтобы подвезти в Манншир.;During his misadventures in the abbey, Verren stumbled upon a corpse of a mercenary, who died trying to cleanse the monastery under the contract from the Mannshire elder. The cult was wiped out, so we might as well claim the reward. It should be worth the effort.#Verren is waiting for me at the stables, ready to bring us to Mannshire.;ヴェレンが修道院で災難に巻き込まれた際、彼は傭兵の遺骸につまづいたのだが、その傭兵はマンシャーの長老の依頼で修道院を浄化しようと試みて死んだのであった。狂信者どもは一掃されたのだから、報酬を請求した方が良いだろう。苦労に見合う額を貰えるはずだ。#ヴェレンはマンシャ―へ向かう手はずを整えて厩舎で待っている。;Während seiner Missgeschicke in der Abtei stolperte Verren über die Leiche eines Söldners, der bei dem Versuch, das Kloster im Rahmen des Vertrags mit dem Ältesten aus Mannshire zu säubern, ums Leben kam. Der Kult wurde ausgelöscht, also können wir die Belohnung auch gleich einfordern. Es sollte sich die Mühe lohnen.#Verren wartet auf mich bei den Ställen, bereit, uns nach Mannshire zu bringen.;Durante sus desventuras en la abadía, Verren halló el cuerpo de un mercenario que murió intentando limpiar el monasterio, por un contrato del anciano de Mannshire. El culto fue aniquilado, así que podríamos recolectar la recompensa. Debería valer la pena.#Verren está esperándome en el establo, listo para viajar a Mannshire.;;Durante la sua disavventura nella Cappella della Sacra Rivelazione, Verren si è imbattuto nel cadavere di un mercenario morto nel tentativo di ripulire il monastero per conto dell'anziano di Mannshire. Ora il culto che infestava quel luogo è perito per mano di Verren, dunque nulla ci vieta di andare a riscuotere la ricompensa offerta dall'anziano. Probabilmente ne varrà la pena.#Verren mi sta aspettando presso le stalle, pronto a partire per Mannshire.;Durante suas desventuras na abadia, Verren encontrou o corpo de um mercenário, que morreu tentando purificar o monastério sob um contrato do ancião de Mannshire. O culto foi eliminado, então podemos reivindicar a recompensa. Acho que vai valer a pena.#Verren está me esperando nos estábulos, pronto para nos levar a Mannshire.;Podczas swoich nieszczęść w opactwie, Verren natknął się na zwłoki najemnika, który zginął w trakcie prób oczyszczenia klasztora na podstawie kontraktu ze starszym z Mannshire. Kult został wybity w pień, więc równie dobrze moglibyśmy odebrać nagrodę. To powinno być warte wysiłku.#Verren czeka na mnie w stajni, gotowy zabrać nas oboje do Mannshire.;Manastırdaki talihsizlikler sırasında Verren, Mannshire ihtiyarının sözleşmesinde bahsi geçen manastırı temizlemeye çalışırken ölen bir paralı asker cesedine rastladı. Tarikat yok edildi, bu yüzden ödülü de talep edebiliriz. Uğraşmaya değer.#Verren, bizi Mannshire'a götürmeye hazır bir halde ahırda bekliyor.;
GatheringCaravan_FindKnud_desc;Во время злоключений в аббатстве Веррен наткнулся на труп наёмника, пытавшегося очистить монастырь по контракту маннширского старейшины.Если культ уничтожен, почему бы нам не попытаться получить награду за него? Попробовать стоит.#Мне нужно найти старосту Манншира и всё это с ним обсудить.;During his misadventures in the abbey, Verren stumbled upon a corpse of a mercenary, who died trying to cleanse the monastery under the contract from the Mannshire elder. The cult was wiped out, so we might as well claim the reward. It should be worth the effort.#I need to find the Mannshire elder and discuss it with him.;ヴェレンが修道院で災難に巻き込まれた際、彼は傭兵の遺骸につまづいたのだが、その傭兵はマンシャーの長老の依頼で修道院を浄化しようと試みて死んだのであった。狂信者どもは一掃されたのだから、報酬を請求した方が良いだろう。苦労に見合う額を貰えるはずだ。#マンシャ―の長老を見つけてこの件について話をしなければならない。;Während seiner Missgeschicke in der Abtei stolperte Verren über die Leiche eines Söldners, der bei dem Versuch, das Kloster im Rahmen des Vertrags mit dem Ältesten aus Mannshire zu säubern, ums Leben kam. Der Kult wurde ausgelöscht, also können wir die Belohnung auch gleich einfordern. Es sollte sich die Mühe lohnen.#Ich muss den Ältesten von Mannshire finden und das mit ihm besprechen.;Durante sus desventuras en la abadía, Verren halló el cuerpo de un mercenario que murió intentando limpiar el monasterio, por un contrato del anciano de Mannshire. El culto fue aniquilado, así que podríamos recolectar la recompensa. Debería valer la pena.#Necesito encontrar al anciano de Mannshire para hablarlo con él.;;Durante la sua disavventura nella Cappella della Sacra Rivelazione, Verren si è imbattuto nel cadavere di un mercenario morto nel tentativo di ripulire il monastero per conto dell'anziano di Mannshire. Ora il culto che infestava quel luogo è perito per mano di Verren, dunque nulla ci vieta di andare a riscuotere la ricompensa offerta dall'anziano. Probabilmente ne varrà la pena.#Devo trovare l'anziano di Mannshire e parlargli.;Durante suas desventuras na abadia, Verren encontrou o corpo de um mercenário, que morreu tentando purificar o monastério sob um contrato do ancião de Mannshire. O culto foi eliminado, então podemos reivindicar a recompensa. Acho que vai valer a pena.#Preciso encontrar o ancião de Mannshire e discutir o assunto.;Podczas swoich nieszczęść w opactwie, Verren natknął się na zwłoki najemnika, który zginął w trakcie prób oczyszczenia klasztora na podstawie kontraktu ze starszym z Mannshire. Kult został wybity w pień, więc równie dobrze moglibyśmy odebrać nagrodę. To powinno być warte wysiłku.#Muszę odnaleźć starszego Mannshire i omówić z nim tę kwestię.;Manastırdaki talihsizlikler sırasında Verren, Mannshire ihtiyarının sözleşmesindeki bahsi geçen manastırı temizlemeye çalışırken ölen bir paralı asker cesedine rastladı. Tarikat yok edildi, bu yüzden ödülü de talep edebiliriz. Uğraşmaya değer.#Mannshire ihtiyarını bulup, onunla konuşmam gerekiyor.;
GatheringCaravan_ReturnVerren_desc;Старейшина отказался платить по контракту: он просрочен и выдан другим человеком. Что ж, придётся вернуться к Веррену несолоно хлебавши.#Впрочем, есть и хорошая новость: староста обещал порекомендовать меня наместнику Манншира - тому требуется наёмник для некоего особого контракта.;The elder refused to pay for that contract - it was given out by a different person and had long expired. Guess I'll have to return to Verren empty-handed.#Still, there's some good news: the elder promised to recommend me to the governor of Mannshire. He needs a mercenary for some special contract.;長老は契約の支払いを拒んだ。報酬は別の人間に支払われたし、期限も切れているという。仕方ないが手ぶらでヴェレンの元に戻らなければならないだろう。#いい知らせもある。彼はマンシャ―の知事に私を推薦してくれるという。知事はある特別な契約のために、傭兵を必要としているらしい。;Der Älteste weigerte sich, für diesen Auftrag zu zahlen - er wurde von einer anderen Person ausgestellt und war längst abgelaufen. Ich schätze, ich muss mit leeren Händen zu Verren zurückkehren.#Es gibt dennoch gute Nachrichten: Der Älteste versprach, mich dem Gouverneur von Mannshire zu empfehlen. Er braucht einen Söldner für einen speziellen Auftrag.;El anciano se negó a pagarme por el contrato: fue firmado por otra persona y había expirado hacía mucho tiempo. Supongo que tendré que volver con Verren, con las manos vacías.#Aun así, hay buenas noticias: el anciano prometió recomendarme al gobernador de Mannshire. Necesita mercenarios para un contrato especial.;;L'anziano si è rifiutato di pagare per il contratto: era stato affidato ad un'altra persona e la sua validità è ormai scaduta. Non mi resta che tornare da Verren a mani vuote.#Ma ho anche delle buone notizie: l'anziano ha promesso di fare il mio nome al governatore di Mannshire. Ha bisogno di un mercenario per un contratto speciale.;O ancião se recusou a pagar pelo contrato, ele foi concedido por outra pessoa e já expirou faz tempo. Acho que terei de encontrar Verren de mãos vazias.#Mesmo assim, há boas notícias: o ancião prometeu me recomendar ao Governador de Mannshire. Ele precisa de um mercenário para um contrato especial.;Starszy odmówił zapłaty za kontrakt - została wydana przez inną osobę i dawno wygasła. Chyba musze wrócić do Verrena z pustymi rękoma.#Mimo to, są dobre wieści: starszy wioski obiecał, że poleci mnie zarządcy regionu Mannshire. Podobno potrzeba najemnika do jakiegoś specjalnego kontraktu.;İhtiyar sözleşme için ödeme yapmayı reddetti. Başka bir kişi tarafından imzalanmış ve süresi çoktan sona ermişti. Sanırım Verren'a eli boş dönmem gerekecek.#İyi haber şu ki ihtiyar beni özel bir sözleşme için paralı askere ihtiyaç duyan Mannshire valisine tavsiye edeceğine söz verdi.;
GatheringCaravan_End_desc;Веррен явно расстроен - в Бринн придётся возвращаться как есть. Ему понадобится время, чтобы подготовиться к долгой дороге, поэтому я пока могу заниматься, чем хочется - он даст мне знать, когда настанет время отправляться.##~y~Конец сюжетной линии беты. Ждите обновлений!~/~;Verren is visibly upset - we'll have to return to Brynn as is. He'll need time to prepare for the long journey ahead, so I have an opportunity to attend to my business. He'll let me know when it's time to go.##~y~The storyline of the beta ends here for now. More will come with future updates!~/~;ヴェレンは明らかに憤慨していた。我々はこのままブリンへと向かうことになるだろう。彼は長旅の準備に時間が要るというので、今のうちに自分の仕事をこなしておこう。ヴェレンは旅の準備ができたら知らせてくれるようだ。##~y~ベータ版のストーリーはこれで完了です。来たるアップデートではさらに内容が充実します！~/~;Verren ist sichtlich verärgert - wir müssen so nach Brynn zurückkehren. Er wird Zeit brauchen, um sich auf die lange Reise vorzubereiten, so dass ich die Gelegenheit habe, mich um meine Angelegenheiten zu kümmern. Er wird mich wissen lassen, wenn es Zeit ist zu gehen.##~y~Die Geschichte der Beta endet hier vorerst. Mehr dazu wird mit zukünftigen Updates kommen!~/~;Está claro que a Verren le molestó. Deberemos viajar a Brynn así como estamos. Pero necesitará tiempo para preparar el largo viaje, por lo que tengo un tiempo para ocuparme de mis propias cuestiones. Él me avisará cuando estemos listos para partir.##~y~La historia de la versión Beta se acaba aquí por ahora. ¡Habrá más con las próximas actualizaciones!~/~;;Verren è visibilmente irritato... siamo costretti a tornare a Brynn. Gli servirà del tempo per prepararsi per il lungo viaggio, nel frattempo potrei dedicarmi ad altre faccende. Verren mi contatterà non appena sarà pronto per partire.## ~y~Qui termina la trama di questa versione di gioco. L'avventura continuerà con i prossimi aggiornamenti!~/~;Verren está visivelmente aborrecido. Teremos que voltar para Brynn assim mesmo. Ele vai precisar de um tempo para se preparar para a longa jornada a frente, então tenho a oportunidade de tratar dos meus negócios. Ele me avisará a hora de partir.##~y~O enredo da fase beta termina aqui, por enquanto. Aguarde por mais em atualizações futuras!~/~;Verren jest wyraźnie zdenerwowany - będziemy musieli wrócić do Brynn w takiej formie, w jakiej jesteśmy teraz. Będzie potrzebował czasu, aby przygotować się na długą podróż, więc mam okazję zająć się moimi sprawami. Powiadomi mnie, kiedy nadejdzie czas.## ~y~Historia wersji beta na razie się kończy w tym miejscu. Więcej pojawi się w przyszłych aktualizacjach!~/~;Verren'ın kızgın olduğu çok belli. Brinn'e olduğu gibi geri dönmeliyiz. Önümüzdeki uzun yolculuğa hazırlanmak için zamana ihtiyacı olacak, bu yüzden işimi halletme fırsatım var. Gitme zamanı geldiğinde bana haber verecek.##~y~Beta sürümün hikayesi şimdilik burada bitiyor. Sonraki güncellemelerle daha fazlası gelecek!~/~;
;;;;;;;;;;;
GovernorContract;Контракт наместника;Governor's Contract;知事の契約;Auftrag des Gouverneurs;Contrato del gobernador;;;Contrato do Governador;;Valinin Sözleşmesi;
GovernorContract_FindWeber_desc;Наместнику Манншира требуется наёмник для некоего особого контракта. Я пока не знаю никаких подробностей: надо бы отправиться в Маннширский замок и лично это с ним обсудить.;The governor of Mannshire needs a mercenary for some special contract. I don't know any details yet, so it would be a good idea to head to Mannshire Castle and discuss it in person.;マンシャ―の知事はある特別な契約のために傭兵を必要としている。詳細については何も知らないので、マンシャ―城で直接話を聞いてみるとしよう。;Der Gouverneur von Mannshire braucht einen Söldner für einen speziellen Auftrag. Ich kenne noch keine Einzelheiten, daher wäre es eine gute Idee, zum Schloss von Mannshire zu gehen und die Sache persönlich zu besprechen.;El gobernador de Mannshire busca mercenarios para un contrato especial. Todavía no tengo detalles. Sería una buena idea dirigirse al Castillo de Mannshire para hablarlo en persona.;;Il governatore di Mannshire ha bisogno di un mercenario per un contratto speciale. Non conosco ancora i dettagli, dovrei dirigermi al Castello di Mannshire per discuterne di persona col governatore.;O governador de Mannshire precisa de um mercenário para um contrato especial. Não conheço os detalhes ainda, então seria uma boa ideia ir ao Castelo de Mannshire e discutir o assunto pessoalmente.;Gubernator Mannshire potrzebuje najemnika na jakiś specjalny kontrakt. Nie znam jeszcze żadnych szczegółów, więc dobrym pomysłem byłoby udanie się do grodu w Mannshire i przedyskutowanie sprawy osobiście.;Mannshire valisinin özel sözleşmelerden birisi için paralı askere ihtiyacı var. Henüz hiçbir ayrıntıyı bilmiyorum, bu yüzden en iyisi Mannshire Şatosu'na gidip bu konuyu yüz yüze konuşmak.;
GovernorContract_FindWeber;Поговорить с наместником Манншира;Talk to the Governor of Mannshire;マンシャーの知事と話せ;Rede mit dem Gouverneur von Mannshire;Habla con el gobernador de Mannshire;;Parla con il Governatore di Mannshire;Fale com o Governador de Mannshire;Porozmawiaj z zarządcą Mannshire;Mannshire Valisiyle Konuş;
;;;;;;;;;;;
TrollHunt;Охота на тролля;Troll Hunt;トロール狩り;Trolljagd;Cacería del trol;;;Caça aos Trolls;;Trol Avı;
TrollHunt_KillTroll_desc;Наместник рассказал, что неподалёку от Манншира находится сигнальная башня. Недавно её облюбовал старый тролль - чтобы убить его, потребуются подкрепления, а для подкреплений нужно подать сигнал в Бринн.##Мне нужно пробраться внутрь башни и зажечь костёр... или убить тролля. В одиночку.;The governor told me about a signal tower near Mannshire. An old troll made its lair there not long ago. To kill the beast, the village requires reinforcements from Brynn. In turn, the reinforcements have to be sent a signal.##I need to find my way into the tower and light the fire... or kill the troll on my own.;知事はマンシャ―近郊の信号塔について教えてくれた。それほど前ではない時期に、いにしえのトロールが塔をねぐらにし始めた。この野獣を殺すためには、村はブリンからの援軍が必要だ。援軍を呼ぶには信号を灯さなければならない。##塔に侵入して火を灯す方法を見つけるか、……あるいは自力でトロールを殺害しなければならない。;Der Gouverneur erzählte mir von einem Signalturm in der Nähe von Mannshire. Vor nicht allzu langer Zeit versteckte sich dort ein alter Troll. Um die Bestie zu töten, benötigt das Dorf Verstärkung aus Brynn. Zuvor muss der Verstärkung ein Signal gesendet werden.##Ich muss einen Weg in den Turm finden und das Feuer entzünden... oder den Troll alleine töten.;El gobernador me habló sobre una torre de señales cerca de Mannshire. Un viejo trol la transformó en su guarida hace poco tiempo. Para matar a la bestia, la aldea necesita refuerzos de Brynn. Pero, para solicitarlos, necesitan encender una señal en la torre.##Debo conseguir la manera de entrar en la torre y encender el fuego... o matar al trol sin ayuda.;;Il governatore mi ha parlato di una torre nei pressi di Mannshire, pare che un vecchio troll ne abbia fatto il suo covo non molto tempo fa. Per uccidere la bestia, il villaggio deve richiedere rinforzi a Brynn inviando un segnale dalla torre.#Devo trovare un modo per raggiungere la cima della torre e accendere il fuoco... o uccidere il troll con le mie forze.;O governador me falou sobre uma torre de sinal perto de Mannshire. E um velho Troll fez dela sua moradia há pouco tempo. Para matar a besta, a vila necessita de reforços de Brynn. Mas para isso, precisam emitir um sinal.##Preciso achar a torre e acender o fogo... ou matar o troll sem ajuda.;Zarządca powiedział mi o wieży sygnałowej w pobliżu Mannshire. Stary troll przybył tam niedawno. Aby zabić bestię, wioska wymaga wsparcia z Brynn. Z kolei posiłki muszą otrzymać sygnał.##Muszę znaleźć drogę do wieży i rozpalić ogień... albo zabić trolla na własną rękę.;Vali bana Mannshire yakınlarındaki bir sinyal kulesinden bahsetti. Yaşlı bir trol kısa bir süre önce orayı inine çevirdi. Canavarı öldürmek için köyün Brinn'den desteğe ihtiyacı var. Buna karşılık, destek talebi için bir sinyal göndermek gerekli.##Kuleye girmenin bir yolunu bulmalı ve ateşi yakmalıyım... veya trolü kendim öldürmeliyim.;
TrollHunt_GetReward_desc;Это был непростой бой... Впрочем, главное, что чудовище мертво. Самое время вернуться в Манншир за заслуженной наградой.;This was a tough fight... What matters is that the monster is dead. It's time to return to Mannshire for my well-earned reward.;厳しい戦いだったが…… ともかく怪物は死んだ。マンシャ―に戻って自らの力で勝ち取った報酬を頂くとしよう。;Das war ein harter Kampf... Was zählt, ist, dass das Monster tot ist. Es ist Zeit, nach Mannshire zurückzukehren und meine wohlverdiente Belohnung zu kassieren.;Fue un combate extenuante... Pero el monstruo está muerto. Es hora de volver a Mannshire a buscar mi merecida recompensa.;;È stato un duro scontro... ma l'importante è che ora il mostro sia morto. Non mi resta che tornare a Mannshire per riscuotere la mia ricompensa.;Foi uma luta dura... O importante é que o monstro está morto. É hora de retornar a Manshirre e receber minha tão merecida recompensa.;To była ciężka walka... Jedyne, co się teraz liczy to martwy troll. Czas wrócić do Mannshire po mój ciężki mieszek monet albo rzadki przedmiot ze zbrojowni.;Bu zor bir dövüştü... Önemli olan canavarın ölmüş olması. Kazandığım ödül için Mannshire'a dönme zamanı.;
TrollHunt_FindTower;Отправиться к сигнальной башне;Head to the Signal Tower;信号塔に向かえ;Begib dich zum Signalturm;Dirígete a la torre de señales;;Raggiungi la Torre di Segnalazione;Vá para a Torre de Sinal;Udaj się do Wieży Sygnałowej;Sinyal Kulesine Git;
TrollHunt_KillTroll;Убить древнего тролля;Kill the Ancient Troll;古代のトロールを殺害せよ;Töte den uralten Troll;Mata al trol anciano;;Uccidi il Troll Antico;Mate o Troll Ancestral;Zabij Starożytnego Trolla;Kadim Trolü Öldür;
TrollHunt_GetReward;Вернуться за наградой;Claim Your Reward;報酬を請求しろ;Hol dir deine Belohnung;Recoge tu recompensa;;Riscuoti la tua Ricompensa;Receba sua recompensa;Odbierz nagrodę;Ödülünü Al;
;;;;;;;;;;;
LostContract;Потерянный контракт;The Lost Contract;紛失した契約;Der verlorene Auftrag;El contrato perdido;;Il Contratto Perduto;O Contrato Perdido;Zgubiony Kontrakt;Kayıp Sözleşme;
LostContract_desc;Веррен был довольно зол, когда узнал, что контракт потерян. Теперь мне придётся его отработать - нужно раздобыть где-то тысячу крон и вернуть их Веррену.;Verren wasn't happy when I told him I lost the contract. I'll have to pay him back - I need to get a thousand crowns somewhere and bring the money to Verren.;契約を紛失したとヴェレンに伝えたが、彼は不満そうであった。彼に借りを返さなければならない。どこかで1,000クラウンを手に入れてヴェレンの元に届けなければ。;Verren war nicht gerade erfreut, als ich ihm erzählte, dass ich den Vertrag verloren hatte. Ich muss irgendwie sein Geld auftreiben - ich brauche tausend Kronen irgendwoher und muss das Geld dann zu Verren bringen.;A Verren no le cayó nada bien que haya perdido el contrato. Tendré que pagarle. Necesito conseguir mil coronas de alguna manera y llevarle el dinero a Verren.;;Verren non ha reagito bene quando gli ho detto di aver smarrito il contratto... ora dovrò ripagarlo: devo procurarmi mille corone e consegnargliele per rimediare a quanto è successo.;Verren não ficou feliz quando disse a ele que perdi o contrato. Tenho que devolver o dinheiro, preciso dar um jeito de conseguir mil coroas e trazar pra ele.;Verren nie był szczęśliwy, kiedy dowiedział się, że jego stary kontrakt gdzieś się zgubił. Muszę go spłacić - w jakiś sposób zdobyć tysiąc koron i przynieść te zaległe pieniądze Verrenowi.;Verren, sözleşmeyi kaybettiğimi söylediğimde mutlu değildi. Verren'a geri ödeme yapmam gerekiyor, bir şekilde bin kron bulup, parayı ona getirmeliyim.;
LostContract_Earn;Заработать тысячу крон;Earn a Thousand Crowns;1,000クラウンを稼げ;Verdiene tausend Kronen;Consigue mil coronas;;Guadagna Milel Corone;Ganhe mil coroas;Zdobądź tysiąc Koron;Bin Kron Kazan;
LostContract_Return;Вернуться к Веррену;Return to Verren;ヴェレンの元に戻れ;Kehre zu Verren zurück;Vuelve con Verren;;Torna da Verren;Volte e fale com Verren;Wróć do Varrena;Verren'a Geri Dön;
;;;;;;;;;;;
EmissarLetter;Важное донесение;Important Report;重要な報告;Wichtiger Bericht;Informe importante;;Affari di Stato;Relatório Importante;Ważny Raport;Önemli Rapor;
EmissarLetter_desc;Эмиссар Рикерд из Осбрука поручил мне передать донесение наместнику Веберу в Манншире.#Это дело государственной важности - он просил ни в коем случае не вскрывать печать, или у меня будут неприятности.;Emissar Rickerd tasked me with bringing a report from Osbrook to Governor Weber in Mannshire.#It's a matter of state importance - he told me not to break the seal under any circumstances, or I'll get in trouble.;使者のリッケルトは、オスブルックからマンシャ―のウェベール知事に報告を届けるよう私に任務を課した。#これは国の問題に関わる重大事であり、いかなる状況であっても封印を破ってはいけないと念を押した。さもなくば大変なことになるであろう、と。;Der Gesandte Rickerd beauftragte mich, Gouverneur Weber in Mannshire einen Bericht aus Osbrook zu überbringen.#Es ist eine Angelegenheit von höchster staatlicher Bedeutung - er beschwor mich, dass Siegel unter keinen Umständen zu brechen, um Ärger zu vermeiden.;El embajador Rickerd me pidió que lleve un informe desde Osbrook hasta Mannshire y se lo entregue al gobernador Weber.#Es una cuestión de secreto de estado, por lo que no puedo romper el sello bajo ninguna circunstancia, o estaré en problemas.;;L'emissario Rickerd mi ha incaricato di consegnare un importante rapporto al Governatore Weber di Mannshire.#Si tratta di un documento di massima importanza... l'emissario mi ha detto di non romperne il sigillo per nessun motivo, altrimenti finirò nei guai.;O emissário Rickerd me incumbiu de levar um relatório de Osbrook para o Governador Weber em Mannshire.#É um assunto de suma importância. Ele me disse para não violar o selo sob hipótese alguma, ou vou ter problemas.;Emisariusz Rickerd zlecił mi przyniesienie raportu z Osbrook do zarządcy imieniem Weber w Mannshire.#To kwestia ważna dla państwa - powiedział mi, że pieczęć na liście ma dojść w idealnym stanie, nie może zostać złamana, bo inaczej zamieni mi życie w piekło.;Temsilci Rickerd, Osbrook'tan Mannshire'daki vali Weber'a bir rapor götürmemi istedi.#Bu bir devlet meselesi, hiçbir koşulda mührü kırmamamı aksi takdirde başımın belaya gireceğini söyledi.;
EmissarLetter_Find;Найти наместника Вебера;Find Governor Weber;ウェベール知事を探せ;Finde Gouverneur Weber;Encuentra al gobernador Weber;;Trova il Governatore Weber;Encontre o Governador Weber;Odnajdź zarządcę Webera;Vali Weber'i Bul;
EmissarLetter_Return;Вернуться к Рикерду;Return to Rickerd;リッケルトの元に戻れ;Kehre zu Rickerd zurück;Vuelve con Rickerd;;Torna da Rickerd;Volte e fale com Rickerd;Wróć do Rickerda;Rickerd'a Geri Dön;
;;;;;;;;;;;
fetchBert;Поручение купца Берта;Bert the Merchant's Request;商人 バートの依頼;Aufgabe von Bert dem Händler;El pedido de Bert, el mercader;;Richiesta di Bert il Mercante;N/A;Prośba handlarza Berta;Tüccar Bert'in Talebi;
fetchBert_find1;Найти шкуру зубра;Find Bison Pelt;バイソンの皮を探せ;Besorge Bisonfell;Consigue piel de bisonte;;Trova una Pelle di Bisonte;N/A;Znajdź skórę z bizona;Bizon Postu Bul;
fetchBert_find2;Найти рога зубра;Find Bison Horns;バイソンの角を探せ;Besorge Bisonhörner;Consigue cuernos de bisonte;;Trova delle Corna di Bisonte;N/A;Znajdź poroże bizona;Bizon Boynuzları Bul;
fetchBert_reward;Вернуться за наградой;Claim Your Reward;報酬を請求しろ;Hol dir deine Belohnung ab;Recoge tu recompensa;;Riscuoti la tua Ricompensa;Receba sua recompensa;Odbierz nagrodę od Berta;Ödülünü Al;
;;;;;;;;;;;
fetchGerlot;Поручение купца Герлота;Gerlot the Merchant's Request;商人 ゲルロットの依頼;Aufgabe von Gerlot dem Händler;El pedido de Gerlot, el mercader;;Richiesta di Gerlot il Mercante;N/A;Prośba handlarza Gerlota;Tüccar Gerlot'un Talebi;
fetchGerlot_find1;Найти лосиные рога;Find Moose Antlers;ヘラジカの角を探せ;Besorge Elchgeweihe;Consigue astas de alce;;Trova delle Corna d'Alce;N/A;Znajdź poroże łosia;Sığın Boynuzları Bul;
fetchGerlot_find2;Найти оленьи рога;Find Deer Antlers;シカの角を探せ;Besorge Hirschgeweihe;Consigue astas de ciervo;;Trova delle Corna di Cervo;N/A;Znajdź poroże jelenia;Geyik Boynuzları Bul;
fetchGerlot_reward;Вернуться за наградой;Claim Your Reward;報酬を請求しろ;Hol dir deine Belohnung ab;Recoge tu recompensa;;Riscuoti la tua Ricompensa;Receba sua recompensa;Odbierz nagrodę od Gerlota;Ödülünü Al;
;;;;;;;;;;;
fetchRam;Поручение пьяницы Рама;Ram the Drunkard's Request;飲んだくれのラムの依頼;Aufgabe von Ram dem Trunkenbold;El pedido de Ram, el borracho;;Richiesta di Ram l'Ubriacone;N/A;Prośba pijaka Rama;Ayyaş Ram'ın Talebi;
fetchRam_find;Найти бутылку бренди;Find a Bottle of Brandy;ブランデーのボトルを探せ;Besorge eine Flasche Weinbrand;Consigue una botella de coñac;;Trova una Bottiglia di Brandy;N/A;Znajdź butelkę Brendy;Bir Şişe Konyak Bul;
fetchRam_reward;Вернуться за наградой;Claim Your Reward;報酬を請求しろ;Hol dir deine Belohnung ab;Recoge tu recompensa;;Riscuoti la tua Ricompensa;Receba sua recompensa;Odbierz nagrodę od Rama;Ödülünü Al;
;;;;;;;;;;;
fetchDietrich;Поручение кузнеца Дитриха;Dietrich the Smith's Request;鍛冶屋 ディートリクの依頼;Aufgabe von Dietrich dem Schmied;El pedido de Dietrich, el herrero;;Richiesta di Dietrich il Fabbro;N/A;Prośba kowala Dietricha;Demirci Dietrich'in Talebi;
fetchDietrich_find;Найти слитки железа;Find Iron Ingots;鉄のインゴットを探せ;Besorge Eisenbarren;Consigue lingotes de hierro;;Trova 5 Lingotti di Ferro;N/A;Znajdź sztabki żelaza;Demir Külçeleri Bul;
fetchDietrich_reward;Вернуться за наградой;Claim Your Reward;報酬を請求しろ;Hol dir deine Belohnung ab;Recoge tu recompensa;;Riscuoti la tua Ricompensa;Receba sua recompensa;Odbierz nagrodę od Dietricha;Ödülünü Al;
;;;;;;;;;;;
fetchJebar;Поручение кузнеца Джебара;Jebar the Smith's Request;鍛冶屋 イェバールの依頼;Aufgabe von Jebar dem Schmied;El pedido de Jebar, el herrero;;Richiesta di Jebar il Fabbro;N/A;Prośba kowala Jebara;Demirci Jebar'in Talebi;
fetchJebar_find;Найти старые фальшионы и тесаки;Find Old Falchions and Cleavers;古いファルシオンと包丁を探せ;Besorge alte Falchions und Hackmesser;Consigue bracamartes y cuchillas viejas;;Trovi Vecchi Falcioni e Mannaie;N/A;Znajdź stare szable i tasaki;Eski Pala ve Satırları Bul;
fetchJebar_reward;Вернуться за наградой;Claim Your Reward;報酬を請求しろ;Hol dir deine Belohnung ab;Recoge tu recompensa;;Riscuoti la tua Ricompensa;Receba sua recompensa;Odbierz nagrodę od Jebara;Ödülünü Al;
;;;;;;;;;;;
fetchFried;Поручение травника Фрида;Frid the Herbalist's Request;薬草屋の依頼品を探せ;Aufgabe von Frid dem Kräuterkundingen;El pedido de Frid, el herbolario;;Richiesta di Frid l'Erborista;N/A;Prośba uzdrowiciela Frida;Aktar Frid'in Talebi;
fetchFried_find1;Собрать пучок мяты;Find a Tuft of Spearmint;ハッカを探せ;Besorge ein Büschel Grüne Minze;Consigue un racimo de mentas;;Trova della Menta Piperita;N/A;Znajdź trochę Mięty Pieprzowej;Kıvırcık Nane Demeti Bul;
fetchFried_find2;Собрать пучок репешка;Find a Tuft of Agrimony;キンミズヒキを探せ;Besorge ein Büschel Odermennig;Consigue un racimo de agrimonias;;Trova dell'Agrimonia;N/A;Znajdź trochę Agrymonii;Koyun Otu Demeti Bul;
fetchFried_find3;Собрать пучок подорожника;Find a Tuft of Fleawort;オオバコを探せ;Besorge ein Büschel Breitwegerich;Consigue un racimo de conizas;;Trova dello Psillio;N/A;Znajdź trochę Pobocznika;Sinirli Ot Demeti Bul;
fetchFried_find4;Собрать пучок тимьяна;Find a Tuft of Thyme;タイムを探せ;Besorge ein Büschel Thymian;Consigue un racimo de tomillos;;Trova del Timo;N/A;Znajdź trochę Tymianku;Yabani Kekik Demeti Bul;
fetchFried_reward;Вернуться за наградой;Claim Your Reward;報酬を請求しろ;Hol dir deine Belohnung ab;Recoge tu recompensa;;Riscuoti la tua Ricompensa;Receba sua recompensa;Odbierz nagrodę od Frida;Ödülünü Al;
;;;;;;;;;;;
fetchOrmond;Поручение портного Ормонда;Ormond the Tailor's Request;仕立屋 オルモンドの依頼;Aufgabe von Ormond dem Schneider;El pedido de Ormond, el sastre;;Richiesta di Ormond il Sarto;N/A;Prośba krawca Ormonda;Terzi Ormond'un Talebi;
fetchOrmond_find;Найти медвежью шкуру;Find Bear Pelt;クマの皮を探せ;Besorge Bärenfell;Consigue piel de oso;;Trova una Pelle d'Orso;N/A;Znajdź skórę z niedźwiedzia;Ayı Postu Bul;
fetchOrmond_reward;Вернуться за наградой;Claim Your Reward;報酬を請求しろ;Hol dir deine Belohnung ab;Recoge tu recompensa;;Riscuoti la tua Ricompensa;Receba sua recompensa;Odbierz nagrodę od Ormonda;Ödülünü Al;
;;;;;;;;;;;
;text_end;text_end;text_end;text_end;text_end;text_end;text_end;text_end;text_end;text_end;text_end